"Time_ms","MsgProc","StateAfter","MsgClass","MsgNumber","Var1","Var2","Var3","Var4","Var5","Var6","Var7","Var8","TimeString","MsgText","PLC"
46216655861.9676,2,1,64,149,,,,,,,,,"7/13/2026 3:44:26 PM","Cutting Unit - Cut startet","HMI_Connection_2"
46216655873.5417,2,1,64,150,,,,,,,,,"7/13/2026 3:44:27 PM","Cutting Unit - Cut finished","HMI_Connection_2"
46216655897.1065,2,0,64,149,,,,,,,,,"7/13/2026 3:44:30 PM","Cutting Unit - Cut startet","HMI_Connection_2"
46216655897.1065,2,0,64,150,,,,,,,,,"7/13/2026 3:44:30 PM","Cutting Unit - Cut finished","HMI_Connection_2"
46216655902.8704,2,0,65,2000,"289","290",,,,,,,"7/13/2026 3:44:30 PM","Layer Nr:289 Next Layer Nr : 290  ","<internal>"
46216655908.7153,2,1,64,37,,,,,,,,,"7/13/2026 3:44:31 PM","Wagon waiting for Feeder","HMI_Connection_2"
46216655908.7153,2,1,64,72,,,,,,,,,"7/13/2026 3:44:31 PM","Unwinder Material Tension","HMI_Connection_2"
46216655931.4236,2,1,64,112,,,,,,,,,"7/13/2026 3:44:32 PM","Lowering Pallet","HMI_Connection_2"
46216655943.0093,2,1,64,36,,,,,,,,,"7/13/2026 3:44:33 PM","Wagon to start position","HMI_Connection_2"
46216655943.0093,2,0,64,72,,,,,,,,,"7/13/2026 3:44:33 PM","Unwinder Material Tension","HMI_Connection_2"
46216655966.5625,2,0,64,112,,,,,,,,,"7/13/2026 3:44:36 PM","Lowering Pallet","HMI_Connection_2"
46216655977.7199,2,1,64,74,"289","2",,,,,,,"7/13/2026 3:44:36 PM","Deployment in Progress - Layer Nr. 289 Matt. No.2","HMI_Connection_2"
46216656000.8681,2,0,64,36,,,,,,,,,"7/13/2026 3:44:38 PM","Wagon to start position","HMI_Connection_2"
46216656000.8681,2,0,64,37,,,,,,,,,"7/13/2026 3:44:38 PM","Wagon waiting for Feeder","HMI_Connection_2"
46216656024.0278,2,0,64,74,"289","2",,,,,,,"7/13/2026 3:44:40 PM","Deployment in Progress - Layer Nr. 289 Matt. No.2","HMI_Connection_2"
46216656116.6204,2,1,64,149,,,,,,,,,"7/13/2026 3:44:48 PM","Cutting Unit - Cut startet","HMI_Connection_2"
46216656140.2083,2,1,64,150,,,,,,,,,"7/13/2026 3:44:51 PM","Cutting Unit - Cut finished","HMI_Connection_2"
46216656163.3681,2,0,64,149,,,,,,,,,"7/13/2026 3:44:53 PM","Cutting Unit - Cut startet","HMI_Connection_2"
46216656163.3681,2,0,64,150,,,,,,,,,"7/13/2026 3:44:53 PM","Cutting Unit - Cut finished","HMI_Connection_2"
46216656164.3403,2,1,65,2000,"289","290",,,,,,,"7/13/2026 3:44:53 PM","Layer Nr:289 Next Layer Nr : 290  ","<internal>"
46216656174.838,2,1,64,37,,,,,,,,,"7/13/2026 3:44:54 PM","Wagon waiting for Feeder","HMI_Connection_2"
46216656174.838,2,1,64,72,,,,,,,,,"7/13/2026 3:44:54 PM","Unwinder Material Tension","HMI_Connection_2"
46216656186.0648,2,1,64,112,,,,,,,,,"7/13/2026 3:44:54 PM","Lowering Pallet","HMI_Connection_2"
46216656198.0903,2,1,64,36,,,,,,,,,"7/13/2026 3:44:56 PM","Wagon to start position","HMI_Connection_2"
46216656198.0903,2,0,64,37,,,,,,,,,"7/13/2026 3:44:56 PM","Wagon waiting for Feeder","HMI_Connection_2"
46216656198.0903,2,0,64,72,,,,,,,,,"7/13/2026 3:44:56 PM","Unwinder Material Tension","HMI_Connection_2"
46216656198.0903,2,1,64,132,,,,,,,,,"7/13/2026 3:44:56 PM","Feeder material to start position","HMI_Connection_2"
46216656232.3727,2,0,64,36,,,,,,,,,"7/13/2026 3:44:58 PM","Wagon to start position","HMI_Connection_2"
46216656232.3727,2,0,64,112,,,,,,,,,"7/13/2026 3:44:58 PM","Lowering Pallet","HMI_Connection_2"
46216656232.3727,2,0,64,132,,,,,,,,,"7/13/2026 3:44:58 PM","Feeder material to start position","HMI_Connection_2"
46216656232.3727,2,1,64,74,"290","1",,,,,,,"7/13/2026 3:44:58 PM","Deployment in Progress - Layer Nr. 290 Matt. No.1","HMI_Connection_2"
46216656255.5093,2,0,64,74,"290","1",,,,,,,"7/13/2026 3:45:00 PM","Deployment in Progress - Layer Nr. 290 Matt. No.1","HMI_Connection_2"
46216656371.2731,2,1,64,149,,,,,,,,,"7/13/2026 3:45:10 PM","Cutting Unit - Cut startet","HMI_Connection_2"
46216656382.8357,2,1,64,150,,,,,,,,,"7/13/2026 3:45:11 PM","Cutting Unit - Cut finished","HMI_Connection_2"
46216656406.4005,2,0,64,149,,,,,,,,,"7/13/2026 3:45:14 PM","Cutting Unit - Cut startet","HMI_Connection_2"
46216656406.4005,2,0,64,150,,,,,,,,,"7/13/2026 3:45:14 PM","Cutting Unit - Cut finished","HMI_Connection_2"
46216656452.6736,2,1,64,125,,,,,,,,,"7/13/2026 3:45:18 PM","EndLayer finished","HMI_Connection_2"
46216656487.0023,2,0,64,125,,,,,,,,,"7/13/2026 3:45:20 PM","EndLayer finished","HMI_Connection_2"
46216658557.7199,2,1,65,1017,,,,,,,,,"7/13/2026 3:48:19 PM",,"<internal>"
46216673146.5972,2,0,65,1017,,,,,,,,,"7/13/2026 4:09:20 PM",,"<internal>"
46216673191.6898,2,0,65,1022,,,,,,,,,"7/13/2026 4:09:24 PM",,"<internal>"
46216673224.0856,2,0,65,1006,,,,,,,,,"7/13/2026 4:09:27 PM","Start","<internal>"
46216673399.4097,2,1,65,1006,,,,,,,,,"7/13/2026 4:09:42 PM","Start","<internal>"
46216673442.0486,2,1,65,1003,"0",,,,,,,,"7/13/2026 4:09:45 PM","Start layer - Nr: 0","<internal>"
46216673449.9769,2,0,65,2000,"682","683",,,,,,,"7/13/2026 4:09:46 PM","Layer Nr:682 Next Layer Nr : 683  ","<internal>"
46216673455.7639,2,1,64,73,,,,,,,,,"7/13/2026 4:09:47 PM","+A11.G4: Waiting for Pallet out","HMI_Connection_2"
46216673467.338,2,1,64,43,,,,,,,,,"7/13/2026 4:09:48 PM","+A11.G4: Waiting for Pallet","HMI_Connection_2"
46216673467.338,2,0,64,73,,,,,,,,,"7/13/2026 4:09:48 PM","+A11.G4: Waiting for Pallet out","HMI_Connection_2"
46216673513.6458,2,0,64,43,,,,,,,,,"7/13/2026 4:09:52 PM","+A11.G4: Waiting for Pallet","HMI_Connection_2"
46216673757.6389,2,1,64,36,,,,,,,,,"7/13/2026 4:10:13 PM","Wagon to start position","HMI_Connection_2"
46216673757.6389,2,1,64,37,,,,,,,,,"7/13/2026 4:10:13 PM","Wagon waiting for Feeder","HMI_Connection_2"
46216673757.6389,2,1,64,72,,,,,,,,,"7/13/2026 4:10:13 PM","Unwinder Material Tension","HMI_Connection_2"
46216673757.6505,2,1,64,132,,,,,,,,,"7/13/2026 4:10:13 PM","Feeder material to start position","HMI_Connection_2"
46216673780.6944,2,0,64,37,,,,,,,,,"7/13/2026 4:10:15 PM","Wagon waiting for Feeder","HMI_Connection_2"
46216673780.6944,2,0,64,72,,,,,,,,,"7/13/2026 4:10:15 PM","Unwinder Material Tension","HMI_Connection_2"
46216673791.875,2,0,64,132,,,,,,,,,"7/13/2026 4:10:16 PM","Feeder material to start position","HMI_Connection_2"
46216673803.0093,2,1,64,37,,,,,,,,,"7/13/2026 4:10:17 PM","Wagon waiting for Feeder","HMI_Connection_2"
46216673803.0093,2,1,64,74,"682","241",,,,,,,"7/13/2026 4:10:17 PM","Deployment in Progress - Layer Nr. 682 Matt. No.241","HMI_Connection_2"
46216673814.5833,2,0,64,36,,,,,,,,,"7/13/2026 4:10:18 PM","Wagon to start position","HMI_Connection_2"
46216673849.3171,2,0,64,37,,,,,,,,,"7/13/2026 4:10:21 PM","Wagon waiting for Feeder","HMI_Connection_2"
46216673849.3171,2,0,64,74,"682","241",,,,,,,"7/13/2026 4:10:21 PM","Deployment in Progress - Layer Nr. 682 Matt. No.241","HMI_Connection_2"
46216673907.1991,2,1,64,149,,,,,,,,,"7/13/2026 4:10:26 PM","Cutting Unit - Cut startet","HMI_Connection_2"
46216673930.3472,2,1,64,150,,,,,,,,,"7/13/2026 4:10:28 PM","Cutting Unit - Cut finished","HMI_Connection_2"
46216673953.9352,2,0,64,149,,,,,,,,,"7/13/2026 4:10:30 PM","Cutting Unit - Cut startet","HMI_Connection_2"
46216673953.9352,2,0,64,150,,,,,,,,,"7/13/2026 4:10:30 PM","Cutting Unit - Cut finished","HMI_Connection_2"
46216673954.9074,2,1,65,2000,"682","683",,,,,,,"7/13/2026 4:10:30 PM","Layer Nr:682 Next Layer Nr : 683  ","<internal>"
46216673965.8796,2,1,64,36,,,,,,,,,"7/13/2026 4:10:31 PM","Wagon to start position","HMI_Connection_2"
46216673965.8796,2,1,64,37,,,,,,,,,"7/13/2026 4:10:31 PM","Wagon waiting for Feeder","HMI_Connection_2"
46216673965.8796,2,1,64,72,,,,,,,,,"7/13/2026 4:10:31 PM","Unwinder Material Tension","HMI_Connection_2"
46216673988.6574,2,0,64,37,,,,,,,,,"7/13/2026 4:10:33 PM","Wagon waiting for Feeder","HMI_Connection_2"
46216673988.6574,2,0,64,72,,,,,,,,,"7/13/2026 4:10:33 PM","Unwinder Material Tension","HMI_Connection_2"
46216674011.3773,2,1,64,74,"683","240",,,,,,,"7/13/2026 4:10:35 PM","Deployment in Progress - Layer Nr. 683 Matt. No.240","HMI_Connection_2"
46216674022.9398,2,0,64,36,,,,,,,,,"7/13/2026 4:10:36 PM","Wagon to start position","HMI_Connection_2"
46216674046.0995,2,0,64,74,"683","240",,,,,,,"7/13/2026 4:10:38 PM","Deployment in Progress - Layer Nr. 683 Matt. No.240","HMI_Connection_2"
46216674069.2245,2,1,64,149,,,,,,,,,"7/13/2026 4:10:40 PM","Cutting Unit - Cut startet","HMI_Connection_2"
46216674080.8218,2,1,64,150,,,,,,,,,"7/13/2026 4:10:41 PM","Cutting Unit - Cut finished","HMI_Connection_2"
46216674104.3866,2,0,64,149,,,,,,,,,"7/13/2026 4:10:43 PM","Cutting Unit - Cut startet","HMI_Connection_2"
46216674104.3866,2,0,64,150,,,,,,,,,"7/13/2026 4:10:43 PM","Cutting Unit - Cut finished","HMI_Connection_2"
46216674105.3472,2,0,65,2000,"684","685",,,,,,,"7/13/2026 4:10:43 PM","Layer Nr:684 Next Layer Nr : 685  ","<internal>"
46216674115.9838,2,1,64,37,,,,,,,,,"7/13/2026 4:10:44 PM","Wagon waiting for Feeder","HMI_Connection_2"
46216674115.9838,2,1,64,72,,,,,,,,,"7/13/2026 4:10:44 PM","Unwinder Material Tension","HMI_Connection_2"
46216674127.5116,2,1,64,36,,,,,,,,,"7/13/2026 4:10:45 PM","Wagon to start position","HMI_Connection_2"
46216674127.5116,2,1,64,112,,,,,,,,,"7/13/2026 4:10:45 PM","Lowering Pallet","HMI_Connection_2"
46216674127.5116,2,1,64,132,,,,,,,,,"7/13/2026 4:10:45 PM","Feeder material to start position","HMI_Connection_2"
46216674139.1088,2,0,64,37,,,,,,,,,"7/13/2026 4:10:46 PM","Wagon waiting for Feeder","HMI_Connection_2"
46216674139.1088,2,0,64,72,,,,,,,,,"7/13/2026 4:10:46 PM","Unwinder Material Tension","HMI_Connection_2"
46216674161.8519,2,0,64,132,,,,,,,,,"7/13/2026 4:10:48 PM","Feeder material to start position","HMI_Connection_2"
46216674161.8519,2,1,64,74,"684","239",,,,,,,"7/13/2026 4:10:48 PM","Deployment in Progress - Layer Nr. 684 Matt. No.239","HMI_Connection_2"
46216674173.4144,2,0,64,36,,,,,,,,,"7/13/2026 4:10:49 PM","Wagon to start position","HMI_Connection_2"
46216674173.4144,2,0,64,112,,,,,,,,,"7/13/2026 4:10:49 PM","Lowering Pallet","HMI_Connection_2"
46216674196.5625,2,0,64,74,"684","239",,,,,,,"7/13/2026 4:10:51 PM","Deployment in Progress - Layer Nr. 684 Matt. No.239","HMI_Connection_2"
46216674242.8588,2,1,64,149,,,,,,,,,"7/13/2026 4:10:55 PM","Cutting Unit - Cut startet","HMI_Connection_2"
46216674266.4352,2,1,64,150,,,,,,,,,"7/13/2026 4:10:57 PM","Cutting Unit - Cut finished","HMI_Connection_2"
46216674289.5949,2,0,64,149,,,,,,,,,"7/13/2026 4:10:59 PM","Cutting Unit - Cut startet","HMI_Connection_2"
46216674289.5949,2,0,64,150,,,,,,,,,"7/13/2026 4:10:59 PM","Cutting Unit - Cut finished","HMI_Connection_2"
46216674290.5671,2,1,65,2000,"684","685",,,,,,,"7/13/2026 4:10:59 PM","Layer Nr:684 Next Layer Nr : 685  ","<internal>"
46216674301.6088,2,1,64,36,,,,,,,,,"7/13/2026 4:11:00 PM","Wagon to start position","HMI_Connection_2"
46216674301.6088,2,1,64,37,,,,,,,,,"7/13/2026 4:11:00 PM","Wagon waiting for Feeder","HMI_Connection_2"
46216674301.6088,2,1,64,72,,,,,,,,,"7/13/2026 4:11:00 PM","Unwinder Material Tension","HMI_Connection_2"
46216674324.3287,2,0,64,37,,,,,,,,,"7/13/2026 4:11:02 PM","Wagon waiting for Feeder","HMI_Connection_2"
46216674324.3287,2,0,64,72,,,,,,,,,"7/13/2026 4:11:02 PM","Unwinder Material Tension","HMI_Connection_2"
46216674347.0486,2,1,64,74,"685","238",,,,,,,"7/13/2026 4:11:04 PM","Deployment in Progress - Layer Nr. 685 Matt. No.238","HMI_Connection_2"
46216674358.6227,2,0,64,36,,,,,,,,,"7/13/2026 4:11:05 PM","Wagon to start position","HMI_Connection_2"
46216674381.7708,2,0,64,74,"685","238",,,,,,,"7/13/2026 4:11:07 PM","Deployment in Progress - Layer Nr. 685 Matt. No.238","HMI_Connection_2"
46216674428.0787,2,1,64,149,,,,,,,,,"7/13/2026 4:11:11 PM","Cutting Unit - Cut startet","HMI_Connection_2"
46216674439.6528,2,1,64,150,,,,,,,,,"7/13/2026 4:11:12 PM","Cutting Unit - Cut finished","HMI_Connection_2"
46216674463.206,2,0,64,149,,,,,,,,,"7/13/2026 4:11:14 PM","Cutting Unit - Cut startet","HMI_Connection_2"
46216674463.206,2,0,64,150,,,,,,,,,"7/13/2026 4:11:14 PM","Cutting Unit - Cut finished","HMI_Connection_2"
46216674475.6713,2,0,65,2000,"686","687",,,,,,,"7/13/2026 4:11:15 PM","Layer Nr:686 Next Layer Nr : 687  ","<internal>"
46216674485.9954,2,1,64,37,,,,,,,,,"7/13/2026 4:11:16 PM","Wagon waiting for Feeder","HMI_Connection_2"
46216674485.9954,2,1,64,72,,,,,,,,,"7/13/2026 4:11:16 PM","Unwinder Material Tension","HMI_Connection_2"
46216674497.5116,2,1,64,112,,,,,,,,,"7/13/2026 4:11:17 PM","Lowering Pallet","HMI_Connection_2"
46216674509.4907,2,1,64,36,,,,,,,,,"7/13/2026 4:11:18 PM","Wagon to start position","HMI_Connection_2"
46216674509.4907,2,0,64,37,,,,,,,,,"7/13/2026 4:11:18 PM","Wagon waiting for Feeder","HMI_Connection_2"
46216674509.4907,2,0,64,72,,,,,,,,,"7/13/2026 4:11:18 PM","Unwinder Material Tension","HMI_Connection_2"
46216674509.4907,2,1,64,132,,,,,,,,,"7/13/2026 4:11:18 PM","Feeder material to start position","HMI_Connection_2"
46216674532.2454,2,0,64,132,,,,,,,,,"7/13/2026 4:11:20 PM","Feeder material to start position","HMI_Connection_2"
46216674532.2454,2,1,64,74,"686","237",,,,,,,"7/13/2026 4:11:20 PM","Deployment in Progress - Layer Nr. 686 Matt. No.237","HMI_Connection_2"
46216674543.831,2,0,64,36,,,,,,,,,"7/13/2026 4:11:21 PM","Wagon to start position","HMI_Connection_2"
46216674543.831,2,0,64,112,,,,,,,,,"7/13/2026 4:11:21 PM","Lowering Pallet","HMI_Connection_2"
46216674566.9676,2,0,64,74,"686","237",,,,,,,"7/13/2026 4:11:23 PM","Deployment in Progress - Layer Nr. 686 Matt. No.237","HMI_Connection_2"
46216674636.412,2,1,64,149,,,,,,,,,"7/13/2026 4:11:29 PM","Cutting Unit - Cut startet","HMI_Connection_2"
46216674660.0231,2,1,64,150,,,,,,,,,"7/13/2026 4:11:31 PM","Cutting Unit - Cut finished","HMI_Connection_2"
46216674677.2106,2,1,65,2000,"686","687",,,,,,,"7/13/2026 4:11:32 PM","Layer Nr:686 Next Layer Nr : 687  ","<internal>"
46216674683.1134,2,0,64,149,,,,,,,,,"7/13/2026 4:11:33 PM","Cutting Unit - Cut startet","HMI_Connection_2"
46216674683.1134,2,0,64,150,,,,,,,,,"7/13/2026 4:11:33 PM","Cutting Unit - Cut finished","HMI_Connection_2"
46216674683.1134,2,1,64,37,,,,,,,,,"7/13/2026 4:11:33 PM","Wagon waiting for Feeder","HMI_Connection_2"
46216674683.1134,2,1,64,72,,,,,,,,,"7/13/2026 4:11:33 PM","Unwinder Material Tension","HMI_Connection_2"
46216674695.162,2,1,64,36,,,,,,,,,"7/13/2026 4:11:34 PM","Wagon to start position","HMI_Connection_2"
46216674717.8356,2,0,64,37,,,,,,,,,"7/13/2026 4:11:36 PM","Wagon waiting for Feeder","HMI_Connection_2"
46216674717.8356,2,0,64,72,,,,,,,,,"7/13/2026 4:11:36 PM","Unwinder Material Tension","HMI_Connection_2"
46216674729.0046,2,1,64,74,"687","236",,,,,,,"7/13/2026 4:11:37 PM","Deployment in Progress - Layer Nr. 687 Matt. No.236","HMI_Connection_2"
46216674752.1759,2,0,64,36,,,,,,,,,"7/13/2026 4:11:39 PM","Wagon to start position","HMI_Connection_2"
46216674775.3241,2,0,64,74,"687","236",,,,,,,"7/13/2026 4:11:41 PM","Deployment in Progress - Layer Nr. 687 Matt. No.236","HMI_Connection_2"
46216674833.1829,2,1,64,149,,,,,,,,,"7/13/2026 4:11:46 PM","Cutting Unit - Cut startet","HMI_Connection_2"
46216674844.757,2,1,64,150,,,,,,,,,"7/13/2026 4:11:47 PM","Cutting Unit - Cut finished","HMI_Connection_2"
46216674868.3218,2,0,64,149,,,,,,,,,"7/13/2026 4:11:49 PM","Cutting Unit - Cut startet","HMI_Connection_2"
46216674868.3218,2,0,64,150,,,,,,,,,"7/13/2026 4:11:49 PM","Cutting Unit - Cut finished","HMI_Connection_2"
46216674869.4445,2,0,65,2000,"688","689",,,,,,,"7/13/2026 4:11:49 PM","Layer Nr:688 Next Layer Nr : 689  ","<internal>"
46216674879.919,2,1,64,37,,,,,,,,,"7/13/2026 4:11:50 PM","Wagon waiting for Feeder","HMI_Connection_2"
46216674879.919,2,1,64,72,,,,,,,,,"7/13/2026 4:11:50 PM","Unwinder Material Tension","HMI_Connection_2"
46216674891.0532,2,1,64,112,,,,,,,,,"7/13/2026 4:11:51 PM","Lowering Pallet","HMI_Connection_2"
46216674903.044,2,1,64,36,,,,,,,,,"7/13/2026 4:11:52 PM","Wagon to start position","HMI_Connection_2"
46216674903.044,2,0,64,37,,,,,,,,,"7/13/2026 4:11:52 PM","Wagon waiting for Feeder","HMI_Connection_2"
46216674903.044,2,0,64,72,,,,,,,,,"7/13/2026 4:11:52 PM","Unwinder Material Tension","HMI_Connection_2"
46216674903.044,2,1,64,132,,,,,,,,,"7/13/2026 4:11:52 PM","Feeder material to start position","HMI_Connection_2"
46216674925.7986,2,0,64,132,,,,,,,,,"7/13/2026 4:11:54 PM","Feeder material to start position","HMI_Connection_2"
46216674937.3843,2,0,64,36,,,,,,,,,"7/13/2026 4:11:55 PM","Wagon to start position","HMI_Connection_2"
46216674937.3843,2,0,64,112,,,,,,,,,"7/13/2026 4:11:55 PM","Lowering Pallet","HMI_Connection_2"
46216674937.3843,2,1,64,74,"688","235",,,,,,,"7/13/2026 4:11:55 PM","Deployment in Progress - Layer Nr. 688 Matt. No.235","HMI_Connection_2"
46216674960.5208,2,0,64,74,"688","235",,,,,,,"7/13/2026 4:11:57 PM","Deployment in Progress - Layer Nr. 688 Matt. No.235","HMI_Connection_2"
46216675041.5509,2,1,64,149,,,,,,,,,"7/13/2026 4:12:04 PM","Cutting Unit - Cut startet","HMI_Connection_2"
46216675065.1042,2,1,64,150,,,,,,,,,"7/13/2026 4:12:06 PM","Cutting Unit - Cut finished","HMI_Connection_2"
46216675082.4884,2,1,65,2000,"689","690",,,,,,,"7/13/2026 4:12:07 PM","Layer Nr:689 Next Layer Nr : 690  ","<internal>"
46216675088.2639,2,0,64,149,,,,,,,,,"7/13/2026 4:12:08 PM","Cutting Unit - Cut startet","HMI_Connection_2"
46216675088.2639,2,0,64,150,,,,,,,,,"7/13/2026 4:12:08 PM","Cutting Unit - Cut finished","HMI_Connection_2"
46216675088.2639,2,1,64,37,,,,,,,,,"7/13/2026 4:12:08 PM","Wagon waiting for Feeder","HMI_Connection_2"
46216675088.2639,2,1,64,72,,,,,,,,,"7/13/2026 4:12:08 PM","Unwinder Material Tension","HMI_Connection_2"
46216675099.8148,2,1,64,36,,,,,,,,,"7/13/2026 4:12:09 PM","Wagon to start position","HMI_Connection_2"
46216675123.0093,2,0,64,37,,,,,,,,,"7/13/2026 4:12:11 PM","Wagon waiting for Feeder","HMI_Connection_2"
46216675123.0093,2,0,64,72,,,,,,,,,"7/13/2026 4:12:11 PM","Unwinder Material Tension","HMI_Connection_2"
46216675134.1435,2,1,64,74,"689","234",,,,,,,"7/13/2026 4:12:12 PM","Deployment in Progress - Layer Nr. 689 Matt. No.234","HMI_Connection_2"
46216675145.7292,2,0,64,36,,,,,,,,,"7/13/2026 4:12:13 PM","Wagon to start position","HMI_Connection_2"
46216675180.4514,2,0,64,74,"689","234",,,,,,,"7/13/2026 4:12:16 PM","Deployment in Progress - Layer Nr. 689 Matt. No.234","HMI_Connection_2"
46216675203.5995,2,1,64,149,,,,,,,,,"7/13/2026 4:12:18 PM","Cutting Unit - Cut startet","HMI_Connection_2"
46216675227.1875,2,1,64,150,,,,,,,,,"7/13/2026 4:12:20 PM","Cutting Unit - Cut finished","HMI_Connection_2"
46216675250.1389,2,0,64,149,,,,,,,,,"7/13/2026 4:12:22 PM","Cutting Unit - Cut startet","HMI_Connection_2"
46216675250.1389,2,0,64,150,,,,,,,,,"7/13/2026 4:12:22 PM","Cutting Unit - Cut finished","HMI_Connection_2"
46216675251.1111,2,0,65,2000,"689","690",,,,,,,"7/13/2026 4:12:22 PM","Layer Nr:689 Next Layer Nr : 690  ","<internal>"
46216675261.875,2,1,64,37,,,,,,,,,"7/13/2026 4:12:23 PM","Wagon waiting for Feeder","HMI_Connection_2"
46216675261.875,2,1,64,72,,,,,,,,,"7/13/2026 4:12:23 PM","Unwinder Material Tension","HMI_Connection_2"
46216675273.0324,2,1,64,112,,,,,,,,,"7/13/2026 4:12:24 PM","Lowering Pallet","HMI_Connection_2"
46216675285,2,1,64,36,,,,,,,,,"7/13/2026 4:12:25 PM","Wagon to start position","HMI_Connection_2"
46216675285,2,1,64,132,,,,,,,,,"7/13/2026 4:12:25 PM","Feeder material to start position","HMI_Connection_2"
46216675296.5972,2,0,64,37,,,,,,,,,"7/13/2026 4:12:26 PM","Wagon waiting for Feeder","HMI_Connection_2"
46216675296.5972,2,0,64,72,,,,,,,,,"7/13/2026 4:12:26 PM","Unwinder Material Tension","HMI_Connection_2"
46216675307.7546,2,0,64,132,,,,,,,,,"7/13/2026 4:12:27 PM","Feeder material to start position","HMI_Connection_2"
46216675319.3403,2,0,64,36,,,,,,,,,"7/13/2026 4:12:28 PM","Wagon to start position","HMI_Connection_2"
46216675319.3403,2,0,64,112,,,,,,,,,"7/13/2026 4:12:28 PM","Lowering Pallet","HMI_Connection_2"
46216675319.3403,2,1,64,74,"690","233",,,,,,,"7/13/2026 4:12:28 PM","Deployment in Progress - Layer Nr. 690 Matt. No.233","HMI_Connection_2"
46216675354.0741,2,0,64,74,"690","233",,,,,,,"7/13/2026 4:12:31 PM","Deployment in Progress - Layer Nr. 690 Matt. No.233","HMI_Connection_2"
46216675388.7731,2,1,64,149,,,,,,,,,"7/13/2026 4:12:34 PM","Cutting Unit - Cut startet","HMI_Connection_2"
46216675412.3264,2,1,64,150,,,,,,,,,"7/13/2026 4:12:36 PM","Cutting Unit - Cut finished","HMI_Connection_2"
46216675429.7338,2,1,65,2000,"691","692",,,,,,,"7/13/2026 4:12:37 PM","Layer Nr:691 Next Layer Nr : 692  ","<internal>"
46216675435.4977,2,0,64,149,,,,,,,,,"7/13/2026 4:12:38 PM","Cutting Unit - Cut startet","HMI_Connection_2"
46216675435.4977,2,0,64,150,,,,,,,,,"7/13/2026 4:12:38 PM","Cutting Unit - Cut finished","HMI_Connection_2"
46216675435.4977,2,1,64,37,,,,,,,,,"7/13/2026 4:12:38 PM","Wagon waiting for Feeder","HMI_Connection_2"
46216675435.4977,2,1,64,72,,,,,,,,,"7/13/2026 4:12:38 PM","Unwinder Material Tension","HMI_Connection_2"
46216675447.0486,2,1,64,36,,,,,,,,,"7/13/2026 4:12:39 PM","Wagon to start position","HMI_Connection_2"
46216675470.2431,2,0,64,37,,,,,,,,,"7/13/2026 4:12:41 PM","Wagon waiting for Feeder","HMI_Connection_2"
46216675470.2431,2,0,64,72,,,,,,,,,"7/13/2026 4:12:41 PM","Unwinder Material Tension","HMI_Connection_2"
46216675481.3773,2,1,64,74,"691","232",,,,,,,"7/13/2026 4:12:42 PM","Deployment in Progress - Layer Nr. 691 Matt. No.232","HMI_Connection_2"
46216675504.537,2,0,64,36,,,,,,,,,"7/13/2026 4:12:44 PM","Wagon to start position","HMI_Connection_2"
46216675527.6736,2,0,64,74,"691","232",,,,,,,"7/13/2026 4:12:46 PM","Deployment in Progress - Layer Nr. 691 Matt. No.232","HMI_Connection_2"
46216675550.8333,2,1,64,149,,,,,,,,,"7/13/2026 4:12:48 PM","Cutting Unit - Cut startet","HMI_Connection_2"
46216675573.9931,2,1,64,150,,,,,,,,,"7/13/2026 4:12:50 PM","Cutting Unit - Cut finished","HMI_Connection_2"
46216675597.5463,2,0,64,149,,,,,,,,,"7/13/2026 4:12:52 PM","Cutting Unit - Cut startet","HMI_Connection_2"
46216675597.5463,2,0,64,150,,,,,,,,,"7/13/2026 4:12:52 PM","Cutting Unit - Cut finished","HMI_Connection_2"
46216675609.1088,2,1,64,37,,,,,,,,,"7/13/2026 4:12:53 PM","Wagon waiting for Feeder","HMI_Connection_2"
46216675609.1088,2,1,64,72,,,,,,,,,"7/13/2026 4:12:53 PM","Unwinder Material Tension","HMI_Connection_2"
46216675610.081,2,0,65,2000,"692","693",,,,,,,"7/13/2026 4:12:53 PM","Layer Nr:692 Next Layer Nr : 693  ","<internal>"
46216675632.3032,2,1,64,36,,,,,,,,,"7/13/2026 4:12:55 PM","Wagon to start position","HMI_Connection_2"
46216675632.3032,2,1,64,112,,,,,,,,,"7/13/2026 4:12:55 PM","Lowering Pallet","HMI_Connection_2"
46216675632.3032,2,1,64,132,,,,,,,,,"7/13/2026 4:12:55 PM","Feeder material to start position","HMI_Connection_2"
46216675643.831,2,0,64,37,,,,,,,,,"7/13/2026 4:12:56 PM","Wagon waiting for Feeder","HMI_Connection_2"
46216675643.831,2,0,64,72,,,,,,,,,"7/13/2026 4:12:56 PM","Unwinder Material Tension","HMI_Connection_2"
46216675666.5741,2,0,64,132,,,,,,,,,"7/13/2026 4:12:58 PM","Feeder material to start position","HMI_Connection_2"
46216675666.5741,2,1,64,74,"692","231",,,,,,,"7/13/2026 4:12:58 PM","Deployment in Progress - Layer Nr. 692 Matt. No.231","HMI_Connection_2"
46216675678.1597,2,0,64,36,,,,,,,,,"7/13/2026 4:12:59 PM","Wagon to start position","HMI_Connection_2"
46216675678.1597,2,0,64,112,,,,,,,,,"7/13/2026 4:12:59 PM","Lowering Pallet","HMI_Connection_2"
46216675701.3079,2,0,64,74,"692","231",,,,,,,"7/13/2026 4:13:01 PM","Deployment in Progress - Layer Nr. 692 Matt. No.231","HMI_Connection_2"
46216675770.7523,2,1,64,149,,,,,,,,,"7/13/2026 4:13:07 PM","Cutting Unit - Cut startet","HMI_Connection_2"
46216675782.3264,2,1,64,150,,,,,,,,,"7/13/2026 4:13:08 PM","Cutting Unit - Cut finished","HMI_Connection_2"
46216675805.9144,2,0,64,149,,,,,,,,,"7/13/2026 4:13:10 PM","Cutting Unit - Cut startet","HMI_Connection_2"
46216675805.9144,2,0,64,150,,,,,,,,,"7/13/2026 4:13:10 PM","Cutting Unit - Cut finished","HMI_Connection_2"
46216675811.6204,2,1,65,2000,"693","694",,,,,,,"7/13/2026 4:13:10 PM","Layer Nr:693 Next Layer Nr : 694  ","<internal>"
46216675817.4421,2,1,64,37,,,,,,,,,"7/13/2026 4:13:11 PM","Wagon waiting for Feeder","HMI_Connection_2"
46216675817.4421,2,1,64,72,,,,,,,,,"7/13/2026 4:13:11 PM","Unwinder Material Tension","HMI_Connection_2"
46216675829.0393,2,1,64,36,,,,,,,,,"7/13/2026 4:13:12 PM","Wagon to start position","HMI_Connection_2"
46216675852.0949,2,0,64,37,,,,,,,,,"7/13/2026 4:13:14 PM","Wagon waiting for Feeder","HMI_Connection_2"
46216675852.0949,2,0,64,72,,,,,,,,,"7/13/2026 4:13:14 PM","Unwinder Material Tension","HMI_Connection_2"
46216675863.3565,2,1,64,74,"693","230",,,,,,,"7/13/2026 4:13:15 PM","Deployment in Progress - Layer Nr. 693 Matt. No.230","HMI_Connection_2"
46216675874.9306,2,0,64,36,,,,,,,,,"7/13/2026 4:13:16 PM","Wagon to start position","HMI_Connection_2"
46216675909.6412,2,0,64,74,"693","230",,,,,,,"7/13/2026 4:13:19 PM","Deployment in Progress - Layer Nr. 693 Matt. No.230","HMI_Connection_2"
46216675979.0972,2,1,64,149,,,,,,,,,"7/13/2026 4:13:25 PM","Cutting Unit - Cut startet","HMI_Connection_2"
46216676002.662,2,1,64,150,,,,,,,,,"7/13/2026 4:13:27 PM","Cutting Unit - Cut finished","HMI_Connection_2"
46216676019.9769,2,0,65,2000,"693","694",,,,,,,"7/13/2026 4:13:28 PM","Layer Nr:693 Next Layer Nr : 694  ","<internal>"
46216676025.8102,2,0,64,149,,,,,,,,,"7/13/2026 4:13:29 PM","Cutting Unit - Cut startet","HMI_Connection_2"
46216676025.8102,2,0,64,150,,,,,,,,,"7/13/2026 4:13:29 PM","Cutting Unit - Cut finished","HMI_Connection_2"
46216676025.8218,2,1,64,37,,,,,,,,,"7/13/2026 4:13:29 PM","Wagon waiting for Feeder","HMI_Connection_2"
46216676025.8218,2,1,64,72,,,,,,,,,"7/13/2026 4:13:29 PM","Unwinder Material Tension","HMI_Connection_2"
46216676048.5417,2,1,64,112,,,,,,,,,"7/13/2026 4:13:31 PM","Lowering Pallet","HMI_Connection_2"
46216676060.1042,2,0,64,37,,,,,,,,,"7/13/2026 4:13:32 PM","Wagon waiting for Feeder","HMI_Connection_2"
46216676060.1042,2,0,64,72,,,,,,,,,"7/13/2026 4:13:32 PM","Unwinder Material Tension","HMI_Connection_2"
46216676072.1296,2,1,64,36,,,,,,,,,"7/13/2026 4:13:33 PM","Wagon to start position","HMI_Connection_2"
46216676072.1296,2,1,64,37,,,,,,,,,"7/13/2026 4:13:33 PM","Wagon waiting for Feeder","HMI_Connection_2"
46216676072.1296,2,1,64,132,,,,,,,,,"7/13/2026 4:13:33 PM","Feeder material to start position","HMI_Connection_2"
46216676083.6574,2,0,64,112,,,,,,,,,"7/13/2026 4:13:34 PM","Lowering Pallet","HMI_Connection_2"
46216676094.838,2,0,64,132,,,,,,,,,"7/13/2026 4:13:35 PM","Feeder material to start position","HMI_Connection_2"
46216676106.4236,2,1,64,74,"694","229",,,,,,,"7/13/2026 4:13:36 PM","Deployment in Progress - Layer Nr. 694 Matt. No.229","HMI_Connection_2"
46216676117.9861,2,0,64,36,,,,,,,,,"7/13/2026 4:13:37 PM","Wagon to start position","HMI_Connection_2"
46216676117.9861,2,0,64,37,,,,,,,,,"7/13/2026 4:13:37 PM","Wagon waiting for Feeder","HMI_Connection_2"
46216676141.1574,2,0,64,74,"694","229",,,,,,,"7/13/2026 4:13:39 PM","Deployment in Progress - Layer Nr. 694 Matt. No.229","HMI_Connection_2"
46216676210.6019,2,1,64,149,,,,,,,,,"7/13/2026 4:13:45 PM","Cutting Unit - Cut startet","HMI_Connection_2"
46216676234.1898,2,1,64,150,,,,,,,,,"7/13/2026 4:13:47 PM","Cutting Unit - Cut finished","HMI_Connection_2"
46216676245.7523,2,0,64,149,,,,,,,,,"7/13/2026 4:13:48 PM","Cutting Unit - Cut startet","HMI_Connection_2"
46216676245.7523,2,0,64,150,,,,,,,,,"7/13/2026 4:13:48 PM","Cutting Unit - Cut finished","HMI_Connection_2"
46216676246.7245,2,1,65,2000,"694","695",,,,,,,"7/13/2026 4:13:48 PM","Layer Nr:694 Next Layer Nr : 695  ","<internal>"
46216676257.4884,2,1,64,36,,,,,,,,,"7/13/2026 4:13:49 PM","Wagon to start position","HMI_Connection_2"
46216676257.4884,2,1,64,37,,,,,,,,,"7/13/2026 4:13:49 PM","Wagon waiting for Feeder","HMI_Connection_2"
46216676257.4884,2,1,64,72,,,,,,,,,"7/13/2026 4:13:49 PM","Unwinder Material Tension","HMI_Connection_2"
46216676280.4745,2,0,64,37,,,,,,,,,"7/13/2026 4:13:51 PM","Wagon waiting for Feeder","HMI_Connection_2"
46216676280.4745,2,0,64,72,,,,,,,,,"7/13/2026 4:13:51 PM","Unwinder Material Tension","HMI_Connection_2"
46216676303.1944,2,1,64,74,"695","228",,,,,,,"7/13/2026 4:13:53 PM","Deployment in Progress - Layer Nr. 695 Matt. No.228","HMI_Connection_2"
46216676314.7685,2,0,64,36,,,,,,,,,"7/13/2026 4:13:54 PM","Wagon to start position","HMI_Connection_2"
46216676337.9167,2,0,64,74,"695","228",,,,,,,"7/13/2026 4:13:56 PM","Deployment in Progress - Layer Nr. 695 Matt. No.228","HMI_Connection_2"
46216676395.7986,2,1,64,149,,,,,,,,,"7/13/2026 4:14:01 PM","Cutting Unit - Cut startet","HMI_Connection_2"
46216676418.9352,2,1,64,150,,,,,,,,,"7/13/2026 4:14:03 PM","Cutting Unit - Cut finished","HMI_Connection_2"
46216676442.4884,2,0,64,149,,,,,,,,,"7/13/2026 4:14:05 PM","Cutting Unit - Cut startet","HMI_Connection_2"
46216676442.4884,2,0,64,150,,,,,,,,,"7/13/2026 4:14:05 PM","Cutting Unit - Cut finished","HMI_Connection_2"
46216676448.3218,2,0,65,2000,"696","697",,,,,,,"7/13/2026 4:14:05 PM","Layer Nr:696 Next Layer Nr : 697  ","<internal>"
46216676454.0856,2,1,64,37,,,,,,,,,"7/13/2026 4:14:06 PM","Wagon waiting for Feeder","HMI_Connection_2"
46216676454.0856,2,1,64,72,,,,,,,,,"7/13/2026 4:14:06 PM","Unwinder Material Tension","HMI_Connection_2"
46216676465.2315,2,1,64,112,,,,,,,,,"7/13/2026 4:14:07 PM","Lowering Pallet","HMI_Connection_2"
46216676477.2106,2,1,64,36,,,,,,,,,"7/13/2026 4:14:08 PM","Wagon to start position","HMI_Connection_2"
46216676477.2106,2,1,64,132,,,,,,,,,"7/13/2026 4:14:08 PM","Feeder material to start position","HMI_Connection_2"
46216676488.8079,2,0,64,37,,,,,,,,,"7/13/2026 4:14:09 PM","Wagon waiting for Feeder","HMI_Connection_2"
46216676488.8079,2,0,64,72,,,,,,,,,"7/13/2026 4:14:09 PM","Unwinder Material Tension","HMI_Connection_2"
46216676511.5394,2,0,64,36,,,,,,,,,"7/13/2026 4:14:11 PM","Wagon to start position","HMI_Connection_2"
46216676511.5394,2,0,64,112,,,,,,,,,"7/13/2026 4:14:11 PM","Lowering Pallet","HMI_Connection_2"
46216676511.5394,2,0,64,132,,,,,,,,,"7/13/2026 4:14:11 PM","Feeder material to start position","HMI_Connection_2"
46216676511.5394,2,1,64,74,"696","227",,,,,,,"7/13/2026 4:14:11 PM","Deployment in Progress - Layer Nr. 696 Matt. No.227","HMI_Connection_2"
46216676546.2731,2,0,64,74,"696","227",,,,,,,"7/13/2026 4:14:14 PM","Deployment in Progress - Layer Nr. 696 Matt. No.227","HMI_Connection_2"
46216676592.5579,2,1,64,149,,,,,,,,,"7/13/2026 4:14:18 PM","Cutting Unit - Cut startet","HMI_Connection_2"
46216676604.1319,2,1,64,150,,,,,,,,,"7/13/2026 4:14:19 PM","Cutting Unit - Cut finished","HMI_Connection_2"
46216676627.7083,2,0,64,149,,,,,,,,,"7/13/2026 4:14:21 PM","Cutting Unit - Cut startet","HMI_Connection_2"
46216676627.7083,2,0,64,150,,,,,,,,,"7/13/2026 4:14:21 PM","Cutting Unit - Cut finished","HMI_Connection_2"
46216676628.6806,2,1,65,2000,"697","698",,,,,,,"7/13/2026 4:14:21 PM","Layer Nr:697 Next Layer Nr : 698  ","<internal>"
46216676640.1389,2,1,64,36,,,,,,,,,"7/13/2026 4:14:22 PM","Wagon to start position","HMI_Connection_2"
46216676640.1389,2,1,64,37,,,,,,,,,"7/13/2026 4:14:22 PM","Wagon waiting for Feeder","HMI_Connection_2"
46216676640.1389,2,1,64,72,,,,,,,,,"7/13/2026 4:14:22 PM","Unwinder Material Tension","HMI_Connection_2"
46216676662.4653,2,0,64,37,,,,,,,,,"7/13/2026 4:14:24 PM","Wagon waiting for Feeder","HMI_Connection_2"
46216676662.4653,2,0,64,72,,,,,,,,,"7/13/2026 4:14:24 PM","Unwinder Material Tension","HMI_Connection_2"
46216676673.588,2,1,64,74,"697","226",,,,,,,"7/13/2026 4:14:25 PM","Deployment in Progress - Layer Nr. 697 Matt. No.226","HMI_Connection_2"
46216676696.713,2,0,64,36,,,,,,,,,"7/13/2026 4:14:27 PM","Wagon to start position","HMI_Connection_2"
46216676719.8727,2,0,64,74,"697","226",,,,,,,"7/13/2026 4:14:29 PM","Deployment in Progress - Layer Nr. 697 Matt. No.226","HMI_Connection_2"
46216676754.6065,2,1,64,149,,,,,,,,,"7/13/2026 4:14:32 PM","Cutting Unit - Cut startet","HMI_Connection_2"
46216676778.1944,2,1,64,150,,,,,,,,,"7/13/2026 4:14:34 PM","Cutting Unit - Cut finished","HMI_Connection_2"
46216676801.3542,2,0,64,149,,,,,,,,,"7/13/2026 4:14:36 PM","Cutting Unit - Cut startet","HMI_Connection_2"
46216676801.3542,2,0,64,150,,,,,,,,,"7/13/2026 4:14:36 PM","Cutting Unit - Cut finished","HMI_Connection_2"
46216676807.1181,2,0,65,2000,"698","699",,,,,,,"7/13/2026 4:14:36 PM","Layer Nr:698 Next Layer Nr : 699  ","<internal>"
46216676812.8819,2,1,64,37,,,,,,,,,"7/13/2026 4:14:37 PM","Wagon waiting for Feeder","HMI_Connection_2"
46216676812.8819,2,1,64,72,,,,,,,,,"7/13/2026 4:14:37 PM","Unwinder Material Tension","HMI_Connection_2"
46216676835.625,2,1,64,112,,,,,,,,,"7/13/2026 4:14:39 PM","Lowering Pallet","HMI_Connection_2"
46216676847.2106,2,1,64,36,,,,,,,,,"7/13/2026 4:14:40 PM","Wagon to start position","HMI_Connection_2"
46216676847.2106,2,0,64,72,,,,,,,,,"7/13/2026 4:14:40 PM","Unwinder Material Tension","HMI_Connection_2"
46216676859.2014,2,1,64,132,,,,,,,,,"7/13/2026 4:14:41 PM","Feeder material to start position","HMI_Connection_2"
46216676870.7986,2,0,64,112,,,,,,,,,"7/13/2026 4:14:42 PM","Lowering Pallet","HMI_Connection_2"
46216676881.9329,2,0,64,132,,,,,,,,,"7/13/2026 4:14:43 PM","Feeder material to start position","HMI_Connection_2"
46216676881.9329,2,1,64,74,"698","225",,,,,,,"7/13/2026 4:14:43 PM","Deployment in Progress - Layer Nr. 698 Matt. No.225","HMI_Connection_2"
46216676905.0695,2,0,64,36,,,,,,,,,"7/13/2026 4:14:45 PM","Wagon to start position","HMI_Connection_2"
46216676905.0695,2,0,64,37,,,,,,,,,"7/13/2026 4:14:45 PM","Wagon waiting for Feeder","HMI_Connection_2"
46216676928.2176,2,0,64,74,"698","225",,,,,,,"7/13/2026 4:14:47 PM","Deployment in Progress - Layer Nr. 698 Matt. No.225","HMI_Connection_2"
46216676986.0995,2,1,64,149,,,,,,,,,"7/13/2026 4:14:52 PM","Cutting Unit - Cut startet","HMI_Connection_2"
46216677009.6991,2,1,64,150,,,,,,,,,"7/13/2026 4:14:54 PM","Cutting Unit - Cut finished","HMI_Connection_2"
46216677026.956,2,1,65,2000,"699","700",,,,,,,"7/13/2026 4:14:55 PM","Layer Nr:699 Next Layer Nr : 700  ","<internal>"
46216677032.8472,2,0,64,149,,,,,,,,,"7/13/2026 4:14:56 PM","Cutting Unit - Cut startet","HMI_Connection_2"
46216677032.8472,2,0,64,150,,,,,,,,,"7/13/2026 4:14:56 PM","Cutting Unit - Cut finished","HMI_Connection_2"
46216677032.8472,2,1,64,37,,,,,,,,,"7/13/2026 4:14:56 PM","Wagon waiting for Feeder","HMI_Connection_2"
46216677032.8472,2,1,64,72,,,,,,,,,"7/13/2026 4:14:56 PM","Unwinder Material Tension","HMI_Connection_2"
46216677044.375,2,1,64,36,,,,,,,,,"7/13/2026 4:14:57 PM","Wagon to start position","HMI_Connection_2"
46216677067.5694,2,0,64,37,,,,,,,,,"7/13/2026 4:14:59 PM","Wagon waiting for Feeder","HMI_Connection_2"
46216677067.5694,2,0,64,72,,,,,,,,,"7/13/2026 4:14:59 PM","Unwinder Material Tension","HMI_Connection_2"
46216677078.6921,2,1,64,74,"699","224",,,,,,,"7/13/2026 4:15:00 PM","Deployment in Progress - Layer Nr. 699 Matt. No.224","HMI_Connection_2"
46216677090.2894,2,0,64,36,,,,,,,,,"7/13/2026 4:15:01 PM","Wagon to start position","HMI_Connection_2"
46216677125,2,0,64,74,"699","224",,,,,,,"7/13/2026 4:15:04 PM","Deployment in Progress - Layer Nr. 699 Matt. No.224","HMI_Connection_2"
46216677182.8704,2,1,64,149,,,,,,,,,"7/13/2026 4:15:09 PM","Cutting Unit - Cut startet","HMI_Connection_2"
46216677194.4444,2,1,64,150,,,,,,,,,"7/13/2026 4:15:10 PM","Cutting Unit - Cut finished","HMI_Connection_2"
46216677218.0324,2,0,64,149,,,,,,,,,"7/13/2026 4:15:12 PM","Cutting Unit - Cut startet","HMI_Connection_2"
46216677218.0324,2,0,64,150,,,,,,,,,"7/13/2026 4:15:12 PM","Cutting Unit - Cut finished","HMI_Connection_2"
46216677219.1435,2,0,65,2000,"700","701",,,,,,,"7/13/2026 4:15:12 PM","Layer Nr:700 Next Layer Nr : 701  ","<internal>"
46216677229.5602,2,1,64,37,,,,,,,,,"7/13/2026 4:15:13 PM","Wagon waiting for Feeder","HMI_Connection_2"
46216677229.5602,2,1,64,72,,,,,,,,,"7/13/2026 4:15:13 PM","Unwinder Material Tension","HMI_Connection_2"
46216677241.1574,2,1,64,36,,,,,,,,,"7/13/2026 4:15:14 PM","Wagon to start position","HMI_Connection_2"
46216677241.1574,2,1,64,112,,,,,,,,,"7/13/2026 4:15:14 PM","Lowering Pallet","HMI_Connection_2"
46216677241.1574,2,1,64,132,,,,,,,,,"7/13/2026 4:15:14 PM","Feeder material to start position","HMI_Connection_2"
46216677252.7546,2,0,64,37,,,,,,,,,"7/13/2026 4:15:15 PM","Wagon waiting for Feeder","HMI_Connection_2"
46216677252.7546,2,0,64,72,,,,,,,,,"7/13/2026 4:15:15 PM","Unwinder Material Tension","HMI_Connection_2"
46216677275.4745,2,0,64,132,,,,,,,,,"7/13/2026 4:15:17 PM","Feeder material to start position","HMI_Connection_2"
46216677275.4745,2,1,64,74,"700","223",,,,,,,"7/13/2026 4:15:17 PM","Deployment in Progress - Layer Nr. 700 Matt. No.223","HMI_Connection_2"
46216677287.037,2,0,64,36,,,,,,,,,"7/13/2026 4:15:18 PM","Wagon to start position","HMI_Connection_2"
46216677287.037,2,0,64,112,,,,,,,,,"7/13/2026 4:15:18 PM","Lowering Pallet","HMI_Connection_2"
46216677310.1968,2,0,64,74,"700","223",,,,,,,"7/13/2026 4:15:20 PM","Deployment in Progress - Layer Nr. 700 Matt. No.223","HMI_Connection_2"
46216677391.2153,2,1,64,149,,,,,,,,,"7/13/2026 4:15:27 PM","Cutting Unit - Cut startet","HMI_Connection_2"
46216677414.8032,2,1,64,150,,,,,,,,,"7/13/2026 4:15:29 PM","Cutting Unit - Cut finished","HMI_Connection_2"
46216677432.1296,2,1,65,2000,"701","702",,,,,,,"7/13/2026 4:15:30 PM","Layer Nr:701 Next Layer Nr : 702  ","<internal>"
46216677437.963,2,0,64,149,,,,,,,,,"7/13/2026 4:15:31 PM","Cutting Unit - Cut startet","HMI_Connection_2"
46216677437.963,2,0,64,150,,,,,,,,,"7/13/2026 4:15:31 PM","Cutting Unit - Cut finished","HMI_Connection_2"
46216677437.963,2,1,64,37,,,,,,,,,"7/13/2026 4:15:31 PM","Wagon waiting for Feeder","HMI_Connection_2"
46216677437.963,2,1,64,72,,,,,,,,,"7/13/2026 4:15:31 PM","Unwinder Material Tension","HMI_Connection_2"
46216677449.4907,2,1,64,36,,,,,,,,,"7/13/2026 4:15:32 PM","Wagon to start position","HMI_Connection_2"
46216677472.581,2,0,64,37,,,,,,,,,"7/13/2026 4:15:34 PM","Wagon waiting for Feeder","HMI_Connection_2"
46216677472.581,2,0,64,72,,,,,,,,,"7/13/2026 4:15:34 PM","Unwinder Material Tension","HMI_Connection_2"
46216677483.8195,2,1,64,74,"701","222",,,,,,,"7/13/2026 4:15:35 PM","Deployment in Progress - Layer Nr. 701 Matt. No.222","HMI_Connection_2"
46216677495.4051,2,0,64,36,,,,,,,,,"7/13/2026 4:15:36 PM","Wagon to start position","HMI_Connection_2"
46216677530.1273,2,0,64,74,"701","222",,,,,,,"7/13/2026 4:15:39 PM","Deployment in Progress - Layer Nr. 701 Matt. No.222","HMI_Connection_2"
46216677553.2755,2,1,64,149,,,,,,,,,"7/13/2026 4:15:41 PM","Cutting Unit - Cut startet","HMI_Connection_2"
46216677576.7593,2,1,64,150,,,,,,,,,"7/13/2026 4:15:43 PM","Cutting Unit - Cut finished","HMI_Connection_2"
46216677599.9884,2,0,64,149,,,,,,,,,"7/13/2026 4:15:45 PM","Cutting Unit - Cut startet","HMI_Connection_2"
46216677599.9884,2,0,64,150,,,,,,,,,"7/13/2026 4:15:45 PM","Cutting Unit - Cut finished","HMI_Connection_2"
46216677599.9884,2,1,64,37,,,,,,,,,"7/13/2026 4:15:45 PM","Wagon waiting for Feeder","HMI_Connection_2"
46216677599.9884,2,1,64,72,,,,,,,,,"7/13/2026 4:15:45 PM","Unwinder Material Tension","HMI_Connection_2"
46216677600.9606,2,0,65,2000,"702","703",,,,,,,"7/13/2026 4:15:45 PM","Layer Nr:702 Next Layer Nr : 703  ","<internal>"
46216677623.1134,2,1,64,36,,,,,,,,,"7/13/2026 4:15:47 PM","Wagon to start position","HMI_Connection_2"
46216677623.1134,2,1,64,112,,,,,,,,,"7/13/2026 4:15:47 PM","Lowering Pallet","HMI_Connection_2"
46216677623.1134,2,1,64,132,,,,,,,,,"7/13/2026 4:15:47 PM","Feeder material to start position","HMI_Connection_2"
46216677634.7106,2,0,64,37,,,,,,,,,"7/13/2026 4:15:48 PM","Wagon waiting for Feeder","HMI_Connection_2"
46216677634.7106,2,0,64,72,,,,,,,,,"7/13/2026 4:15:48 PM","Unwinder Material Tension","HMI_Connection_2"
46216677657.4421,2,0,64,132,,,,,,,,,"7/13/2026 4:15:50 PM","Feeder material to start position","HMI_Connection_2"
46216677657.4421,2,1,64,74,"702","221",,,,,,,"7/13/2026 4:15:50 PM","Deployment in Progress - Layer Nr. 702 Matt. No.221","HMI_Connection_2"
46216677669.0278,2,0,64,36,,,,,,,,,"7/13/2026 4:15:51 PM","Wagon to start position","HMI_Connection_2"
46216677669.0278,2,0,64,112,,,,,,,,,"7/13/2026 4:15:51 PM","Lowering Pallet","HMI_Connection_2"
46216677692.1759,2,0,64,74,"702","221",,,,,,,"7/13/2026 4:15:53 PM","Deployment in Progress - Layer Nr. 702 Matt. No.221","HMI_Connection_2"
46216677738.4606,2,1,64,149,,,,,,,,,"7/13/2026 4:15:57 PM","Cutting Unit - Cut startet","HMI_Connection_2"
46216677762.037,2,1,64,150,,,,,,,,,"7/13/2026 4:15:59 PM","Cutting Unit - Cut finished","HMI_Connection_2"
46216677785.1968,2,0,64,149,,,,,,,,,"7/13/2026 4:16:01 PM","Cutting Unit - Cut startet","HMI_Connection_2"
46216677785.1968,2,0,64,150,,,,,,,,,"7/13/2026 4:16:01 PM","Cutting Unit - Cut finished","HMI_Connection_2"
46216677785.1968,2,1,64,37,,,,,,,,,"7/13/2026 4:16:01 PM","Wagon waiting for Feeder","HMI_Connection_2"
46216677785.1968,2,1,64,72,,,,,,,,,"7/13/2026 4:16:01 PM","Unwinder Material Tension","HMI_Connection_2"
46216677786.169,2,1,65,2000,"703","704",,,,,,,"7/13/2026 4:16:01 PM","Layer Nr:703 Next Layer Nr : 704  ","<internal>"
46216677797.1412,2,1,64,36,,,,,,,,,"7/13/2026 4:16:02 PM","Wagon to start position","HMI_Connection_2"
46216677819.919,2,0,64,37,,,,,,,,,"7/13/2026 4:16:04 PM","Wagon waiting for Feeder","HMI_Connection_2"
46216677819.919,2,0,64,72,,,,,,,,,"7/13/2026 4:16:04 PM","Unwinder Material Tension","HMI_Connection_2"
46216677831.0648,2,1,64,74,"703","220",,,,,,,"7/13/2026 4:16:05 PM","Deployment in Progress - Layer Nr. 703 Matt. No.220","HMI_Connection_2"
46216677854.213,2,0,64,36,,,,,,,,,"7/13/2026 4:16:07 PM","Wagon to start position","HMI_Connection_2"
46216677877.3727,2,0,64,74,"703","220",,,,,,,"7/13/2026 4:16:09 PM","Deployment in Progress - Layer Nr. 703 Matt. No.220","HMI_Connection_2"
46216677912.0949,2,1,64,149,,,,,,,,,"7/13/2026 4:16:12 PM","Cutting Unit - Cut startet","HMI_Connection_2"
46216677935.6481,2,1,64,150,,,,,,,,,"7/13/2026 4:16:14 PM","Cutting Unit - Cut finished","HMI_Connection_2"
46216677958.7384,2,0,64,149,,,,,,,,,"7/13/2026 4:16:16 PM","Cutting Unit - Cut startet","HMI_Connection_2"
46216677958.7384,2,0,64,150,,,,,,,,,"7/13/2026 4:16:16 PM","Cutting Unit - Cut finished","HMI_Connection_2"
46216677964.5833,2,0,65,2000,"704","705",,,,,,,"7/13/2026 4:16:16 PM","Layer Nr:704 Next Layer Nr : 705  ","<internal>"
46216677970.4167,2,1,64,37,,,,,,,,,"7/13/2026 4:16:17 PM","Wagon waiting for Feeder","HMI_Connection_2"
46216677970.4167,2,1,64,72,,,,,,,,,"7/13/2026 4:16:17 PM","Unwinder Material Tension","HMI_Connection_2"
46216677993.5417,2,1,64,36,,,,,,,,,"7/13/2026 4:16:19 PM","Wagon to start position","HMI_Connection_2"
46216677993.5417,2,1,64,112,,,,,,,,,"7/13/2026 4:16:19 PM","Lowering Pallet","HMI_Connection_2"
46216677993.5417,2,1,64,132,,,,,,,,,"7/13/2026 4:16:19 PM","Feeder material to start position","HMI_Connection_2"
46216678005.0694,2,0,64,37,,,,,,,,,"7/13/2026 4:16:20 PM","Wagon waiting for Feeder","HMI_Connection_2"
46216678005.0694,2,0,64,72,,,,,,,,,"7/13/2026 4:16:20 PM","Unwinder Material Tension","HMI_Connection_2"
46216678027.8241,2,0,64,36,,,,,,,,,"7/13/2026 4:16:22 PM","Wagon to start position","HMI_Connection_2"
46216678027.8241,2,0,64,112,,,,,,,,,"7/13/2026 4:16:22 PM","Lowering Pallet","HMI_Connection_2"
46216678027.8241,2,0,64,132,,,,,,,,,"7/13/2026 4:16:22 PM","Feeder material to start position","HMI_Connection_2"
46216678027.8241,2,1,64,74,"704","219",,,,,,,"7/13/2026 4:16:22 PM","Deployment in Progress - Layer Nr. 704 Matt. No.219","HMI_Connection_2"
46216678062.5694,2,0,64,74,"704","219",,,,,,,"7/13/2026 4:16:25 PM","Deployment in Progress - Layer Nr. 704 Matt. No.219","HMI_Connection_2"
46216678120.4282,2,1,64,149,,,,,,,,,"7/13/2026 4:16:30 PM","Cutting Unit - Cut startet","HMI_Connection_2"
46216678143.5764,2,1,64,150,,,,,,,,,"7/13/2026 4:16:32 PM","Cutting Unit - Cut finished","HMI_Connection_2"
46216678167.1528,2,0,64,149,,,,,,,,,"7/13/2026 4:16:34 PM","Cutting Unit - Cut startet","HMI_Connection_2"
46216678167.1528,2,0,64,150,,,,,,,,,"7/13/2026 4:16:34 PM","Cutting Unit - Cut finished","HMI_Connection_2"
46216678167.1528,2,1,64,37,,,,,,,,,"7/13/2026 4:16:34 PM","Wagon waiting for Feeder","HMI_Connection_2"
46216678167.1528,2,1,64,72,,,,,,,,,"7/13/2026 4:16:34 PM","Unwinder Material Tension","HMI_Connection_2"
46216678168.0556,2,1,65,2000,"705","706",,,,,,,"7/13/2026 4:16:34 PM","Layer Nr:705 Next Layer Nr : 706  ","<internal>"
46216678179.2014,2,1,64,36,,,,,,,,,"7/13/2026 4:16:35 PM","Wagon to start position","HMI_Connection_2"
46216678201.875,2,0,64,37,,,,,,,,,"7/13/2026 4:16:37 PM","Wagon waiting for Feeder","HMI_Connection_2"
46216678201.875,2,0,64,72,,,,,,,,,"7/13/2026 4:16:37 PM","Unwinder Material Tension","HMI_Connection_2"
46216678213.044,2,1,64,74,"705","218",,,,,,,"7/13/2026 4:16:38 PM","Deployment in Progress - Layer Nr. 705 Matt. No.218","HMI_Connection_2"
46216678236.1921,2,0,64,36,,,,,,,,,"7/13/2026 4:16:40 PM","Wagon to start position","HMI_Connection_2"
46216678259.3403,2,0,64,74,"705","218",,,,,,,"7/13/2026 4:16:42 PM","Deployment in Progress - Layer Nr. 705 Matt. No.218","HMI_Connection_2"
46216678317.1991,2,1,64,149,,,,,,,,,"7/13/2026 4:16:47 PM","Cutting Unit - Cut startet","HMI_Connection_2"
46216678340.787,2,1,64,150,,,,,,,,,"7/13/2026 4:16:49 PM","Cutting Unit - Cut finished","HMI_Connection_2"
46216678358.1134,2,0,65,2000,"705","706",,,,,,,"7/13/2026 4:16:50 PM","Layer Nr:705 Next Layer Nr : 706  ","<internal>"
46216678363.9583,2,0,64,149,,,,,,,,,"7/13/2026 4:16:51 PM","Cutting Unit - Cut startet","HMI_Connection_2"
46216678363.9583,2,0,64,150,,,,,,,,,"7/13/2026 4:16:51 PM","Cutting Unit - Cut finished","HMI_Connection_2"
46216678363.9583,2,1,64,37,,,,,,,,,"7/13/2026 4:16:51 PM","Wagon waiting for Feeder","HMI_Connection_2"
46216678363.9583,2,1,64,72,,,,,,,,,"7/13/2026 4:16:51 PM","Unwinder Material Tension","HMI_Connection_2"
46216678387.0949,2,1,64,36,,,,,,,,,"7/13/2026 4:16:53 PM","Wagon to start position","HMI_Connection_2"
46216678387.0949,2,1,64,112,,,,,,,,,"7/13/2026 4:16:53 PM","Lowering Pallet","HMI_Connection_2"
46216678387.0949,2,1,64,132,,,,,,,,,"7/13/2026 4:16:53 PM","Feeder material to start position","HMI_Connection_2"
46216678398.6921,2,0,64,37,,,,,,,,,"7/13/2026 4:16:54 PM","Wagon waiting for Feeder","HMI_Connection_2"
46216678398.6921,2,0,64,72,,,,,,,,,"7/13/2026 4:16:54 PM","Unwinder Material Tension","HMI_Connection_2"
46216678421.3889,2,0,64,132,,,,,,,,,"7/13/2026 4:16:56 PM","Feeder material to start position","HMI_Connection_2"
46216678421.3889,2,1,64,74,"706","217",,,,,,,"7/13/2026 4:16:56 PM","Deployment in Progress - Layer Nr. 706 Matt. No.217","HMI_Connection_2"
46216678432.963,2,0,64,36,,,,,,,,,"7/13/2026 4:16:57 PM","Wagon to start position","HMI_Connection_2"
46216678432.963,2,0,64,112,,,,,,,,,"7/13/2026 4:16:57 PM","Lowering Pallet","HMI_Connection_2"
46216678456.1227,2,0,64,74,"706","217",,,,,,,"7/13/2026 4:16:59 PM","Deployment in Progress - Layer Nr. 706 Matt. No.217","HMI_Connection_2"
46216678537.1296,2,1,64,149,,,,,,,,,"7/13/2026 4:17:06 PM","Cutting Unit - Cut startet","HMI_Connection_2"
46216678548.7037,2,1,64,150,,,,,,,,,"7/13/2026 4:17:07 PM","Cutting Unit - Cut finished","HMI_Connection_2"
46216678572.3032,2,0,64,149,,,,,,,,,"7/13/2026 4:17:09 PM","Cutting Unit - Cut startet","HMI_Connection_2"
46216678572.3032,2,0,64,150,,,,,,,,,"7/13/2026 4:17:09 PM","Cutting Unit - Cut finished","HMI_Connection_2"
46216678573.2755,2,1,65,2000,"707","708",,,,,,,"7/13/2026 4:17:09 PM","Layer Nr:707 Next Layer Nr : 708  ","<internal>"
46216678584.6644,2,1,64,36,,,,,,,,,"7/13/2026 4:17:10 PM","Wagon to start position","HMI_Connection_2"
46216678584.6644,2,1,64,37,,,,,,,,,"7/13/2026 4:17:10 PM","Wagon waiting for Feeder","HMI_Connection_2"
46216678584.6644,2,1,64,72,,,,,,,,,"7/13/2026 4:17:10 PM","Unwinder Material Tension","HMI_Connection_2"
46216678607.0255,2,0,64,37,,,,,,,,,"7/13/2026 4:17:12 PM","Wagon waiting for Feeder","HMI_Connection_2"
46216678607.0255,2,0,64,72,,,,,,,,,"7/13/2026 4:17:12 PM","Unwinder Material Tension","HMI_Connection_2"
46216678618.1713,2,1,64,74,"707","216",,,,,,,"7/13/2026 4:17:13 PM","Deployment in Progress - Layer Nr. 707 Matt. No.216","HMI_Connection_2"
46216678641.3079,2,0,64,36,,,,,,,,,"7/13/2026 4:17:15 PM","Wagon to start position","HMI_Connection_2"
46216678664.4676,2,0,64,74,"707","216",,,,,,,"7/13/2026 4:17:17 PM","Deployment in Progress - Layer Nr. 707 Matt. No.216","HMI_Connection_2"
46216678687.6042,2,1,64,149,,,,,,,,,"7/13/2026 4:17:19 PM","Cutting Unit - Cut startet","HMI_Connection_2"
46216678711.1458,2,1,64,150,,,,,,,,,"7/13/2026 4:17:21 PM","Cutting Unit - Cut finished","HMI_Connection_2"
46216678734.3056,2,0,64,149,,,,,,,,,"7/13/2026 4:17:23 PM","Cutting Unit - Cut startet","HMI_Connection_2"
46216678734.3056,2,0,64,150,,,,,,,,,"7/13/2026 4:17:23 PM","Cutting Unit - Cut finished","HMI_Connection_2"
46216678740.1389,2,0,65,2000,"708","709",,,,,,,"7/13/2026 4:17:23 PM","Layer Nr:708 Next Layer Nr : 709  ","<internal>"
46216678745.9028,2,1,64,37,,,,,,,,,"7/13/2026 4:17:24 PM","Wagon waiting for Feeder","HMI_Connection_2"
46216678745.9028,2,1,64,72,,,,,,,,,"7/13/2026 4:17:24 PM","Unwinder Material Tension","HMI_Connection_2"
46216678768.6343,2,1,64,112,,,,,,,,,"7/13/2026 4:17:26 PM","Lowering Pallet","HMI_Connection_2"
46216678780.2083,2,1,64,36,,,,,,,,,"7/13/2026 4:17:27 PM","Wagon to start position","HMI_Connection_2"
46216678780.2083,2,0,64,72,,,,,,,,,"7/13/2026 4:17:27 PM","Unwinder Material Tension","HMI_Connection_2"
46216678792.2338,2,1,64,132,,,,,,,,,"7/13/2026 4:17:28 PM","Feeder material to start position","HMI_Connection_2"
46216678803.7616,2,0,64,112,,,,,,,,,"7/13/2026 4:17:29 PM","Lowering Pallet","HMI_Connection_2"
46216678814.9306,2,0,64,132,,,,,,,,,"7/13/2026 4:17:30 PM","Feeder material to start position","HMI_Connection_2"
46216678814.9306,2,1,64,74,"708","215",,,,,,,"7/13/2026 4:17:30 PM","Deployment in Progress - Layer Nr. 708 Matt. No.215","HMI_Connection_2"
46216678838.0903,2,0,64,36,,,,,,,,,"7/13/2026 4:17:32 PM","Wagon to start position","HMI_Connection_2"
46216678838.0903,2,0,64,37,,,,,,,,,"7/13/2026 4:17:32 PM","Wagon waiting for Feeder","HMI_Connection_2"
46216678861.2269,2,0,64,74,"708","215",,,,,,,"7/13/2026 4:17:34 PM","Deployment in Progress - Layer Nr. 708 Matt. No.215","HMI_Connection_2"
46216678895.9491,2,1,64,149,,,,,,,,,"7/13/2026 4:17:37 PM","Cutting Unit - Cut startet","HMI_Connection_2"
46216678919.4907,2,1,64,150,,,,,,,,,"7/13/2026 4:17:39 PM","Cutting Unit - Cut finished","HMI_Connection_2"
46216678936.8866,2,1,65,2000,"708","709",,,,,,,"7/13/2026 4:17:40 PM","Layer Nr:708 Next Layer Nr : 709  ","<internal>"
46216678942.581,2,0,64,149,,,,,,,,,"7/13/2026 4:17:41 PM","Cutting Unit - Cut startet","HMI_Connection_2"
46216678942.581,2,0,64,150,,,,,,,,,"7/13/2026 4:17:41 PM","Cutting Unit - Cut finished","HMI_Connection_2"
46216678942.581,2,1,64,37,,,,,,,,,"7/13/2026 4:17:41 PM","Wagon waiting for Feeder","HMI_Connection_2"
46216678942.581,2,1,64,72,,,,,,,,,"7/13/2026 4:17:41 PM","Unwinder Material Tension","HMI_Connection_2"
46216678954.2477,2,1,64,36,,,,,,,,,"7/13/2026 4:17:42 PM","Wagon to start position","HMI_Connection_2"
46216678977.3843,2,0,64,37,,,,,,,,,"7/13/2026 4:17:44 PM","Wagon waiting for Feeder","HMI_Connection_2"
46216678977.3843,2,0,64,72,,,,,,,,,"7/13/2026 4:17:44 PM","Unwinder Material Tension","HMI_Connection_2"
46216678988.5417,2,1,64,74,"709","214",,,,,,,"7/13/2026 4:17:45 PM","Deployment in Progress - Layer Nr. 709 Matt. No.214","HMI_Connection_2"
46216679011.7245,2,0,64,36,,,,,,,,,"7/13/2026 4:17:47 PM","Wagon to start position","HMI_Connection_2"
46216679034.8495,2,0,64,74,"709","214",,,,,,,"7/13/2026 4:17:49 PM","Deployment in Progress - Layer Nr. 709 Matt. No.214","HMI_Connection_2"
46216679081.1458,2,1,64,149,,,,,,,,,"7/13/2026 4:17:53 PM","Cutting Unit - Cut startet","HMI_Connection_2"
46216679104.6991,2,1,64,150,,,,,,,,,"7/13/2026 4:17:55 PM","Cutting Unit - Cut finished","HMI_Connection_2"
46216679122.0949,2,0,65,2000,"709","710",,,,,,,"7/13/2026 4:17:56 PM","Layer Nr:709 Next Layer Nr : 710  ","<internal>"
46216679127.8588,2,0,64,149,,,,,,,,,"7/13/2026 4:17:57 PM","Cutting Unit - Cut startet","HMI_Connection_2"
46216679127.8588,2,0,64,150,,,,,,,,,"7/13/2026 4:17:57 PM","Cutting Unit - Cut finished","HMI_Connection_2"
46216679127.8588,2,1,64,37,,,,,,,,,"7/13/2026 4:17:57 PM","Wagon waiting for Feeder","HMI_Connection_2"
46216679127.8588,2,1,64,72,,,,,,,,,"7/13/2026 4:17:57 PM","Unwinder Material Tension","HMI_Connection_2"
46216679150.9838,2,1,64,36,,,,,,,,,"7/13/2026 4:17:59 PM","Wagon to start position","HMI_Connection_2"
46216679150.9838,2,1,64,112,,,,,,,,,"7/13/2026 4:17:59 PM","Lowering Pallet","HMI_Connection_2"
46216679150.9838,2,1,64,132,,,,,,,,,"7/13/2026 4:17:59 PM","Feeder material to start position","HMI_Connection_2"
46216679162.581,2,0,64,37,,,,,,,,,"7/13/2026 4:18:00 PM","Wagon waiting for Feeder","HMI_Connection_2"
46216679162.581,2,0,64,72,,,,,,,,,"7/13/2026 4:18:00 PM","Unwinder Material Tension","HMI_Connection_2"
46216679185.3472,2,0,64,132,,,,,,,,,"7/13/2026 4:18:02 PM","Feeder material to start position","HMI_Connection_2"
46216679185.3472,2,1,64,74,"710","213",,,,,,,"7/13/2026 4:18:02 PM","Deployment in Progress - Layer Nr. 710 Matt. No.213","HMI_Connection_2"
46216679196.9097,2,0,64,36,,,,,,,,,"7/13/2026 4:18:03 PM","Wagon to start position","HMI_Connection_2"
46216679196.9097,2,0,64,112,,,,,,,,,"7/13/2026 4:18:03 PM","Lowering Pallet","HMI_Connection_2"
46216679220.0694,2,0,64,74,"710","213",,,,,,,"7/13/2026 4:18:05 PM","Deployment in Progress - Layer Nr. 710 Matt. No.213","HMI_Connection_2"
46216679289.5023,2,1,64,149,,,,,,,,,"7/13/2026 4:18:11 PM","Cutting Unit - Cut startet","HMI_Connection_2"
46216679313.1019,2,1,64,150,,,,,,,,,"7/13/2026 4:18:13 PM","Cutting Unit - Cut finished","HMI_Connection_2"
46216679324.6065,2,0,64,149,,,,,,,,,"7/13/2026 4:18:14 PM","Cutting Unit - Cut startet","HMI_Connection_2"
46216679324.6065,2,0,64,150,,,,,,,,,"7/13/2026 4:18:14 PM","Cutting Unit - Cut finished","HMI_Connection_2"
46216679325.5787,2,1,65,2000,"710","711",,,,,,,"7/13/2026 4:18:14 PM","Layer Nr:710 Next Layer Nr : 711  ","<internal>"
46216679336.2732,2,1,64,37,,,,,,,,,"7/13/2026 4:18:15 PM","Wagon waiting for Feeder","HMI_Connection_2"
46216679336.2732,2,1,64,72,,,,,,,,,"7/13/2026 4:18:15 PM","Unwinder Material Tension","HMI_Connection_2"
46216679347.7894,2,1,64,36,,,,,,,,,"7/13/2026 4:18:16 PM","Wagon to start position","HMI_Connection_2"
46216679370.5208,2,0,64,37,,,,,,,,,"7/13/2026 4:18:18 PM","Wagon waiting for Feeder","HMI_Connection_2"
46216679370.5208,2,0,64,72,,,,,,,,,"7/13/2026 4:18:18 PM","Unwinder Material Tension","HMI_Connection_2"
46216679382.1181,2,1,64,74,"711","212",,,,,,,"7/13/2026 4:18:19 PM","Deployment in Progress - Layer Nr. 711 Matt. No.212","HMI_Connection_2"
46216679393.6806,2,0,64,36,,,,,,,,,"7/13/2026 4:18:20 PM","Wagon to start position","HMI_Connection_2"
46216679416.8403,2,0,64,74,"711","212",,,,,,,"7/13/2026 4:18:22 PM","Deployment in Progress - Layer Nr. 711 Matt. No.212","HMI_Connection_2"
46216679486.2847,2,1,64,149,,,,,,,,,"7/13/2026 4:18:28 PM","Cutting Unit - Cut startet","HMI_Connection_2"
46216679497.8472,2,1,64,150,,,,,,,,,"7/13/2026 4:18:29 PM","Cutting Unit - Cut finished","HMI_Connection_2"
46216679521.412,2,0,64,149,,,,,,,,,"7/13/2026 4:18:31 PM","Cutting Unit - Cut startet","HMI_Connection_2"
46216679521.412,2,0,64,150,,,,,,,,,"7/13/2026 4:18:31 PM","Cutting Unit - Cut finished","HMI_Connection_2"
46216679522.3843,2,0,65,2000,"711","712",,,,,,,"7/13/2026 4:18:31 PM","Layer Nr:711 Next Layer Nr : 712  ","<internal>"
46216679533.0093,2,1,64,37,,,,,,,,,"7/13/2026 4:18:32 PM","Wagon waiting for Feeder","HMI_Connection_2"
46216679533.0093,2,1,64,72,,,,,,,,,"7/13/2026 4:18:32 PM","Unwinder Material Tension","HMI_Connection_2"
46216679544.1435,2,1,64,112,,,,,,,,,"7/13/2026 4:18:33 PM","Lowering Pallet","HMI_Connection_2"
46216679556.1343,2,1,64,36,,,,,,,,,"7/13/2026 4:18:34 PM","Wagon to start position","HMI_Connection_2"
46216679556.1343,2,1,64,132,,,,,,,,,"7/13/2026 4:18:34 PM","Feeder material to start position","HMI_Connection_2"
46216679567.7315,2,0,64,37,,,,,,,,,"7/13/2026 4:18:35 PM","Wagon waiting for Feeder","HMI_Connection_2"
46216679567.7315,2,0,64,72,,,,,,,,,"7/13/2026 4:18:35 PM","Unwinder Material Tension","HMI_Connection_2"
46216679590.463,2,0,64,36,,,,,,,,,"7/13/2026 4:18:37 PM","Wagon to start position","HMI_Connection_2"
46216679590.463,2,0,64,112,,,,,,,,,"7/13/2026 4:18:37 PM","Lowering Pallet","HMI_Connection_2"
46216679590.463,2,0,64,132,,,,,,,,,"7/13/2026 4:18:37 PM","Feeder material to start position","HMI_Connection_2"
46216679590.463,2,1,64,74,"712","211",,,,,,,"7/13/2026 4:18:37 PM","Deployment in Progress - Layer Nr. 712 Matt. No.211","HMI_Connection_2"
46216679625.1852,2,0,64,74,"712","211",,,,,,,"7/13/2026 4:18:40 PM","Deployment in Progress - Layer Nr. 712 Matt. No.211","HMI_Connection_2"
46216679694.6296,2,1,64,149,,,,,,,,,"7/13/2026 4:18:46 PM","Cutting Unit - Cut startet","HMI_Connection_2"
46216679718.1829,2,1,64,150,,,,,,,,,"7/13/2026 4:18:48 PM","Cutting Unit - Cut finished","HMI_Connection_2"
46216679741.3426,2,0,64,149,,,,,,,,,"7/13/2026 4:18:50 PM","Cutting Unit - Cut startet","HMI_Connection_2"
46216679741.3426,2,0,64,150,,,,,,,,,"7/13/2026 4:18:50 PM","Cutting Unit - Cut finished","HMI_Connection_2"
46216679741.3426,2,1,64,37,,,,,,,,,"7/13/2026 4:18:50 PM","Wagon waiting for Feeder","HMI_Connection_2"
46216679741.3426,2,1,64,72,,,,,,,,,"7/13/2026 4:18:50 PM","Unwinder Material Tension","HMI_Connection_2"
46216679742.3264,2,1,65,2000,"713","714",,,,,,,"7/13/2026 4:18:50 PM","Layer Nr:713 Next Layer Nr : 714  ","<internal>"
46216679753.044,2,1,64,36,,,,,,,,,"7/13/2026 4:18:51 PM","Wagon to start position","HMI_Connection_2"
46216679776.0301,2,0,64,37,,,,,,,,,"7/13/2026 4:18:53 PM","Wagon waiting for Feeder","HMI_Connection_2"
46216679776.0301,2,0,64,72,,,,,,,,,"7/13/2026 4:18:53 PM","Unwinder Material Tension","HMI_Connection_2"
46216679787.2222,2,1,64,74,"713","210",,,,,,,"7/13/2026 4:18:54 PM","Deployment in Progress - Layer Nr. 713 Matt. No.210","HMI_Connection_2"
46216679810.3704,2,0,64,36,,,,,,,,,"7/13/2026 4:18:56 PM","Wagon to start position","HMI_Connection_2"
46216679833.5301,2,0,64,74,"713","210",,,,,,,"7/13/2026 4:18:58 PM","Deployment in Progress - Layer Nr. 713 Matt. No.210","HMI_Connection_2"
46216679856.6667,2,1,64,149,,,,,,,,,"7/13/2026 4:19:00 PM","Cutting Unit - Cut startet","HMI_Connection_2"
46216679880.2083,2,1,64,150,,,,,,,,,"7/13/2026 4:19:02 PM","Cutting Unit - Cut finished","HMI_Connection_2"
46216679903.3681,2,0,64,149,,,,,,,,,"7/13/2026 4:19:04 PM","Cutting Unit - Cut startet","HMI_Connection_2"
46216679903.3681,2,0,64,150,,,,,,,,,"7/13/2026 4:19:04 PM","Cutting Unit - Cut finished","HMI_Connection_2"
46216679904.3403,2,0,65,2000,"713","714",,,,,,,"7/13/2026 4:19:04 PM","Layer Nr:713 Next Layer Nr : 714  ","<internal>"
46216679914.9653,2,1,64,37,,,,,,,,,"7/13/2026 4:19:05 PM","Wagon waiting for Feeder","HMI_Connection_2"
46216679914.9653,2,1,64,72,,,,,,,,,"7/13/2026 4:19:05 PM","Unwinder Material Tension","HMI_Connection_2"
46216679926.1111,2,1,64,112,,,,,,,,,"7/13/2026 4:19:06 PM","Lowering Pallet","HMI_Connection_2"
46216679938.0903,2,1,64,36,,,,,,,,,"7/13/2026 4:19:07 PM","Wagon to start position","HMI_Connection_2"
46216679938.0903,2,1,64,132,,,,,,,,,"7/13/2026 4:19:07 PM","Feeder material to start position","HMI_Connection_2"
46216679949.6875,2,0,64,37,,,,,,,,,"7/13/2026 4:19:08 PM","Wagon waiting for Feeder","HMI_Connection_2"
46216679949.6875,2,0,64,72,,,,,,,,,"7/13/2026 4:19:08 PM","Unwinder Material Tension","HMI_Connection_2"
46216679972.4074,2,0,64,36,,,,,,,,,"7/13/2026 4:19:10 PM","Wagon to start position","HMI_Connection_2"
46216679972.4074,2,0,64,112,,,,,,,,,"7/13/2026 4:19:10 PM","Lowering Pallet","HMI_Connection_2"
46216679972.4074,2,0,64,132,,,,,,,,,"7/13/2026 4:19:10 PM","Feeder material to start position","HMI_Connection_2"
46216679972.4074,2,1,64,74,"714","209",,,,,,,"7/13/2026 4:19:10 PM","Deployment in Progress - Layer Nr. 714 Matt. No.209","HMI_Connection_2"
46216680007.1528,2,0,64,74,"714","209",,,,,,,"7/13/2026 4:19:13 PM","Deployment in Progress - Layer Nr. 714 Matt. No.209","HMI_Connection_2"
46216680041.8634,2,1,64,149,,,,,,,,,"7/13/2026 4:19:16 PM","Cutting Unit - Cut startet","HMI_Connection_2"
46216680065.4167,2,1,64,150,,,,,,,,,"7/13/2026 4:19:18 PM","Cutting Unit - Cut finished","HMI_Connection_2"
46216680088.5764,2,0,64,149,,,,,,,,,"7/13/2026 4:19:20 PM","Cutting Unit - Cut startet","HMI_Connection_2"
46216680088.5764,2,0,64,150,,,,,,,,,"7/13/2026 4:19:20 PM","Cutting Unit - Cut finished","HMI_Connection_2"
46216680089.5486,2,1,65,2000,"715","716",,,,,,,"7/13/2026 4:19:20 PM","Layer Nr:715 Next Layer Nr : 716  ","<internal>"
46216680100.5903,2,1,64,36,,,,,,,,,"7/13/2026 4:19:21 PM","Wagon to start position","HMI_Connection_2"
46216680100.5903,2,1,64,37,,,,,,,,,"7/13/2026 4:19:21 PM","Wagon waiting for Feeder","HMI_Connection_2"
46216680100.5903,2,1,64,72,,,,,,,,,"7/13/2026 4:19:21 PM","Unwinder Material Tension","HMI_Connection_2"
46216680123.2986,2,0,64,37,,,,,,,,,"7/13/2026 4:19:23 PM","Wagon waiting for Feeder","HMI_Connection_2"
46216680123.2986,2,0,64,72,,,,,,,,,"7/13/2026 4:19:23 PM","Unwinder Material Tension","HMI_Connection_2"
46216680134.4676,2,1,64,74,"715","208",,,,,,,"7/13/2026 4:19:24 PM","Deployment in Progress - Layer Nr. 715 Matt. No.208","HMI_Connection_2"
46216680157.6157,2,0,64,36,,,,,,,,,"7/13/2026 4:19:26 PM","Wagon to start position","HMI_Connection_2"
46216680180.7523,2,0,64,74,"715","208",,,,,,,"7/13/2026 4:19:28 PM","Deployment in Progress - Layer Nr. 715 Matt. No.208","HMI_Connection_2"
46216680227.0718,2,1,64,149,,,,,,,,,"7/13/2026 4:19:32 PM","Cutting Unit - Cut startet","HMI_Connection_2"
46216680250.1968,2,1,64,150,,,,,,,,,"7/13/2026 4:19:34 PM","Cutting Unit - Cut finished","HMI_Connection_2"
46216680273.6921,2,0,64,149,,,,,,,,,"7/13/2026 4:19:36 PM","Cutting Unit - Cut startet","HMI_Connection_2"
46216680273.6921,2,0,64,150,,,,,,,,,"7/13/2026 4:19:36 PM","Cutting Unit - Cut finished","HMI_Connection_2"
46216680274.6644,2,0,65,2000,"716","717",,,,,,,"7/13/2026 4:19:36 PM","Layer Nr:716 Next Layer Nr : 717  ","<internal>"
46216680285.3472,2,1,64,37,,,,,,,,,"7/13/2026 4:19:37 PM","Wagon waiting for Feeder","HMI_Connection_2"
46216680285.3472,2,1,64,72,,,,,,,,,"7/13/2026 4:19:37 PM","Unwinder Material Tension","HMI_Connection_2"
46216680296.5162,2,1,64,112,,,,,,,,,"7/13/2026 4:19:38 PM","Lowering Pallet","HMI_Connection_2"
46216680308.0787,2,0,64,37,,,,,,,,,"7/13/2026 4:19:39 PM","Wagon waiting for Feeder","HMI_Connection_2"
46216680308.0787,2,0,64,72,,,,,,,,,"7/13/2026 4:19:39 PM","Unwinder Material Tension","HMI_Connection_2"
46216680320.0695,2,1,64,36,,,,,,,,,"7/13/2026 4:19:40 PM","Wagon to start position","HMI_Connection_2"
46216680320.0695,2,1,64,37,,,,,,,,,"7/13/2026 4:19:40 PM","Wagon waiting for Feeder","HMI_Connection_2"
46216680320.0695,2,1,64,132,,,,,,,,,"7/13/2026 4:19:40 PM","Feeder material to start position","HMI_Connection_2"
46216680343.1944,2,0,64,112,,,,,,,,,"7/13/2026 4:19:42 PM","Lowering Pallet","HMI_Connection_2"
46216680354.375,2,0,64,132,,,,,,,,,"7/13/2026 4:19:43 PM","Feeder material to start position","HMI_Connection_2"
46216680354.375,2,1,64,74,"716","207",,,,,,,"7/13/2026 4:19:43 PM","Deployment in Progress - Layer Nr. 716 Matt. No.207","HMI_Connection_2"
46216680365.9606,2,0,64,36,,,,,,,,,"7/13/2026 4:19:44 PM","Wagon to start position","HMI_Connection_2"
46216680365.9606,2,0,64,37,,,,,,,,,"7/13/2026 4:19:44 PM","Wagon waiting for Feeder","HMI_Connection_2"
46216680400.6944,2,0,64,74,"716","207",,,,,,,"7/13/2026 4:19:47 PM","Deployment in Progress - Layer Nr. 716 Matt. No.207","HMI_Connection_2"
46216680458.5532,2,1,64,149,,,,,,,,,"7/13/2026 4:19:52 PM","Cutting Unit - Cut startet","HMI_Connection_2"
46216680470.1273,2,1,64,150,,,,,,,,,"7/13/2026 4:19:53 PM","Cutting Unit - Cut finished","HMI_Connection_2"
46216680493.6921,2,0,64,149,,,,,,,,,"7/13/2026 4:19:55 PM","Cutting Unit - Cut startet","HMI_Connection_2"
46216680493.6921,2,0,64,150,,,,,,,,,"7/13/2026 4:19:55 PM","Cutting Unit - Cut finished","HMI_Connection_2"
46216680499.456,2,1,65,2000,"717","718",,,,,,,"7/13/2026 4:19:55 PM","Layer Nr:717 Next Layer Nr : 718  ","<internal>"
46216680505.2894,2,1,64,37,,,,,,,,,"7/13/2026 4:19:56 PM","Wagon waiting for Feeder","HMI_Connection_2"
46216680505.2894,2,1,64,72,,,,,,,,,"7/13/2026 4:19:56 PM","Unwinder Material Tension","HMI_Connection_2"
46216680516.8171,2,1,64,36,,,,,,,,,"7/13/2026 4:19:57 PM","Wagon to start position","HMI_Connection_2"
46216680539.6991,2,0,64,37,,,,,,,,,"7/13/2026 4:19:59 PM","Wagon waiting for Feeder","HMI_Connection_2"
46216680539.6991,2,0,64,72,,,,,,,,,"7/13/2026 4:19:59 PM","Unwinder Material Tension","HMI_Connection_2"
46216680551.1458,2,1,64,74,"717","206",,,,,,,"7/13/2026 4:20:00 PM","Deployment in Progress - Layer Nr. 717 Matt. No.206","HMI_Connection_2"
46216680562.7315,2,0,64,36,,,,,,,,,"7/13/2026 4:20:01 PM","Wagon to start position","HMI_Connection_2"
46216680597.4653,2,0,64,74,"717","206",,,,,,,"7/13/2026 4:20:04 PM","Deployment in Progress - Layer Nr. 717 Matt. No.206","HMI_Connection_2"
46216680643.75,2,1,64,149,,,,,,,,,"7/13/2026 4:20:08 PM","Cutting Unit - Cut startet","HMI_Connection_2"
46216680666.8982,2,1,64,150,,,,,,,,,"7/13/2026 4:20:10 PM","Cutting Unit - Cut finished","HMI_Connection_2"
46216680690.4977,2,0,64,149,,,,,,,,,"7/13/2026 4:20:12 PM","Cutting Unit - Cut startet","HMI_Connection_2"
46216680690.4977,2,0,64,150,,,,,,,,,"7/13/2026 4:20:12 PM","Cutting Unit - Cut finished","HMI_Connection_2"
46216680691.4699,2,0,65,2000,"718","719",,,,,,,"7/13/2026 4:20:12 PM","Layer Nr:718 Next Layer Nr : 719  ","<internal>"
46216680701.6319,2,1,64,37,,,,,,,,,"7/13/2026 4:20:13 PM","Wagon waiting for Feeder","HMI_Connection_2"
46216680701.6319,2,1,64,72,,,,,,,,,"7/13/2026 4:20:13 PM","Unwinder Material Tension","HMI_Connection_2"
46216680713.1944,2,1,64,112,,,,,,,,,"7/13/2026 4:20:14 PM","Lowering Pallet","HMI_Connection_2"
46216680725.2199,2,1,64,36,,,,,,,,,"7/13/2026 4:20:15 PM","Wagon to start position","HMI_Connection_2"
46216680725.2199,2,0,64,37,,,,,,,,,"7/13/2026 4:20:15 PM","Wagon waiting for Feeder","HMI_Connection_2"
46216680725.2199,2,0,64,72,,,,,,,,,"7/13/2026 4:20:15 PM","Unwinder Material Tension","HMI_Connection_2"
46216680725.2199,2,1,64,132,,,,,,,,,"7/13/2026 4:20:15 PM","Feeder material to start position","HMI_Connection_2"
46216680747.9167,2,0,64,132,,,,,,,,,"7/13/2026 4:20:17 PM","Feeder material to start position","HMI_Connection_2"
46216680747.9167,2,1,64,74,"718","205",,,,,,,"7/13/2026 4:20:17 PM","Deployment in Progress - Layer Nr. 718 Matt. No.205","HMI_Connection_2"
46216680759.4907,2,0,64,36,,,,,,,,,"7/13/2026 4:20:18 PM","Wagon to start position","HMI_Connection_2"
46216680759.4907,2,0,64,112,,,,,,,,,"7/13/2026 4:20:18 PM","Lowering Pallet","HMI_Connection_2"
46216680782.6389,2,0,64,74,"718","205",,,,,,,"7/13/2026 4:20:20 PM","Deployment in Progress - Layer Nr. 718 Matt. No.205","HMI_Connection_2"
46216680863.669,2,1,64,149,,,,,,,,,"7/13/2026 4:20:27 PM","Cutting Unit - Cut startet","HMI_Connection_2"
46216680887.2801,2,1,64,150,,,,,,,,,"7/13/2026 4:20:29 PM","Cutting Unit - Cut finished","HMI_Connection_2"
46216680904.1667,2,1,65,2000,"719","720",,,,,,,"7/13/2026 4:20:30 PM","Layer Nr:719 Next Layer Nr : 720  ","<internal>"
46216680909.9884,2,0,64,149,,,,,,,,,"7/13/2026 4:20:31 PM","Cutting Unit - Cut startet","HMI_Connection_2"
46216680909.9884,2,0,64,150,,,,,,,,,"7/13/2026 4:20:31 PM","Cutting Unit - Cut finished","HMI_Connection_2"
46216700595.3241,2,0,65,1006,,,,,,,,,"7/13/2026 4:48:51 PM","Start","<internal>"
46216700644.7338,2,1,65,1006,,,,,,,,,"7/13/2026 4:48:56 PM","Start","<internal>"
46216700664.2245,2,0,65,1003,"719",,,,,,,,"7/13/2026 4:48:57 PM","Start layer - Nr: 719","<internal>"
46216700754.0278,2,1,65,1003,"719",,,,,,,,"7/13/2026 4:49:05 PM","Start layer - Nr: 719","<internal>"
46216700805.463,2,0,65,1003,"719",,,,,,,,"7/13/2026 4:49:10 PM","Start layer - Nr: 719","<internal>"
46216700807.1296,2,1,64,37,,,,,,,,,"7/13/2026 4:49:10 PM","Wagon waiting for Feeder","HMI_Connection_2"
46216700807.1296,2,1,64,72,,,,,,,,,"7/13/2026 4:49:10 PM","Unwinder Material Tension","HMI_Connection_2"
46216700819.0972,2,1,64,36,,,,,,,,,"7/13/2026 4:49:11 PM","Wagon to start position","HMI_Connection_2"
46216700842.2338,2,0,64,37,,,,,,,,,"7/13/2026 4:49:13 PM","Wagon waiting for Feeder","HMI_Connection_2"
46216700842.2338,2,0,64,72,,,,,,,,,"7/13/2026 4:49:13 PM","Unwinder Material Tension","HMI_Connection_2"
46216700853.4259,2,1,64,74,"719","204",,,,,,,"7/13/2026 4:49:14 PM","Deployment in Progress - Layer Nr. 719 Matt. No.204","HMI_Connection_2"
46216700864.9884,2,0,64,36,,,,,,,,,"7/13/2026 4:49:15 PM","Wagon to start position","HMI_Connection_2"
46216700899.7338,2,0,64,74,"719","204",,,,,,,"7/13/2026 4:49:18 PM","Deployment in Progress - Layer Nr. 719 Matt. No.204","HMI_Connection_2"
46216700922.8704,2,1,64,149,,,,,,,,,"7/13/2026 4:49:20 PM","Cutting Unit - Cut startet","HMI_Connection_2"
46216700946.0185,2,1,64,150,,,,,,,,,"7/13/2026 4:49:22 PM","Cutting Unit - Cut finished","HMI_Connection_2"
46216700969.1551,2,0,64,149,,,,,,,,,"7/13/2026 4:49:24 PM","Cutting Unit - Cut startet","HMI_Connection_2"
46216700969.1551,2,0,64,150,,,,,,,,,"7/13/2026 4:49:24 PM","Cutting Unit - Cut finished","HMI_Connection_2"
46216700975.3125,2,0,65,2000,"720","721",,,,,,,"7/13/2026 4:49:24 PM","Layer Nr:720 Next Layer Nr : 721  ","<internal>"
46216700981.1458,2,1,64,37,,,,,,,,,"7/13/2026 4:49:25 PM","Wagon waiting for Feeder","HMI_Connection_2"
46216700981.1458,2,1,64,72,,,,,,,,,"7/13/2026 4:49:25 PM","Unwinder Material Tension","HMI_Connection_2"
46216701004.3403,2,1,64,36,,,,,,,,,"7/13/2026 4:49:27 PM","Wagon to start position","HMI_Connection_2"
46216701004.3403,2,1,64,112,,,,,,,,,"7/13/2026 4:49:27 PM","Lowering Pallet","HMI_Connection_2"
46216701004.3403,2,1,64,132,,,,,,,,,"7/13/2026 4:49:27 PM","Feeder material to start position","HMI_Connection_2"
46216701015.8681,2,0,64,37,,,,,,,,,"7/13/2026 4:49:28 PM","Wagon waiting for Feeder","HMI_Connection_2"
46216701015.8681,2,0,64,72,,,,,,,,,"7/13/2026 4:49:28 PM","Unwinder Material Tension","HMI_Connection_2"
46216701038.6343,2,0,64,36,,,,,,,,,"7/13/2026 4:49:30 PM","Wagon to start position","HMI_Connection_2"
46216701038.6343,2,0,64,112,,,,,,,,,"7/13/2026 4:49:30 PM","Lowering Pallet","HMI_Connection_2"
46216701038.6343,2,0,64,132,,,,,,,,,"7/13/2026 4:49:30 PM","Feeder material to start position","HMI_Connection_2"
46216701038.6343,2,1,64,74,"720","203",,,,,,,"7/13/2026 4:49:30 PM","Deployment in Progress - Layer Nr. 720 Matt. No.203","HMI_Connection_2"
46216701073.3565,2,0,64,74,"720","203",,,,,,,"7/13/2026 4:49:33 PM","Deployment in Progress - Layer Nr. 720 Matt. No.203","HMI_Connection_2"
46216701108.0787,2,1,64,149,,,,,,,,,"7/13/2026 4:49:36 PM","Cutting Unit - Cut startet","HMI_Connection_2"
46216701131.2037,2,1,64,150,,,,,,,,,"7/13/2026 4:49:38 PM","Cutting Unit - Cut finished","HMI_Connection_2"
46216701154.7685,2,0,64,149,,,,,,,,,"7/13/2026 4:49:40 PM","Cutting Unit - Cut startet","HMI_Connection_2"
46216701154.7685,2,0,64,150,,,,,,,,,"7/13/2026 4:49:40 PM","Cutting Unit - Cut finished","HMI_Connection_2"
46216701155.6597,2,1,65,2000,"720","721",,,,,,,"7/13/2026 4:49:40 PM","Layer Nr:720 Next Layer Nr : 721  ","<internal>"
46216701166.3542,2,1,64,37,,,,,,,,,"7/13/2026 4:49:41 PM","Wagon waiting for Feeder","HMI_Connection_2"
46216701166.3542,2,1,64,72,,,,,,,,,"7/13/2026 4:49:41 PM","Unwinder Material Tension","HMI_Connection_2"
46216701177.9282,2,1,64,36,,,,,,,,,"7/13/2026 4:49:42 PM","Wagon to start position","HMI_Connection_2"
46216701200.6481,2,0,64,37,,,,,,,,,"7/13/2026 4:49:44 PM","Wagon waiting for Feeder","HMI_Connection_2"
46216701200.6481,2,0,64,72,,,,,,,,,"7/13/2026 4:49:44 PM","Unwinder Material Tension","HMI_Connection_2"
46216701212.2454,2,1,64,74,"721","202",,,,,,,"7/13/2026 4:49:45 PM","Deployment in Progress - Layer Nr. 721 Matt. No.202","HMI_Connection_2"
46216701223.8079,2,0,64,36,,,,,,,,,"7/13/2026 4:49:46 PM","Wagon to start position","HMI_Connection_2"
46216701258.5417,2,0,64,74,"721","202",,,,,,,"7/13/2026 4:49:49 PM","Deployment in Progress - Layer Nr. 721 Matt. No.202","HMI_Connection_2"
46216701304.838,2,1,64,149,,,,,,,,,"7/13/2026 4:49:53 PM","Cutting Unit - Cut startet","HMI_Connection_2"
46216701328.4144,2,1,64,150,,,,,,,,,"7/13/2026 4:49:55 PM","Cutting Unit - Cut finished","HMI_Connection_2"
46216701339.9769,2,0,64,149,,,,,,,,,"7/13/2026 4:49:56 PM","Cutting Unit - Cut startet","HMI_Connection_2"
46216701339.9769,2,0,64,150,,,,,,,,,"7/13/2026 4:49:56 PM","Cutting Unit - Cut finished","HMI_Connection_2"
46216701345.7407,2,0,65,2000,"722","723",,,,,,,"7/13/2026 4:49:56 PM","Layer Nr:722 Next Layer Nr : 723  ","<internal>"
46216701351.5741,2,1,64,37,,,,,,,,,"7/13/2026 4:49:57 PM","Wagon waiting for Feeder","HMI_Connection_2"
46216701351.5741,2,1,64,72,,,,,,,,,"7/13/2026 4:49:57 PM","Unwinder Material Tension","HMI_Connection_2"
46216701374.294,2,0,64,37,,,,,,,,,"7/13/2026 4:49:59 PM","Wagon waiting for Feeder","HMI_Connection_2"
46216701374.294,2,0,64,72,,,,,,,,,"7/13/2026 4:49:59 PM","Unwinder Material Tension","HMI_Connection_2"
46216701374.294,2,1,64,112,,,,,,,,,"7/13/2026 4:49:59 PM","Lowering Pallet","HMI_Connection_2"
46216701397.8935,2,1,64,36,,,,,,,,,"7/13/2026 4:50:01 PM","Wagon to start position","HMI_Connection_2"
46216701397.8935,2,1,64,37,,,,,,,,,"7/13/2026 4:50:01 PM","Wagon waiting for Feeder","HMI_Connection_2"
46216701397.8935,2,1,64,132,,,,,,,,,"7/13/2026 4:50:01 PM","Feeder material to start position","HMI_Connection_2"
46216701409.4213,2,0,64,112,,,,,,,,,"7/13/2026 4:50:02 PM","Lowering Pallet","HMI_Connection_2"
46216701420.5903,2,0,64,132,,,,,,,,,"7/13/2026 4:50:03 PM","Feeder material to start position","HMI_Connection_2"
46216701420.5903,2,1,64,74,"722","201",,,,,,,"7/13/2026 4:50:03 PM","Deployment in Progress - Layer Nr. 722 Matt. No.201","HMI_Connection_2"
46216701443.75,2,0,64,36,,,,,,,,,"7/13/2026 4:50:05 PM","Wagon to start position","HMI_Connection_2"
46216701443.75,2,0,64,37,,,,,,,,,"7/13/2026 4:50:05 PM","Wagon waiting for Feeder","HMI_Connection_2"
46216701466.9097,2,0,64,74,"722","201",,,,,,,"7/13/2026 4:50:07 PM","Deployment in Progress - Layer Nr. 722 Matt. No.201","HMI_Connection_2"
46216701524.7569,2,1,64,149,,,,,,,,,"7/13/2026 4:50:12 PM","Cutting Unit - Cut startet","HMI_Connection_2"
46216701548.3449,2,1,64,150,,,,,,,,,"7/13/2026 4:50:14 PM","Cutting Unit - Cut finished","HMI_Connection_2"
46216701571.5046,2,0,64,149,,,,,,,,,"7/13/2026 4:50:16 PM","Cutting Unit - Cut startet","HMI_Connection_2"
46216701571.5046,2,0,64,150,,,,,,,,,"7/13/2026 4:50:16 PM","Cutting Unit - Cut finished","HMI_Connection_2"
46216701571.5046,2,1,64,37,,,,,,,,,"7/13/2026 4:50:16 PM","Wagon waiting for Feeder","HMI_Connection_2"
46216701571.5046,2,1,64,72,,,,,,,,,"7/13/2026 4:50:16 PM","Unwinder Material Tension","HMI_Connection_2"
46216701572.4074,2,1,65,2000,"723","724",,,,,,,"7/13/2026 4:50:16 PM","Layer Nr:723 Next Layer Nr : 724  ","<internal>"
46216701583.3449,2,1,64,36,,,,,,,,,"7/13/2026 4:50:17 PM","Wagon to start position","HMI_Connection_2"
46216701606.1227,2,0,64,37,,,,,,,,,"7/13/2026 4:50:19 PM","Wagon waiting for Feeder","HMI_Connection_2"
46216701606.1227,2,0,64,72,,,,,,,,,"7/13/2026 4:50:19 PM","Unwinder Material Tension","HMI_Connection_2"
46216701617.3611,2,1,64,74,"723","200",,,,,,,"7/13/2026 4:50:20 PM","Deployment in Progress - Layer Nr. 723 Matt. No.200","HMI_Connection_2"
46216701640.5324,2,0,64,36,,,,,,,,,"7/13/2026 4:50:22 PM","Wagon to start position","HMI_Connection_2"
46216701663.669,2,0,64,74,"723","200",,,,,,,"7/13/2026 4:50:24 PM","Deployment in Progress - Layer Nr. 723 Matt. No.200","HMI_Connection_2"
46216701721.5394,2,1,64,149,,,,,,,,,"7/13/2026 4:50:29 PM","Cutting Unit - Cut startet","HMI_Connection_2"
46216701745.0926,2,1,64,150,,,,,,,,,"7/13/2026 4:50:31 PM","Cutting Unit - Cut finished","HMI_Connection_2"
46216701762.4884,2,0,65,2000,"723","724",,,,,,,"7/13/2026 4:50:32 PM","Layer Nr:723 Next Layer Nr : 724  ","<internal>"
46216701768.2523,2,0,64,149,,,,,,,,,"7/13/2026 4:50:33 PM","Cutting Unit - Cut startet","HMI_Connection_2"
46216701768.2523,2,0,64,150,,,,,,,,,"7/13/2026 4:50:33 PM","Cutting Unit - Cut finished","HMI_Connection_2"
46216701768.2523,2,1,64,37,,,,,,,,,"7/13/2026 4:50:33 PM","Wagon waiting for Feeder","HMI_Connection_2"
46216701768.2523,2,1,64,72,,,,,,,,,"7/13/2026 4:50:33 PM","Unwinder Material Tension","HMI_Connection_2"
46216701791.4468,2,1,64,36,,,,,,,,,"7/13/2026 4:50:35 PM","Wagon to start position","HMI_Connection_2"
46216701791.4468,2,1,64,112,,,,,,,,,"7/13/2026 4:50:35 PM","Lowering Pallet","HMI_Connection_2"
46216701791.4468,2,1,64,132,,,,,,,,,"7/13/2026 4:50:35 PM","Feeder material to start position","HMI_Connection_2"
46216701802.9745,2,0,64,37,,,,,,,,,"7/13/2026 4:50:36 PM","Wagon waiting for Feeder","HMI_Connection_2"
46216701802.9745,2,0,64,72,,,,,,,,,"7/13/2026 4:50:36 PM","Unwinder Material Tension","HMI_Connection_2"
46216701825.6944,2,0,64,132,,,,,,,,,"7/13/2026 4:50:38 PM","Feeder material to start position","HMI_Connection_2"
46216701825.6944,2,1,64,74,"724","199",,,,,,,"7/13/2026 4:50:38 PM","Deployment in Progress - Layer Nr. 724 Matt. No.199","HMI_Connection_2"
46216701837.2917,2,0,64,36,,,,,,,,,"7/13/2026 4:50:39 PM","Wagon to start position","HMI_Connection_2"
46216701837.2917,2,0,64,112,,,,,,,,,"7/13/2026 4:50:39 PM","Lowering Pallet","HMI_Connection_2"
46216701860.4514,2,0,64,74,"724","199",,,,,,,"7/13/2026 4:50:41 PM","Deployment in Progress - Layer Nr. 724 Matt. No.199","HMI_Connection_2"
46216701941.4699,2,1,64,149,,,,,,,,,"7/13/2026 4:50:48 PM","Cutting Unit - Cut startet","HMI_Connection_2"
46216701953.0324,2,1,64,150,,,,,,,,,"7/13/2026 4:50:49 PM","Cutting Unit - Cut finished","HMI_Connection_2"
46216701976.5856,2,0,64,149,,,,,,,,,"7/13/2026 4:50:51 PM","Cutting Unit - Cut startet","HMI_Connection_2"
46216701976.5856,2,0,64,150,,,,,,,,,"7/13/2026 4:50:51 PM","Cutting Unit - Cut finished","HMI_Connection_2"
46216701977.5579,2,1,65,2000,"725","726",,,,,,,"7/13/2026 4:50:51 PM","Layer Nr:725 Next Layer Nr : 726  ","<internal>"
46216701988.8079,2,1,64,36,,,,,,,,,"7/13/2026 4:50:52 PM","Wagon to start position","HMI_Connection_2"
46216701988.8079,2,1,64,37,,,,,,,,,"7/13/2026 4:50:52 PM","Wagon waiting for Feeder","HMI_Connection_2"
46216701988.8079,2,1,64,72,,,,,,,,,"7/13/2026 4:50:52 PM","Unwinder Material Tension","HMI_Connection_2"
46216702011.3079,2,0,64,37,,,,,,,,,"7/13/2026 4:50:54 PM","Wagon waiting for Feeder","HMI_Connection_2"
46216702011.3079,2,0,64,72,,,,,,,,,"7/13/2026 4:50:54 PM","Unwinder Material Tension","HMI_Connection_2"
46216702022.4769,2,1,64,74,"725","198",,,,,,,"7/13/2026 4:50:55 PM","Deployment in Progress - Layer Nr. 725 Matt. No.198","HMI_Connection_2"
46216702045.6597,2,0,64,36,,,,,,,,,"7/13/2026 4:50:57 PM","Wagon to start position","HMI_Connection_2"
46216702080.3588,2,0,64,74,"725","198",,,,,,,"7/13/2026 4:51:00 PM","Deployment in Progress - Layer Nr. 725 Matt. No.198","HMI_Connection_2"
46216702091.9444,2,1,64,149,,,,,,,,,"7/13/2026 4:51:01 PM","Cutting Unit - Cut startet","HMI_Connection_2"
46216702115.081,2,1,64,150,,,,,,,,,"7/13/2026 4:51:03 PM","Cutting Unit - Cut finished","HMI_Connection_2"
46216702138.6806,2,0,64,149,,,,,,,,,"7/13/2026 4:51:05 PM","Cutting Unit - Cut startet","HMI_Connection_2"
46216702138.6806,2,0,64,150,,,,,,,,,"7/13/2026 4:51:05 PM","Cutting Unit - Cut finished","HMI_Connection_2"
46216702144.375,2,0,65,2000,"725","726",,,,,,,"7/13/2026 4:51:05 PM","Layer Nr:725 Next Layer Nr : 726  ","<internal>"
46216702150.2083,2,1,64,37,,,,,,,,,"7/13/2026 4:51:06 PM","Wagon waiting for Feeder","HMI_Connection_2"
46216702150.2083,2,1,64,72,,,,,,,,,"7/13/2026 4:51:06 PM","Unwinder Material Tension","HMI_Connection_2"
46216702173.3912,2,1,64,36,,,,,,,,,"7/13/2026 4:51:08 PM","Wagon to start position","HMI_Connection_2"
46216702173.3912,2,1,64,112,,,,,,,,,"7/13/2026 4:51:08 PM","Lowering Pallet","HMI_Connection_2"
46216702173.3912,2,1,64,132,,,,,,,,,"7/13/2026 4:51:08 PM","Feeder material to start position","HMI_Connection_2"
46216702184.919,2,0,64,37,,,,,,,,,"7/13/2026 4:51:09 PM","Wagon waiting for Feeder","HMI_Connection_2"
46216702184.919,2,0,64,72,,,,,,,,,"7/13/2026 4:51:09 PM","Unwinder Material Tension","HMI_Connection_2"
46216702207.6852,2,0,64,36,,,,,,,,,"7/13/2026 4:51:11 PM","Wagon to start position","HMI_Connection_2"
46216702207.6852,2,0,64,112,,,,,,,,,"7/13/2026 4:51:11 PM","Lowering Pallet","HMI_Connection_2"
46216702207.6852,2,0,64,132,,,,,,,,,"7/13/2026 4:51:11 PM","Feeder material to start position","HMI_Connection_2"
46216702207.6852,2,1,64,74,"726","197",,,,,,,"7/13/2026 4:51:11 PM","Deployment in Progress - Layer Nr. 726 Matt. No.197","HMI_Connection_2"
46216702242.4074,2,0,64,74,"726","197",,,,,,,"7/13/2026 4:51:14 PM","Deployment in Progress - Layer Nr. 726 Matt. No.197","HMI_Connection_2"
46216702288.7037,2,1,64,149,,,,,,,,,"7/13/2026 4:51:18 PM","Cutting Unit - Cut startet","HMI_Connection_2"
46216702312.2569,2,1,64,150,,,,,,,,,"7/13/2026 4:51:20 PM","Cutting Unit - Cut finished","HMI_Connection_2"
46216702335.4167,2,0,64,149,,,,,,,,,"7/13/2026 4:51:22 PM","Cutting Unit - Cut startet","HMI_Connection_2"
46216702335.4167,2,0,64,150,,,,,,,,,"7/13/2026 4:51:22 PM","Cutting Unit - Cut finished","HMI_Connection_2"
46216702336.3889,2,1,65,2000,"727","728",,,,,,,"7/13/2026 4:51:22 PM","Layer Nr:727 Next Layer Nr : 728  ","<internal>"
46216702347.4306,2,1,64,36,,,,,,,,,"7/13/2026 4:51:23 PM","Wagon to start position","HMI_Connection_2"
46216702347.4306,2,1,64,37,,,,,,,,,"7/13/2026 4:51:23 PM","Wagon waiting for Feeder","HMI_Connection_2"
46216702347.4306,2,1,64,72,,,,,,,,,"7/13/2026 4:51:23 PM","Unwinder Material Tension","HMI_Connection_2"
46216702370.1389,2,0,64,37,,,,,,,,,"7/13/2026 4:51:25 PM","Wagon waiting for Feeder","HMI_Connection_2"
46216702370.1389,2,0,64,72,,,,,,,,,"7/13/2026 4:51:25 PM","Unwinder Material Tension","HMI_Connection_2"
46216702381.3079,2,1,64,74,"727","196",,,,,,,"7/13/2026 4:51:26 PM","Deployment in Progress - Layer Nr. 727 Matt. No.196","HMI_Connection_2"
46216702404.456,2,0,64,36,,,,,,,,,"7/13/2026 4:51:28 PM","Wagon to start position","HMI_Connection_2"
46216702427.581,2,0,64,74,"727","196",,,,,,,"7/13/2026 4:51:30 PM","Deployment in Progress - Layer Nr. 727 Matt. No.196","HMI_Connection_2"
46216702473.9005,2,1,64,149,,,,,,,,,"7/13/2026 4:51:34 PM","Cutting Unit - Cut startet","HMI_Connection_2"
46216702497.037,2,1,64,150,,,,,,,,,"7/13/2026 4:51:36 PM","Cutting Unit - Cut finished","HMI_Connection_2"
46216702520.6019,2,0,64,149,,,,,,,,,"7/13/2026 4:51:38 PM","Cutting Unit - Cut startet","HMI_Connection_2"
46216702520.6019,2,0,64,150,,,,,,,,,"7/13/2026 4:51:38 PM","Cutting Unit - Cut finished","HMI_Connection_2"
46216702521.5741,2,0,65,2000,"728","729",,,,,,,"7/13/2026 4:51:38 PM","Layer Nr:728 Next Layer Nr : 729  ","<internal>"
46216702532.1991,2,1,64,37,,,,,,,,,"7/13/2026 4:51:39 PM","Wagon waiting for Feeder","HMI_Connection_2"
46216702532.1991,2,1,64,72,,,,,,,,,"7/13/2026 4:51:39 PM","Unwinder Material Tension","HMI_Connection_2"
46216702543.3565,2,1,64,112,,,,,,,,,"7/13/2026 4:51:40 PM","Lowering Pallet","HMI_Connection_2"
46216702555.3125,2,1,64,36,,,,,,,,,"7/13/2026 4:51:41 PM","Wagon to start position","HMI_Connection_2"
46216702555.3125,2,0,64,37,,,,,,,,,"7/13/2026 4:51:41 PM","Wagon waiting for Feeder","HMI_Connection_2"
46216702555.3125,2,0,64,72,,,,,,,,,"7/13/2026 4:51:41 PM","Unwinder Material Tension","HMI_Connection_2"
46216702555.3125,2,1,64,132,,,,,,,,,"7/13/2026 4:51:41 PM","Feeder material to start position","HMI_Connection_2"
46216702578.0671,2,0,64,132,,,,,,,,,"7/13/2026 4:51:43 PM","Feeder material to start position","HMI_Connection_2"
46216702589.6528,2,0,64,36,,,,,,,,,"7/13/2026 4:51:44 PM","Wagon to start position","HMI_Connection_2"
46216702589.6528,2,0,64,112,,,,,,,,,"7/13/2026 4:51:44 PM","Lowering Pallet","HMI_Connection_2"
46216702589.6528,2,1,64,74,"728","195",,,,,,,"7/13/2026 4:51:44 PM","Deployment in Progress - Layer Nr. 728 Matt. No.195","HMI_Connection_2"
46216702612.7894,2,0,64,74,"728","195",,,,,,,"7/13/2026 4:51:46 PM","Deployment in Progress - Layer Nr. 728 Matt. No.195","HMI_Connection_2"
46216702693.831,2,1,64,149,,,,,,,,,"7/13/2026 4:51:53 PM","Cutting Unit - Cut startet","HMI_Connection_2"
46216702705.4167,2,1,64,150,,,,,,,,,"7/13/2026 4:51:54 PM","Cutting Unit - Cut finished","HMI_Connection_2"
46216702729.0046,2,0,64,149,,,,,,,,,"7/13/2026 4:51:56 PM","Cutting Unit - Cut startet","HMI_Connection_2"
46216702729.0046,2,0,64,150,,,,,,,,,"7/13/2026 4:51:56 PM","Cutting Unit - Cut finished","HMI_Connection_2"
46216702729.9769,2,1,65,2000,"729","730",,,,,,,"7/13/2026 4:51:56 PM","Layer Nr:729 Next Layer Nr : 730  ","<internal>"
46216702741.2963,2,1,64,36,,,,,,,,,"7/13/2026 4:51:57 PM","Wagon to start position","HMI_Connection_2"
46216702741.2963,2,1,64,37,,,,,,,,,"7/13/2026 4:51:57 PM","Wagon waiting for Feeder","HMI_Connection_2"
46216702741.2963,2,1,64,72,,,,,,,,,"7/13/2026 4:51:57 PM","Unwinder Material Tension","HMI_Connection_2"
46216702763.7269,2,0,64,37,,,,,,,,,"7/13/2026 4:51:59 PM","Wagon waiting for Feeder","HMI_Connection_2"
46216702763.7269,2,0,64,72,,,,,,,,,"7/13/2026 4:51:59 PM","Unwinder Material Tension","HMI_Connection_2"
46216702774.8495,2,1,64,74,"729","194",,,,,,,"7/13/2026 4:52:00 PM","Deployment in Progress - Layer Nr. 729 Matt. No.194","HMI_Connection_2"
46216702798.0093,2,0,64,36,,,,,,,,,"7/13/2026 4:52:02 PM","Wagon to start position","HMI_Connection_2"
46216702821.1343,2,0,64,74,"729","194",,,,,,,"7/13/2026 4:52:04 PM","Deployment in Progress - Layer Nr. 729 Matt. No.194","HMI_Connection_2"
46216702890.6134,2,1,64,149,,,,,,,,,"7/13/2026 4:52:10 PM","Cutting Unit - Cut startet","HMI_Connection_2"
46216702902.1875,2,1,64,150,,,,,,,,,"7/13/2026 4:52:11 PM","Cutting Unit - Cut finished","HMI_Connection_2"
46216702925.7755,2,0,64,149,,,,,,,,,"7/13/2026 4:52:13 PM","Cutting Unit - Cut startet","HMI_Connection_2"
46216702925.7755,2,0,64,150,,,,,,,,,"7/13/2026 4:52:13 PM","Cutting Unit - Cut finished","HMI_Connection_2"
46216702926.7477,2,0,65,2000,"729","730",,,,,,,"7/13/2026 4:52:13 PM","Layer Nr:729 Next Layer Nr : 730  ","<internal>"
46216702937.3032,2,1,64,37,,,,,,,,,"7/13/2026 4:52:14 PM","Wagon waiting for Feeder","HMI_Connection_2"
46216702937.3032,2,1,64,72,,,,,,,,,"7/13/2026 4:52:14 PM","Unwinder Material Tension","HMI_Connection_2"
46216702948.4722,2,1,64,112,,,,,,,,,"7/13/2026 4:52:15 PM","Lowering Pallet","HMI_Connection_2"
46216702960.0579,2,0,64,37,,,,,,,,,"7/13/2026 4:52:16 PM","Wagon waiting for Feeder","HMI_Connection_2"
46216702960.0579,2,0,64,72,,,,,,,,,"7/13/2026 4:52:16 PM","Unwinder Material Tension","HMI_Connection_2"
46216702972.0255,2,1,64,36,,,,,,,,,"7/13/2026 4:52:17 PM","Wagon to start position","HMI_Connection_2"
46216702972.0255,2,1,64,37,,,,,,,,,"7/13/2026 4:52:17 PM","Wagon waiting for Feeder","HMI_Connection_2"
46216702972.0255,2,1,64,132,,,,,,,,,"7/13/2026 4:52:17 PM","Feeder material to start position","HMI_Connection_2"
46216702995.2199,2,0,64,112,,,,,,,,,"7/13/2026 4:52:19 PM","Lowering Pallet","HMI_Connection_2"
46216703006.3426,2,0,64,132,,,,,,,,,"7/13/2026 4:52:20 PM","Feeder material to start position","HMI_Connection_2"
46216703006.3426,2,1,64,74,"730","193",,,,,,,"7/13/2026 4:52:20 PM","Deployment in Progress - Layer Nr. 730 Matt. No.193","HMI_Connection_2"
46216703029.5023,2,0,64,36,,,,,,,,,"7/13/2026 4:52:22 PM","Wagon to start position","HMI_Connection_2"
46216703029.5023,2,0,64,37,,,,,,,,,"7/13/2026 4:52:22 PM","Wagon waiting for Feeder","HMI_Connection_2"
46216703052.6505,2,0,64,74,"730","193",,,,,,,"7/13/2026 4:52:24 PM","Deployment in Progress - Layer Nr. 730 Matt. No.193","HMI_Connection_2"
46216703122.0833,2,1,64,149,,,,,,,,,"7/13/2026 4:52:30 PM","Cutting Unit - Cut startet","HMI_Connection_2"
46216703145.6829,2,1,64,150,,,,,,,,,"7/13/2026 4:52:32 PM","Cutting Unit - Cut finished","HMI_Connection_2"
46216703157.2338,2,0,64,149,,,,,,,,,"7/13/2026 4:52:33 PM","Cutting Unit - Cut startet","HMI_Connection_2"
46216703157.2338,2,0,64,150,,,,,,,,,"7/13/2026 4:52:33 PM","Cutting Unit - Cut finished","HMI_Connection_2"
46216703158.1481,2,1,65,2000,"730","731",,,,,,,"7/13/2026 4:52:33 PM","Layer Nr:730 Next Layer Nr : 731  ","<internal>"
46216703168.8426,2,1,64,37,,,,,,,,,"7/13/2026 4:52:34 PM","Wagon waiting for Feeder","HMI_Connection_2"
46216703168.8426,2,1,64,72,,,,,,,,,"7/13/2026 4:52:34 PM","Unwinder Material Tension","HMI_Connection_2"
46216703180.3356,2,1,64,36,,,,,,,,,"7/13/2026 4:52:35 PM","Wagon to start position","HMI_Connection_2"
46216703203.125,2,0,64,37,,,,,,,,,"7/13/2026 4:52:37 PM","Wagon waiting for Feeder","HMI_Connection_2"
46216703203.125,2,0,64,72,,,,,,,,,"7/13/2026 4:52:37 PM","Unwinder Material Tension","HMI_Connection_2"
46216703203.125,2,1,64,74,"731","192",,,,,,,"7/13/2026 4:52:37 PM","Deployment in Progress - Layer Nr. 731 Matt. No.192","HMI_Connection_2"
46216703226.2731,2,0,64,36,,,,,,,,,"7/13/2026 4:52:39 PM","Wagon to start position","HMI_Connection_2"
46216703261.0069,2,0,64,74,"731","192",,,,,,,"7/13/2026 4:52:42 PM","Deployment in Progress - Layer Nr. 731 Matt. No.192","HMI_Connection_2"
46216703284.1435,2,1,64,149,,,,,,,,,"7/13/2026 4:52:44 PM","Cutting Unit - Cut startet","HMI_Connection_2"
46216703307.6968,2,1,64,150,,,,,,,,,"7/13/2026 4:52:46 PM","Cutting Unit - Cut finished","HMI_Connection_2"
46216703325.0926,2,0,65,2000,"731","732",,,,,,,"7/13/2026 4:52:47 PM","Layer Nr:731 Next Layer Nr : 732  ","<internal>"
46216703330.787,2,0,64,149,,,,,,,,,"7/13/2026 4:52:48 PM","Cutting Unit - Cut startet","HMI_Connection_2"
46216703330.787,2,0,64,150,,,,,,,,,"7/13/2026 4:52:48 PM","Cutting Unit - Cut finished","HMI_Connection_2"
46216703330.787,2,1,64,37,,,,,,,,,"7/13/2026 4:52:48 PM","Wagon waiting for Feeder","HMI_Connection_2"
46216703330.787,2,1,64,72,,,,,,,,,"7/13/2026 4:52:48 PM","Unwinder Material Tension","HMI_Connection_2"
46216703353.9815,2,1,64,36,,,,,,,,,"7/13/2026 4:52:50 PM","Wagon to start position","HMI_Connection_2"
46216703353.9815,2,1,64,112,,,,,,,,,"7/13/2026 4:52:50 PM","Lowering Pallet","HMI_Connection_2"
46216703353.9815,2,1,64,132,,,,,,,,,"7/13/2026 4:52:50 PM","Feeder material to start position","HMI_Connection_2"
46216703365.5787,2,0,64,37,,,,,,,,,"7/13/2026 4:52:51 PM","Wagon waiting for Feeder","HMI_Connection_2"
46216703365.5787,2,0,64,72,,,,,,,,,"7/13/2026 4:52:51 PM","Unwinder Material Tension","HMI_Connection_2"
46216703388.2986,2,0,64,132,,,,,,,,,"7/13/2026 4:52:53 PM","Feeder material to start position","HMI_Connection_2"
46216703388.2986,2,1,64,74,"732","191",,,,,,,"7/13/2026 4:52:53 PM","Deployment in Progress - Layer Nr. 732 Matt. No.191","HMI_Connection_2"
46216703399.8958,2,0,64,36,,,,,,,,,"7/13/2026 4:52:54 PM","Wagon to start position","HMI_Connection_2"
46216703399.8958,2,0,64,112,,,,,,,,,"7/13/2026 4:52:54 PM","Lowering Pallet","HMI_Connection_2"
46216703423.0208,2,0,64,74,"732","191",,,,,,,"7/13/2026 4:52:56 PM","Deployment in Progress - Layer Nr. 732 Matt. No.191","HMI_Connection_2"
46216703469.3403,2,1,64,149,,,,,,,,,"7/13/2026 4:53:00 PM","Cutting Unit - Cut startet","HMI_Connection_2"
46216703492.9167,2,1,64,150,,,,,,,,,"7/13/2026 4:53:02 PM","Cutting Unit - Cut finished","HMI_Connection_2"
46216703516.0648,2,0,64,149,,,,,,,,,"7/13/2026 4:53:04 PM","Cutting Unit - Cut startet","HMI_Connection_2"
46216703516.0648,2,0,64,150,,,,,,,,,"7/13/2026 4:53:04 PM","Cutting Unit - Cut finished","HMI_Connection_2"
46216703516.0648,2,1,64,37,,,,,,,,,"7/13/2026 4:53:04 PM","Wagon waiting for Feeder","HMI_Connection_2"
46216703516.0648,2,1,64,72,,,,,,,,,"7/13/2026 4:53:04 PM","Unwinder Material Tension","HMI_Connection_2"
46216703517.037,2,1,65,2000,"733","734",,,,,,,"7/13/2026 4:53:04 PM","Layer Nr:733 Next Layer Nr : 734  ","<internal>"
46216703528.0093,2,1,64,36,,,,,,,,,"7/13/2026 4:53:05 PM","Wagon to start position","HMI_Connection_2"
46216703550.787,2,0,64,37,,,,,,,,,"7/13/2026 4:53:07 PM","Wagon waiting for Feeder","HMI_Connection_2"
46216703550.787,2,0,64,72,,,,,,,,,"7/13/2026 4:53:07 PM","Unwinder Material Tension","HMI_Connection_2"
46216703561.9444,2,1,64,74,"733","190",,,,,,,"7/13/2026 4:53:08 PM","Deployment in Progress - Layer Nr. 733 Matt. No.190","HMI_Connection_2"
46216703585.081,2,0,64,36,,,,,,,,,"7/13/2026 4:53:10 PM","Wagon to start position","HMI_Connection_2"
46216703608.2292,2,0,64,74,"733","190",,,,,,,"7/13/2026 4:53:12 PM","Deployment in Progress - Layer Nr. 733 Matt. No.190","HMI_Connection_2"
46216703677.6852,2,1,64,149,,,,,,,,,"7/13/2026 4:53:18 PM","Cutting Unit - Cut startet","HMI_Connection_2"
46216703689.2477,2,1,64,150,,,,,,,,,"7/13/2026 4:53:19 PM","Cutting Unit - Cut finished","HMI_Connection_2"
46216703712.7431,2,0,64,149,,,,,,,,,"7/13/2026 4:53:21 PM","Cutting Unit - Cut startet","HMI_Connection_2"
46216703712.7431,2,0,64,150,,,,,,,,,"7/13/2026 4:53:21 PM","Cutting Unit - Cut finished","HMI_Connection_2"
46216703718.6458,2,0,65,2000,"734","735",,,,,,,"7/13/2026 4:53:21 PM","Layer Nr:734 Next Layer Nr : 735  ","<internal>"
46216703724.4097,2,1,64,37,,,,,,,,,"7/13/2026 4:53:22 PM","Wagon waiting for Feeder","HMI_Connection_2"
46216703724.4097,2,1,64,72,,,,,,,,,"7/13/2026 4:53:22 PM","Unwinder Material Tension","HMI_Connection_2"
46216703735.5671,2,1,64,112,,,,,,,,,"7/13/2026 4:53:23 PM","Lowering Pallet","HMI_Connection_2"
46216703747.5347,2,1,64,36,,,,,,,,,"7/13/2026 4:53:24 PM","Wagon to start position","HMI_Connection_2"
46216703747.5347,2,1,64,132,,,,,,,,,"7/13/2026 4:53:24 PM","Feeder material to start position","HMI_Connection_2"
46216703759.1319,2,0,64,37,,,,,,,,,"7/13/2026 4:53:25 PM","Wagon waiting for Feeder","HMI_Connection_2"
46216703759.1319,2,0,64,72,,,,,,,,,"7/13/2026 4:53:25 PM","Unwinder Material Tension","HMI_Connection_2"
46216703781.8519,2,0,64,36,,,,,,,,,"7/13/2026 4:53:27 PM","Wagon to start position","HMI_Connection_2"
46216703781.8519,2,0,64,112,,,,,,,,,"7/13/2026 4:53:27 PM","Lowering Pallet","HMI_Connection_2"
46216703781.8519,2,0,64,132,,,,,,,,,"7/13/2026 4:53:27 PM","Feeder material to start position","HMI_Connection_2"
46216703781.8519,2,1,64,74,"734","189",,,,,,,"7/13/2026 4:53:27 PM","Deployment in Progress - Layer Nr. 734 Matt. No.189","HMI_Connection_2"
46216703816.5741,2,0,64,74,"734","189",,,,,,,"7/13/2026 4:53:30 PM","Deployment in Progress - Layer Nr. 734 Matt. No.189","HMI_Connection_2"
46216703886.0301,2,1,64,149,,,,,,,,,"7/13/2026 4:53:36 PM","Cutting Unit - Cut startet","HMI_Connection_2"
46216703897.5926,2,1,64,150,,,,,,,,,"7/13/2026 4:53:37 PM","Cutting Unit - Cut finished","HMI_Connection_2"
46216703921.1458,2,0,64,149,,,,,,,,,"7/13/2026 4:53:39 PM","Cutting Unit - Cut startet","HMI_Connection_2"
46216703921.1458,2,0,64,150,,,,,,,,,"7/13/2026 4:53:39 PM","Cutting Unit - Cut finished","HMI_Connection_2"
46216703922.1181,2,1,65,2000,"735","736",,,,,,,"7/13/2026 4:53:39 PM","Layer Nr:735 Next Layer Nr : 736  ","<internal>"
46216703933.5764,2,1,64,36,,,,,,,,,"7/13/2026 4:53:40 PM","Wagon to start position","HMI_Connection_2"
46216703933.5764,2,1,64,37,,,,,,,,,"7/13/2026 4:53:40 PM","Wagon waiting for Feeder","HMI_Connection_2"
46216703933.5764,2,1,64,72,,,,,,,,,"7/13/2026 4:53:40 PM","Unwinder Material Tension","HMI_Connection_2"
46216703955.8681,2,0,64,37,,,,,,,,,"7/13/2026 4:53:42 PM","Wagon waiting for Feeder","HMI_Connection_2"
46216703955.8681,2,0,64,72,,,,,,,,,"7/13/2026 4:53:42 PM","Unwinder Material Tension","HMI_Connection_2"
46216703967.0486,2,1,64,74,"735","188",,,,,,,"7/13/2026 4:53:43 PM","Deployment in Progress - Layer Nr. 735 Matt. No.188","HMI_Connection_2"
46216703990.1852,2,0,64,36,,,,,,,,,"7/13/2026 4:53:45 PM","Wagon to start position","HMI_Connection_2"
46216704013.3565,2,0,64,74,"735","188",,,,,,,"7/13/2026 4:53:47 PM","Deployment in Progress - Layer Nr. 735 Matt. No.188","HMI_Connection_2"
46216704082.8009,2,1,64,149,,,,,,,,,"7/13/2026 4:53:53 PM","Cutting Unit - Cut startet","HMI_Connection_2"
46216704094.3634,2,1,64,150,,,,,,,,,"7/13/2026 4:53:54 PM","Cutting Unit - Cut finished","HMI_Connection_2"
46216704117.9282,2,0,64,149,,,,,,,,,"7/13/2026 4:53:56 PM","Cutting Unit - Cut startet","HMI_Connection_2"
46216704117.9282,2,0,64,150,,,,,,,,,"7/13/2026 4:53:56 PM","Cutting Unit - Cut finished","HMI_Connection_2"
46216704119.0394,2,0,65,2000,"736","737",,,,,,,"7/13/2026 4:53:56 PM","Layer Nr:736 Next Layer Nr : 737  ","<internal>"
46216704129.5255,2,1,64,37,,,,,,,,,"7/13/2026 4:53:57 PM","Wagon waiting for Feeder","HMI_Connection_2"
46216704129.5255,2,1,64,72,,,,,,,,,"7/13/2026 4:53:57 PM","Unwinder Material Tension","HMI_Connection_2"
46216704140.6829,2,1,64,112,,,,,,,,,"7/13/2026 4:53:58 PM","Lowering Pallet","HMI_Connection_2"
46216704152.6505,2,1,64,36,,,,,,,,,"7/13/2026 4:53:59 PM","Wagon to start position","HMI_Connection_2"
46216704152.6505,2,0,64,37,,,,,,,,,"7/13/2026 4:53:59 PM","Wagon waiting for Feeder","HMI_Connection_2"
46216704152.6505,2,0,64,72,,,,,,,,,"7/13/2026 4:53:59 PM","Unwinder Material Tension","HMI_Connection_2"
46216704152.6505,2,1,64,132,,,,,,,,,"7/13/2026 4:53:59 PM","Feeder material to start position","HMI_Connection_2"
46216704175.4051,2,0,64,132,,,,,,,,,"7/13/2026 4:54:01 PM","Feeder material to start position","HMI_Connection_2"
46216704186.9792,2,0,64,36,,,,,,,,,"7/13/2026 4:54:02 PM","Wagon to start position","HMI_Connection_2"
46216704186.9792,2,0,64,112,,,,,,,,,"7/13/2026 4:54:02 PM","Lowering Pallet","HMI_Connection_2"
46216704186.9792,2,1,64,74,"736","187",,,,,,,"7/13/2026 4:54:02 PM","Deployment in Progress - Layer Nr. 736 Matt. No.187","HMI_Connection_2"
46216704210.1273,2,0,64,74,"736","187",,,,,,,"7/13/2026 4:54:04 PM","Deployment in Progress - Layer Nr. 736 Matt. No.187","HMI_Connection_2"
46216704302.7315,2,1,64,149,,,,,,,,,"7/13/2026 4:54:12 PM","Cutting Unit - Cut startet","HMI_Connection_2"
46216704326.2963,2,1,64,150,,,,,,,,,"7/13/2026 4:54:14 PM","Cutting Unit - Cut finished","HMI_Connection_2"
46216704349.456,2,0,64,149,,,,,,,,,"7/13/2026 4:54:16 PM","Cutting Unit - Cut startet","HMI_Connection_2"
46216704349.456,2,0,64,150,,,,,,,,,"7/13/2026 4:54:16 PM","Cutting Unit - Cut finished","HMI_Connection_2"
46216704350.4282,2,1,65,2000,"737","738",,,,,,,"7/13/2026 4:54:16 PM","Layer Nr:737 Next Layer Nr : 738  ","<internal>"
46216704360.9491,2,1,64,37,,,,,,,,,"7/13/2026 4:54:17 PM","Wagon waiting for Feeder","HMI_Connection_2"
46216704360.9491,2,1,64,72,,,,,,,,,"7/13/2026 4:54:17 PM","Unwinder Material Tension","HMI_Connection_2"
46216704372.1759,2,1,64,112,,,,,,,,,"7/13/2026 4:54:18 PM","Lowering Pallet","HMI_Connection_2"
46216704383.7384,2,0,64,37,,,,,,,,,"7/13/2026 4:54:19 PM","Wagon waiting for Feeder","HMI_Connection_2"
46216704383.7384,2,0,64,72,,,,,,,,,"7/13/2026 4:54:19 PM","Unwinder Material Tension","HMI_Connection_2"
46216704395.7755,2,1,64,36,,,,,,,,,"7/13/2026 4:54:20 PM","Wagon to start position","HMI_Connection_2"
46216704395.7755,2,1,64,37,,,,,,,,,"7/13/2026 4:54:20 PM","Wagon waiting for Feeder","HMI_Connection_2"
46216704418.9005,2,0,64,112,,,,,,,,,"7/13/2026 4:54:22 PM","Lowering Pallet","HMI_Connection_2"
46216704430.0463,2,1,64,74,"737","186",,,,,,,"7/13/2026 4:54:23 PM","Deployment in Progress - Layer Nr. 737 Matt. No.186","HMI_Connection_2"
46216704453.1829,2,0,64,36,,,,,,,,,"7/13/2026 4:54:25 PM","Wagon to start position","HMI_Connection_2"
46216704453.1829,2,0,64,37,,,,,,,,,"7/13/2026 4:54:25 PM","Wagon waiting for Feeder","HMI_Connection_2"
46216704476.3542,2,0,64,74,"737","186",,,,,,,"7/13/2026 4:54:27 PM","Deployment in Progress - Layer Nr. 737 Matt. No.186","HMI_Connection_2"
46216704499.4907,2,1,64,149,,,,,,,,,"7/13/2026 4:54:29 PM","Cutting Unit - Cut startet","HMI_Connection_2"
46216704523.0324,2,1,64,150,,,,,,,,,"7/13/2026 4:54:31 PM","Cutting Unit - Cut finished","HMI_Connection_2"
46216704546.1921,2,0,64,149,,,,,,,,,"7/13/2026 4:54:33 PM","Cutting Unit - Cut startet","HMI_Connection_2"
46216704546.1921,2,0,64,150,,,,,,,,,"7/13/2026 4:54:33 PM","Cutting Unit - Cut finished","HMI_Connection_2"
46216704552.0255,2,0,65,2000,"738","739",,,,,,,"7/13/2026 4:54:33 PM","Layer Nr:738 Next Layer Nr : 739  ","<internal>"
46216704557.7894,2,1,64,37,,,,,,,,,"7/13/2026 4:54:34 PM","Wagon waiting for Feeder","HMI_Connection_2"
46216704557.7894,2,1,64,72,,,,,,,,,"7/13/2026 4:54:34 PM","Unwinder Material Tension","HMI_Connection_2"
46216704569.3866,2,1,64,36,,,,,,,,,"7/13/2026 4:54:35 PM","Wagon to start position","HMI_Connection_2"
46216704569.3866,2,1,64,132,,,,,,,,,"7/13/2026 4:54:35 PM","Feeder material to start position","HMI_Connection_2"
46216704592.2569,2,0,64,37,,,,,,,,,"7/13/2026 4:54:37 PM","Wagon waiting for Feeder","HMI_Connection_2"
46216704592.2569,2,0,64,72,,,,,,,,,"7/13/2026 4:54:37 PM","Unwinder Material Tension","HMI_Connection_2"
46216704603.669,2,0,64,132,,,,,,,,,"7/13/2026 4:54:38 PM","Feeder material to start position","HMI_Connection_2"
46216704603.6574,2,1,64,74,"738","185",,,,,,,"7/13/2026 4:54:38 PM","Deployment in Progress - Layer Nr. 738 Matt. No.185","HMI_Connection_2"
46216704615.2431,2,0,64,36,,,,,,,,,"7/13/2026 4:54:39 PM","Wagon to start position","HMI_Connection_2"
46216704649.9768,2,0,64,74,"738","185",,,,,,,"7/13/2026 4:54:42 PM","Deployment in Progress - Layer Nr. 738 Matt. No.185","HMI_Connection_2"
46216704684.6991,2,1,64,149,,,,,,,,,"7/13/2026 4:54:45 PM","Cutting Unit - Cut startet","HMI_Connection_2"
46216704696.25,2,1,64,150,,,,,,,,,"7/13/2026 4:54:46 PM","Cutting Unit - Cut finished","HMI_Connection_2"
46216704719.5486,2,0,64,149,,,,,,,,,"7/13/2026 4:54:48 PM","Cutting Unit - Cut startet","HMI_Connection_2"
46216704719.5486,2,0,64,150,,,,,,,,,"7/13/2026 4:54:48 PM","Cutting Unit - Cut finished","HMI_Connection_2"
46216704731.412,2,1,64,37,,,,,,,,,"7/13/2026 4:54:49 PM","Wagon waiting for Feeder","HMI_Connection_2"
46216704731.412,2,1,64,72,,,,,,,,,"7/13/2026 4:54:49 PM","Unwinder Material Tension","HMI_Connection_2"
46216704732.3843,2,1,65,2000,"739","740",,,,,,,"7/13/2026 4:54:49 PM","Layer Nr:739 Next Layer Nr : 740  ","<internal>"
46216704754.537,2,1,64,36,,,,,,,,,"7/13/2026 4:54:51 PM","Wagon to start position","HMI_Connection_2"
46216704754.537,2,1,64,112,,,,,,,,,"7/13/2026 4:54:51 PM","Lowering Pallet","HMI_Connection_2"
46216704766.1343,2,0,64,37,,,,,,,,,"7/13/2026 4:54:52 PM","Wagon waiting for Feeder","HMI_Connection_2"
46216704766.1343,2,0,64,72,,,,,,,,,"7/13/2026 4:54:52 PM","Unwinder Material Tension","HMI_Connection_2"
46216704788.8542,2,1,64,74,"739","184",,,,,,,"7/13/2026 4:54:54 PM","Deployment in Progress - Layer Nr. 739 Matt. No.184","HMI_Connection_2"
46216704800.4514,2,0,64,36,,,,,,,,,"7/13/2026 4:54:55 PM","Wagon to start position","HMI_Connection_2"
46216704800.4514,2,0,64,112,,,,,,,,,"7/13/2026 4:54:55 PM","Lowering Pallet","HMI_Connection_2"
46216704823.5764,2,0,64,74,"739","184",,,,,,,"7/13/2026 4:54:57 PM","Deployment in Progress - Layer Nr. 739 Matt. No.184","HMI_Connection_2"
46216704893.0324,2,1,64,149,,,,,,,,,"7/13/2026 4:55:03 PM","Cutting Unit - Cut startet","HMI_Connection_2"
46216704904.6181,2,1,64,150,,,,,,,,,"7/13/2026 4:55:04 PM","Cutting Unit - Cut finished","HMI_Connection_2"
46216704928.1829,2,0,64,149,,,,,,,,,"7/13/2026 4:55:06 PM","Cutting Unit - Cut startet","HMI_Connection_2"
46216704928.1829,2,0,64,150,,,,,,,,,"7/13/2026 4:55:06 PM","Cutting Unit - Cut finished","HMI_Connection_2"
46216704933.9468,2,0,65,2000,"740","741",,,,,,,"7/13/2026 4:55:06 PM","Layer Nr:740 Next Layer Nr : 741  ","<internal>"
46216704939.7801,2,1,64,37,,,,,,,,,"7/13/2026 4:55:07 PM","Wagon waiting for Feeder","HMI_Connection_2"
46216704939.7801,2,1,64,72,,,,,,,,,"7/13/2026 4:55:07 PM","Unwinder Material Tension","HMI_Connection_2"
46216704951.3426,2,1,64,36,,,,,,,,,"7/13/2026 4:55:08 PM","Wagon to start position","HMI_Connection_2"
46216704951.3426,2,1,64,132,,,,,,,,,"7/13/2026 4:55:08 PM","Feeder material to start position","HMI_Connection_2"
46216704974.0625,2,0,64,37,,,,,,,,,"7/13/2026 4:55:10 PM","Wagon waiting for Feeder","HMI_Connection_2"
46216704974.0625,2,0,64,72,,,,,,,,,"7/13/2026 4:55:10 PM","Unwinder Material Tension","HMI_Connection_2"
46216704985.6366,2,0,64,132,,,,,,,,,"7/13/2026 4:55:11 PM","Feeder material to start position","HMI_Connection_2"
46216704985.6366,2,1,64,74,"740","183",,,,,,,"7/13/2026 4:55:11 PM","Deployment in Progress - Layer Nr. 740 Matt. No.183","HMI_Connection_2"
46216704997.2106,2,0,64,36,,,,,,,,,"7/13/2026 4:55:12 PM","Wagon to start position","HMI_Connection_2"
46216705031.9444,2,0,64,74,"740","183",,,,,,,"7/13/2026 4:55:15 PM","Deployment in Progress - Layer Nr. 740 Matt. No.183","HMI_Connection_2"
46216705089.8032,2,1,64,149,,,,,,,,,"7/13/2026 4:55:20 PM","Cutting Unit - Cut startet","HMI_Connection_2"
46216705101.3889,2,1,64,150,,,,,,,,,"7/13/2026 4:55:21 PM","Cutting Unit - Cut finished","HMI_Connection_2"
46216705119.2014,2,1,65,2000,"740","741",,,,,,,"7/13/2026 4:55:22 PM","Layer Nr:740 Next Layer Nr : 741  ","<internal>"
46216705124.9653,2,0,64,149,,,,,,,,,"7/13/2026 4:55:23 PM","Cutting Unit - Cut startet","HMI_Connection_2"
46216705124.9653,2,0,64,150,,,,,,,,,"7/13/2026 4:55:23 PM","Cutting Unit - Cut finished","HMI_Connection_2"
46216705124.9653,2,1,64,37,,,,,,,,,"7/13/2026 4:55:23 PM","Wagon waiting for Feeder","HMI_Connection_2"
46216705124.9653,2,1,64,72,,,,,,,,,"7/13/2026 4:55:23 PM","Unwinder Material Tension","HMI_Connection_2"
46216705148.5301,2,1,64,36,,,,,,,,,"7/13/2026 4:55:25 PM","Wagon to start position","HMI_Connection_2"
46216705148.5301,2,1,64,112,,,,,,,,,"7/13/2026 4:55:25 PM","Lowering Pallet","HMI_Connection_2"
46216705159.7106,2,0,64,72,,,,,,,,,"7/13/2026 4:55:26 PM","Unwinder Material Tension","HMI_Connection_2"
46216705182.419,2,1,64,74,"741","182",,,,,,,"7/13/2026 4:55:28 PM","Deployment in Progress - Layer Nr. 741 Matt. No.182","HMI_Connection_2"
46216705193.9815,2,0,64,36,,,,,,,,,"7/13/2026 4:55:29 PM","Wagon to start position","HMI_Connection_2"
46216705193.9815,2,0,64,37,,,,,,,,,"7/13/2026 4:55:29 PM","Wagon waiting for Feeder","HMI_Connection_2"
46216705193.9815,2,0,64,112,,,,,,,,,"7/13/2026 4:55:29 PM","Lowering Pallet","HMI_Connection_2"
46216705217.1412,2,0,64,74,"741","182",,,,,,,"7/13/2026 4:55:31 PM","Deployment in Progress - Layer Nr. 741 Matt. No.182","HMI_Connection_2"
46216705286.5856,2,1,64,149,,,,,,,,,"7/13/2026 4:55:37 PM","Cutting Unit - Cut startet","HMI_Connection_2"
46216705309.7338,2,1,64,150,,,,,,,,,"7/13/2026 4:55:39 PM","Cutting Unit - Cut finished","HMI_Connection_2"
46216705327.5347,2,0,65,2000,"741","742",,,,,,,"7/13/2026 4:55:40 PM","Layer Nr:741 Next Layer Nr : 742  ","<internal>"
46216705333.2986,2,0,64,149,,,,,,,,,"7/13/2026 4:55:41 PM","Cutting Unit - Cut startet","HMI_Connection_2"
46216705333.2986,2,0,64,150,,,,,,,,,"7/13/2026 4:55:41 PM","Cutting Unit - Cut finished","HMI_Connection_2"
46216705333.2986,2,1,64,37,,,,,,,,,"7/13/2026 4:55:41 PM","Wagon waiting for Feeder","HMI_Connection_2"
46216705333.2986,2,1,64,72,,,,,,,,,"7/13/2026 4:55:41 PM","Unwinder Material Tension","HMI_Connection_2"
46216705344.9653,2,1,64,36,,,,,,,,,"7/13/2026 4:55:42 PM","Wagon to start position","HMI_Connection_2"
46216705344.9653,2,1,64,132,,,,,,,,,"7/13/2026 4:55:42 PM","Feeder material to start position","HMI_Connection_2"
46216705368.0208,2,0,64,37,,,,,,,,,"7/13/2026 4:55:44 PM","Wagon waiting for Feeder","HMI_Connection_2"
46216705368.0208,2,0,64,72,,,,,,,,,"7/13/2026 4:55:44 PM","Unwinder Material Tension","HMI_Connection_2"
46216705379.1782,2,0,64,132,,,,,,,,,"7/13/2026 4:55:45 PM","Feeder material to start position","HMI_Connection_2"
46216705379.1782,2,1,64,74,"742","181",,,,,,,"7/13/2026 4:55:45 PM","Deployment in Progress - Layer Nr. 742 Matt. No.181","HMI_Connection_2"
46216705402.338,2,0,64,36,,,,,,,,,"7/13/2026 4:55:47 PM","Wagon to start position","HMI_Connection_2"
46216705425.463,2,0,64,74,"742","181",,,,,,,"7/13/2026 4:55:49 PM","Deployment in Progress - Layer Nr. 742 Matt. No.181","HMI_Connection_2"
46216705506.5046,2,1,64,149,,,,,,,,,"7/13/2026 4:55:56 PM","Cutting Unit - Cut startet","HMI_Connection_2"
46216705518.0787,2,1,64,150,,,,,,,,,"7/13/2026 4:55:57 PM","Cutting Unit - Cut finished","HMI_Connection_2"
46216705541.6667,2,0,64,149,,,,,,,,,"7/13/2026 4:55:59 PM","Cutting Unit - Cut startet","HMI_Connection_2"
46216705541.6667,2,0,64,150,,,,,,,,,"7/13/2026 4:55:59 PM","Cutting Unit - Cut finished","HMI_Connection_2"
46216705547.4306,2,1,65,2000,"742","743",,,,,,,"7/13/2026 4:55:59 PM","Layer Nr:742 Next Layer Nr : 743  ","<internal>"
46216705553.1944,2,1,64,37,,,,,,,,,"7/13/2026 4:56:00 PM","Wagon waiting for Feeder","HMI_Connection_2"
46216705553.1944,2,1,64,72,,,,,,,,,"7/13/2026 4:56:00 PM","Unwinder Material Tension","HMI_Connection_2"
46216705575.9491,2,1,64,112,,,,,,,,,"7/13/2026 4:56:02 PM","Lowering Pallet","HMI_Connection_2"
46216705587.5231,2,1,64,36,,,,,,,,,"7/13/2026 4:56:03 PM","Wagon to start position","HMI_Connection_2"
46216705587.5231,2,0,64,72,,,,,,,,,"7/13/2026 4:56:03 PM","Unwinder Material Tension","HMI_Connection_2"
46216705611.1111,2,0,64,112,,,,,,,,,"7/13/2026 4:56:05 PM","Lowering Pallet","HMI_Connection_2"
46216705622.2338,2,1,64,74,"743","180",,,,,,,"7/13/2026 4:56:06 PM","Deployment in Progress - Layer Nr. 743 Matt. No.180","HMI_Connection_2"
46216705645.4051,2,0,64,36,,,,,,,,,"7/13/2026 4:56:08 PM","Wagon to start position","HMI_Connection_2"
46216705645.4051,2,0,64,37,,,,,,,,,"7/13/2026 4:56:08 PM","Wagon waiting for Feeder","HMI_Connection_2"
46216705668.5417,2,0,64,74,"743","180",,,,,,,"7/13/2026 4:56:10 PM","Deployment in Progress - Layer Nr. 743 Matt. No.180","HMI_Connection_2"
46216705703.2755,2,1,64,149,,,,,,,,,"7/13/2026 4:56:13 PM","Cutting Unit - Cut startet","HMI_Connection_2"
46216705726.875,2,1,64,150,,,,,,,,,"7/13/2026 4:56:15 PM","Cutting Unit - Cut finished","HMI_Connection_2"
46216705738.4143,2,0,64,149,,,,,,,,,"7/13/2026 4:56:16 PM","Cutting Unit - Cut startet","HMI_Connection_2"
46216705738.4143,2,0,64,150,,,,,,,,,"7/13/2026 4:56:16 PM","Cutting Unit - Cut finished","HMI_Connection_2"
46216705750.8796,2,0,65,2000,"744","745",,,,,,,"7/13/2026 4:56:17 PM","Layer Nr:744 Next Layer Nr : 745  ","<internal>"
46216705761.6088,2,1,64,36,,,,,,,,,"7/13/2026 4:56:18 PM","Wagon to start position","HMI_Connection_2"
46216705761.6088,2,1,64,37,,,,,,,,,"7/13/2026 4:56:18 PM","Wagon waiting for Feeder","HMI_Connection_2"
46216705761.6088,2,1,64,72,,,,,,,,,"7/13/2026 4:56:18 PM","Unwinder Material Tension","HMI_Connection_2"
46216705761.6088,2,1,64,132,,,,,,,,,"7/13/2026 4:56:18 PM","Feeder material to start position","HMI_Connection_2"
46216705784.7222,2,0,64,37,,,,,,,,,"7/13/2026 4:56:20 PM","Wagon waiting for Feeder","HMI_Connection_2"
46216705784.7222,2,0,64,72,,,,,,,,,"7/13/2026 4:56:20 PM","Unwinder Material Tension","HMI_Connection_2"
46216705795.8796,2,0,64,132,,,,,,,,,"7/13/2026 4:56:21 PM","Feeder material to start position","HMI_Connection_2"
46216705795.8796,2,1,64,74,"744","179",,,,,,,"7/13/2026 4:56:21 PM","Deployment in Progress - Layer Nr. 744 Matt. No.179","HMI_Connection_2"
46216705819.0162,2,0,64,36,,,,,,,,,"7/13/2026 4:56:23 PM","Wagon to start position","HMI_Connection_2"
46216705842.1759,2,0,64,74,"744","179",,,,,,,"7/13/2026 4:56:25 PM","Deployment in Progress - Layer Nr. 744 Matt. No.179","HMI_Connection_2"
46216705876.8866,2,1,64,149,,,,,,,,,"7/13/2026 4:56:28 PM","Cutting Unit - Cut startet","HMI_Connection_2"
46216705900.463,2,1,64,150,,,,,,,,,"7/13/2026 4:56:30 PM","Cutting Unit - Cut finished","HMI_Connection_2"
46216705912.037,2,0,64,149,,,,,,,,,"7/13/2026 4:56:31 PM","Cutting Unit - Cut startet","HMI_Connection_2"
46216705912.037,2,0,64,150,,,,,,,,,"7/13/2026 4:56:31 PM","Cutting Unit - Cut finished","HMI_Connection_2"
46216705917.8588,2,1,65,2000,"744","745",,,,,,,"7/13/2026 4:56:31 PM","Layer Nr:744 Next Layer Nr : 745  ","<internal>"
46216705923.6227,2,1,64,37,,,,,,,,,"7/13/2026 4:56:32 PM","Wagon waiting for Feeder","HMI_Connection_2"
46216705923.6227,2,1,64,72,,,,,,,,,"7/13/2026 4:56:32 PM","Unwinder Material Tension","HMI_Connection_2"
46216705946.7477,2,1,64,36,,,,,,,,,"7/13/2026 4:56:34 PM","Wagon to start position","HMI_Connection_2"
46216705946.7477,2,1,64,112,,,,,,,,,"7/13/2026 4:56:34 PM","Lowering Pallet","HMI_Connection_2"
46216705958.3449,2,0,64,37,,,,,,,,,"7/13/2026 4:56:35 PM","Wagon waiting for Feeder","HMI_Connection_2"
46216705958.3449,2,0,64,72,,,,,,,,,"7/13/2026 4:56:35 PM","Unwinder Material Tension","HMI_Connection_2"
46216705981.0648,2,1,64,74,"745","178",,,,,,,"7/13/2026 4:56:37 PM","Deployment in Progress - Layer Nr. 745 Matt. No.178","HMI_Connection_2"
46216705992.6389,2,0,64,36,,,,,,,,,"7/13/2026 4:56:38 PM","Wagon to start position","HMI_Connection_2"
46216705992.6389,2,0,64,112,,,,,,,,,"7/13/2026 4:56:38 PM","Lowering Pallet","HMI_Connection_2"
46216706015.787,2,0,64,74,"745","178",,,,,,,"7/13/2026 4:56:40 PM","Deployment in Progress - Layer Nr. 745 Matt. No.178","HMI_Connection_2"
46216706073.669,2,1,64,149,,,,,,,,,"7/13/2026 4:56:45 PM","Cutting Unit - Cut startet","HMI_Connection_2"
46216706097.2338,2,1,64,150,,,,,,,,,"7/13/2026 4:56:47 PM","Cutting Unit - Cut finished","HMI_Connection_2"
46216706114.5602,2,0,65,2000,"745","746",,,,,,,"7/13/2026 4:56:48 PM","Layer Nr:745 Next Layer Nr : 746  ","<internal>"
46216706120.4051,2,0,64,149,,,,,,,,,"7/13/2026 4:56:49 PM","Cutting Unit - Cut startet","HMI_Connection_2"
46216706120.4051,2,0,64,150,,,,,,,,,"7/13/2026 4:56:49 PM","Cutting Unit - Cut finished","HMI_Connection_2"
46216706120.4051,2,1,64,37,,,,,,,,,"7/13/2026 4:56:49 PM","Wagon waiting for Feeder","HMI_Connection_2"
46216706120.4051,2,1,64,72,,,,,,,,,"7/13/2026 4:56:49 PM","Unwinder Material Tension","HMI_Connection_2"
46216706131.9907,2,1,64,36,,,,,,,,,"7/13/2026 4:56:50 PM","Wagon to start position","HMI_Connection_2"
46216706131.9907,2,1,64,132,,,,,,,,,"7/13/2026 4:56:50 PM","Feeder material to start position","HMI_Connection_2"
46216706155.1157,2,0,64,37,,,,,,,,,"7/13/2026 4:56:52 PM","Wagon waiting for Feeder","HMI_Connection_2"
46216706155.1157,2,0,64,72,,,,,,,,,"7/13/2026 4:56:52 PM","Unwinder Material Tension","HMI_Connection_2"
46216706166.2731,2,0,64,132,,,,,,,,,"7/13/2026 4:56:53 PM","Feeder material to start position","HMI_Connection_2"
46216706166.2731,2,1,64,74,"746","177",,,,,,,"7/13/2026 4:56:53 PM","Deployment in Progress - Layer Nr. 746 Matt. No.177","HMI_Connection_2"
46216706177.8472,2,0,64,36,,,,,,,,,"7/13/2026 4:56:54 PM","Wagon to start position","HMI_Connection_2"
46216706212.5694,2,0,64,74,"746","177",,,,,,,"7/13/2026 4:56:57 PM","Deployment in Progress - Layer Nr. 746 Matt. No.177","HMI_Connection_2"
46216706270.4282,2,1,64,149,,,,,,,,,"7/13/2026 4:57:02 PM","Cutting Unit - Cut startet","HMI_Connection_2"
46216706282.0023,2,1,64,150,,,,,,,,,"7/13/2026 4:57:03 PM","Cutting Unit - Cut finished","HMI_Connection_2"
46216706305.6134,2,0,64,149,,,,,,,,,"7/13/2026 4:57:05 PM","Cutting Unit - Cut startet","HMI_Connection_2"
46216706305.6134,2,0,64,150,,,,,,,,,"7/13/2026 4:57:05 PM","Cutting Unit - Cut finished","HMI_Connection_2"
46216706306.5162,2,1,65,2000,"747","748",,,,,,,"7/13/2026 4:57:05 PM","Layer Nr:747 Next Layer Nr : 748  ","<internal>"
46216706317.1412,2,1,64,37,,,,,,,,,"7/13/2026 4:57:06 PM","Wagon waiting for Feeder","HMI_Connection_2"
46216706317.1412,2,1,64,72,,,,,,,,,"7/13/2026 4:57:06 PM","Unwinder Material Tension","HMI_Connection_2"
46216706328.2986,2,1,64,112,,,,,,,,,"7/13/2026 4:57:07 PM","Lowering Pallet","HMI_Connection_2"
46216706340.6481,2,1,64,36,,,,,,,,,"7/13/2026 4:57:08 PM","Wagon to start position","HMI_Connection_2"
46216706351.8982,2,0,64,37,,,,,,,,,"7/13/2026 4:57:09 PM","Wagon waiting for Feeder","HMI_Connection_2"
46216706351.8982,2,0,64,72,,,,,,,,,"7/13/2026 4:57:09 PM","Unwinder Material Tension","HMI_Connection_2"
46216706363.0208,2,1,64,74,"747","176",,,,,,,"7/13/2026 4:57:10 PM","Deployment in Progress - Layer Nr. 747 Matt. No.176","HMI_Connection_2"
46216706374.6181,2,0,64,36,,,,,,,,,"7/13/2026 4:57:11 PM","Wagon to start position","HMI_Connection_2"
46216706374.6181,2,0,64,112,,,,,,,,,"7/13/2026 4:57:11 PM","Lowering Pallet","HMI_Connection_2"
46216706409.3403,2,0,64,74,"747","176",,,,,,,"7/13/2026 4:57:14 PM","Deployment in Progress - Layer Nr. 747 Matt. No.176","HMI_Connection_2"
46216706478.7847,2,1,64,149,,,,,,,,,"7/13/2026 4:57:20 PM","Cutting Unit - Cut startet","HMI_Connection_2"
46216706490.3588,2,1,64,150,,,,,,,,,"7/13/2026 4:57:21 PM","Cutting Unit - Cut finished","HMI_Connection_2"
46216706513.9468,2,0,64,149,,,,,,,,,"7/13/2026 4:57:23 PM","Cutting Unit - Cut startet","HMI_Connection_2"
46216706513.9468,2,0,64,150,,,,,,,,,"7/13/2026 4:57:23 PM","Cutting Unit - Cut finished","HMI_Connection_2"
46216706514.919,2,0,65,2000,"747","748",,,,,,,"7/13/2026 4:57:23 PM","Layer Nr:747 Next Layer Nr : 748  ","<internal>"
46216706525.544,2,1,64,37,,,,,,,,,"7/13/2026 4:57:24 PM","Wagon waiting for Feeder","HMI_Connection_2"
46216706525.544,2,1,64,72,,,,,,,,,"7/13/2026 4:57:24 PM","Unwinder Material Tension","HMI_Connection_2"
46216706537.0718,2,1,64,36,,,,,,,,,"7/13/2026 4:57:25 PM","Wagon to start position","HMI_Connection_2"
46216706537.0718,2,1,64,132,,,,,,,,,"7/13/2026 4:57:25 PM","Feeder material to start position","HMI_Connection_2"
46216706548.5995,2,0,64,37,,,,,,,,,"7/13/2026 4:57:26 PM","Wagon waiting for Feeder","HMI_Connection_2"
46216706548.5995,2,0,64,72,,,,,,,,,"7/13/2026 4:57:26 PM","Unwinder Material Tension","HMI_Connection_2"
46216706559.8264,2,0,64,132,,,,,,,,,"7/13/2026 4:57:27 PM","Feeder material to start position","HMI_Connection_2"
46216706559.8264,2,1,64,74,"748","175",,,,,,,"7/13/2026 4:57:27 PM","Deployment in Progress - Layer Nr. 748 Matt. No.175","HMI_Connection_2"
46216706582.963,2,0,64,36,,,,,,,,,"7/13/2026 4:57:29 PM","Wagon to start position","HMI_Connection_2"
46216706606.1227,2,0,64,74,"748","175",,,,,,,"7/13/2026 4:57:31 PM","Deployment in Progress - Layer Nr. 748 Matt. No.175","HMI_Connection_2"
46216706687.1181,2,1,64,149,,,,,,,,,"7/13/2026 4:57:38 PM","Cutting Unit - Cut startet","HMI_Connection_2"
46216706710.6944,2,1,64,150,,,,,,,,,"7/13/2026 4:57:40 PM","Cutting Unit - Cut finished","HMI_Connection_2"
46216706733.8889,2,0,64,149,,,,,,,,,"7/13/2026 4:57:42 PM","Cutting Unit - Cut startet","HMI_Connection_2"
46216706733.8889,2,0,64,150,,,,,,,,,"7/13/2026 4:57:42 PM","Cutting Unit - Cut finished","HMI_Connection_2"
46216706768.5648,2,1,64,125,,,,,,,,,"7/13/2026 4:57:45 PM","EndLayer finished","HMI_Connection_2"
46216706802.8819,2,0,64,125,,,,,,,,,"7/13/2026 4:57:48 PM","EndLayer finished","HMI_Connection_2"
46216709730.5093,2,1,65,1017,,,,,,,,,"7/13/2026 5:02:01 PM",,"<internal>"
46216720202.1759,2,0,65,1006,,,,,,,,,"7/13/2026 5:17:05 PM","Start","<internal>"
46216720264.8264,2,1,65,1006,,,,,,,,,"7/13/2026 5:17:11 PM","Start","<internal>"
46216720335.2546,2,1,65,1003,"0",,,,,,,,"7/13/2026 5:17:17 PM","Start layer - Nr: 0","<internal>"
46216720356.6782,2,0,65,1017,,,,,,,,,"7/13/2026 5:17:19 PM",,"<internal>"
46216720496.0301,2,1,65,1022,,,,,,,,,"7/13/2026 5:17:31 PM",,"<internal>"
46216720538.2986,2,0,65,1003,"0",,,,,,,,"7/13/2026 5:17:35 PM","Start layer - Nr: 0","<internal>"
46216720548.287,2,1,65,2000,"1043","1044",,,,,,,"7/13/2026 5:17:35 PM","Layer Nr:1043 Next Layer Nr : 1044  ","<internal>"
46216720554.0856,2,1,64,73,,,,,,,,,"7/13/2026 5:17:36 PM","+A11.G4: Waiting for Pallet out","HMI_Connection_2"
46216720565.6481,2,1,64,43,,,,,,,,,"7/13/2026 5:17:37 PM","+A11.G4: Waiting for Pallet","HMI_Connection_2"
46216720565.6481,2,0,64,73,,,,,,,,,"7/13/2026 5:17:37 PM","+A11.G4: Waiting for Pallet out","HMI_Connection_2"
46216720611.9444,2,0,64,43,,,,,,,,,"7/13/2026 5:17:41 PM","+A11.G4: Waiting for Pallet","HMI_Connection_2"
46216720843.4491,2,1,64,37,,,,,,,,,"7/13/2026 5:18:01 PM","Wagon waiting for Feeder","HMI_Connection_2"
46216720843.4491,2,1,64,72,,,,,,,,,"7/13/2026 5:18:01 PM","Unwinder Material Tension","HMI_Connection_2"
46216720855.9954,2,1,64,36,,,,,,,,,"7/13/2026 5:18:02 PM","Wagon to start position","HMI_Connection_2"
46216720878.5995,2,0,64,37,,,,,,,,,"7/13/2026 5:18:04 PM","Wagon waiting for Feeder","HMI_Connection_2"
46216720878.5995,2,0,64,72,,,,,,,,,"7/13/2026 5:18:04 PM","Unwinder Material Tension","HMI_Connection_2"
46216720889.9653,2,1,64,37,,,,,,,,,"7/13/2026 5:18:05 PM","Wagon waiting for Feeder","HMI_Connection_2"
46216720901.3194,2,1,64,74,"1043","360",,,,,,,"7/13/2026 5:18:06 PM","Deployment in Progress - Layer Nr. 1043 Matt. No.360","HMI_Connection_2"
46216720912.8935,2,0,64,36,,,,,,,,,"7/13/2026 5:18:07 PM","Wagon to start position","HMI_Connection_2"
46216720936.0417,2,0,64,37,,,,,,,,,"7/13/2026 5:18:09 PM","Wagon waiting for Feeder","HMI_Connection_2"
46216720936.0417,2,0,64,74,"1043","360",,,,,,,"7/13/2026 5:18:09 PM","Deployment in Progress - Layer Nr. 1043 Matt. No.360","HMI_Connection_2"
46216720970.7639,2,1,64,149,,,,,,,,,"7/13/2026 5:18:12 PM","Cutting Unit - Cut startet","HMI_Connection_2"
46216720994.3287,2,1,64,150,,,,,,,,,"7/13/2026 5:18:14 PM","Cutting Unit - Cut finished","HMI_Connection_2"
46216721017.4884,2,0,64,149,,,,,,,,,"7/13/2026 5:18:16 PM","Cutting Unit - Cut startet","HMI_Connection_2"
46216721017.4884,2,0,64,150,,,,,,,,,"7/13/2026 5:18:16 PM","Cutting Unit - Cut finished","HMI_Connection_2"
46216721018.4606,2,0,65,2000,"1044","1045",,,,,,,"7/13/2026 5:18:16 PM","Layer Nr:1044 Next Layer Nr : 1045  ","<internal>"
46216721029.294,2,1,64,36,,,,,,,,,"7/13/2026 5:18:17 PM","Wagon to start position","HMI_Connection_2"
46216721029.294,2,1,64,37,,,,,,,,,"7/13/2026 5:18:17 PM","Wagon waiting for Feeder","HMI_Connection_2"
46216721029.294,2,1,64,72,,,,,,,,,"7/13/2026 5:18:17 PM","Unwinder Material Tension","HMI_Connection_2"
46216721029.294,2,1,64,132,,,,,,,,,"7/13/2026 5:18:17 PM","Feeder material to start position","HMI_Connection_2"
46216721052.2454,2,0,64,37,,,,,,,,,"7/13/2026 5:18:19 PM","Wagon waiting for Feeder","HMI_Connection_2"
46216721052.2454,2,0,64,72,,,,,,,,,"7/13/2026 5:18:19 PM","Unwinder Material Tension","HMI_Connection_2"
46216721063.3796,2,0,64,132,,,,,,,,,"7/13/2026 5:18:20 PM","Feeder material to start position","HMI_Connection_2"
46216721063.3796,2,1,64,74,"1044","359",,,,,,,"7/13/2026 5:18:20 PM","Deployment in Progress - Layer Nr. 1044 Matt. No.359","HMI_Connection_2"
46216721086.5046,2,0,64,36,,,,,,,,,"7/13/2026 5:18:22 PM","Wagon to start position","HMI_Connection_2"
46216721109.6644,2,0,64,74,"1044","359",,,,,,,"7/13/2026 5:18:24 PM","Deployment in Progress - Layer Nr. 1044 Matt. No.359","HMI_Connection_2"
46216721144.3866,2,1,64,149,,,,,,,,,"7/13/2026 5:18:27 PM","Cutting Unit - Cut startet","HMI_Connection_2"
46216721167.5347,2,1,64,150,,,,,,,,,"7/13/2026 5:18:29 PM","Cutting Unit - Cut finished","HMI_Connection_2"
46216721191.0995,2,0,64,149,,,,,,,,,"7/13/2026 5:18:31 PM","Cutting Unit - Cut startet","HMI_Connection_2"
46216721191.0995,2,0,64,150,,,,,,,,,"7/13/2026 5:18:31 PM","Cutting Unit - Cut finished","HMI_Connection_2"
46216721196.8634,2,1,65,2000,"1045","1046",,,,,,,"7/13/2026 5:18:31 PM","Layer Nr:1045 Next Layer Nr : 1046  ","<internal>"
46216721202.6968,2,1,64,37,,,,,,,,,"7/13/2026 5:18:32 PM","Wagon waiting for Feeder","HMI_Connection_2"
46216721202.6968,2,1,64,72,,,,,,,,,"7/13/2026 5:18:32 PM","Unwinder Material Tension","HMI_Connection_2"
46216721225.8218,2,1,64,36,,,,,,,,,"7/13/2026 5:18:34 PM","Wagon to start position","HMI_Connection_2"
46216721225.8218,2,1,64,112,,,,,,,,,"7/13/2026 5:18:34 PM","Lowering Pallet","HMI_Connection_2"
46216721237.419,2,0,64,37,,,,,,,,,"7/13/2026 5:18:35 PM","Wagon waiting for Feeder","HMI_Connection_2"
46216721237.419,2,0,64,72,,,,,,,,,"7/13/2026 5:18:35 PM","Unwinder Material Tension","HMI_Connection_2"
46216721260.1273,2,0,64,36,,,,,,,,,"7/13/2026 5:18:37 PM","Wagon to start position","HMI_Connection_2"
46216721260.1273,2,0,64,112,,,,,,,,,"7/13/2026 5:18:37 PM","Lowering Pallet","HMI_Connection_2"
46216721260.1273,2,1,64,74,"1045","358",,,,,,,"7/13/2026 5:18:37 PM","Deployment in Progress - Layer Nr. 1045 Matt. No.358","HMI_Connection_2"
46216721294.8611,2,0,64,74,"1045","358",,,,,,,"7/13/2026 5:18:40 PM","Deployment in Progress - Layer Nr. 1045 Matt. No.358","HMI_Connection_2"
46216721352.7199,2,1,64,149,,,,,,,,,"7/13/2026 5:18:45 PM","Cutting Unit - Cut startet","HMI_Connection_2"
46216721375.8796,2,1,64,150,,,,,,,,,"7/13/2026 5:18:47 PM","Cutting Unit - Cut finished","HMI_Connection_2"
46216721399.375,2,0,64,149,,,,,,,,,"7/13/2026 5:18:49 PM","Cutting Unit - Cut startet","HMI_Connection_2"
46216721399.375,2,0,64,150,,,,,,,,,"7/13/2026 5:18:49 PM","Cutting Unit - Cut finished","HMI_Connection_2"
46216721399.375,2,1,64,37,,,,,,,,,"7/13/2026 5:18:49 PM","Wagon waiting for Feeder","HMI_Connection_2"
46216721399.375,2,1,64,72,,,,,,,,,"7/13/2026 5:18:49 PM","Unwinder Material Tension","HMI_Connection_2"
46216721400.3472,2,0,65,2000,"1046","1047",,,,,,,"7/13/2026 5:18:49 PM","Layer Nr:1046 Next Layer Nr : 1047  ","<internal>"
46216721411.1111,2,1,64,36,,,,,,,,,"7/13/2026 5:18:50 PM","Wagon to start position","HMI_Connection_2"
46216721411.1111,2,1,64,132,,,,,,,,,"7/13/2026 5:18:50 PM","Feeder material to start position","HMI_Connection_2"
46216721434.1551,2,0,64,37,,,,,,,,,"7/13/2026 5:18:52 PM","Wagon waiting for Feeder","HMI_Connection_2"
46216721434.1551,2,0,64,72,,,,,,,,,"7/13/2026 5:18:52 PM","Unwinder Material Tension","HMI_Connection_2"
46216721445.3241,2,0,64,132,,,,,,,,,"7/13/2026 5:18:53 PM","Feeder material to start position","HMI_Connection_2"
46216721445.3241,2,1,64,74,"1046","357",,,,,,,"7/13/2026 5:18:53 PM","Deployment in Progress - Layer Nr. 1046 Matt. No.357","HMI_Connection_2"
46216721468.4954,2,0,64,36,,,,,,,,,"7/13/2026 5:18:55 PM","Wagon to start position","HMI_Connection_2"
46216721491.6319,2,0,64,74,"1046","357",,,,,,,"7/13/2026 5:18:57 PM","Deployment in Progress - Layer Nr. 1046 Matt. No.357","HMI_Connection_2"
46216721549.5023,2,1,64,149,,,,,,,,,"7/13/2026 5:19:02 PM","Cutting Unit - Cut startet","HMI_Connection_2"
46216721573.0903,2,1,64,150,,,,,,,,,"7/13/2026 5:19:04 PM","Cutting Unit - Cut finished","HMI_Connection_2"
46216721584.6528,2,0,64,149,,,,,,,,,"7/13/2026 5:19:05 PM","Cutting Unit - Cut startet","HMI_Connection_2"
46216721584.6528,2,0,64,150,,,,,,,,,"7/13/2026 5:19:05 PM","Cutting Unit - Cut finished","HMI_Connection_2"
46216721585.625,2,1,65,2000,"1046","1047",,,,,,,"7/13/2026 5:19:05 PM","Layer Nr:1046 Next Layer Nr : 1047  ","<internal>"
46216721596.25,2,1,64,37,,,,,,,,,"7/13/2026 5:19:06 PM","Wagon waiting for Feeder","HMI_Connection_2"
46216721596.25,2,1,64,72,,,,,,,,,"7/13/2026 5:19:06 PM","Unwinder Material Tension","HMI_Connection_2"
46216721607.3727,2,1,64,112,,,,,,,,,"7/13/2026 5:19:07 PM","Lowering Pallet","HMI_Connection_2"
46216721619.375,2,1,64,36,,,,,,,,,"7/13/2026 5:19:08 PM","Wagon to start position","HMI_Connection_2"
46216721630.9722,2,0,64,37,,,,,,,,,"7/13/2026 5:19:09 PM","Wagon waiting for Feeder","HMI_Connection_2"
46216721630.9722,2,0,64,72,,,,,,,,,"7/13/2026 5:19:09 PM","Unwinder Material Tension","HMI_Connection_2"
46216721653.6806,2,0,64,36,,,,,,,,,"7/13/2026 5:19:11 PM","Wagon to start position","HMI_Connection_2"
46216721653.6806,2,0,64,112,,,,,,,,,"7/13/2026 5:19:11 PM","Lowering Pallet","HMI_Connection_2"
46216721653.6806,2,1,64,74,"1047","356",,,,,,,"7/13/2026 5:19:11 PM","Deployment in Progress - Layer Nr. 1047 Matt. No.356","HMI_Connection_2"
46216721688.4028,2,0,64,74,"1047","356",,,,,,,"7/13/2026 5:19:14 PM","Deployment in Progress - Layer Nr. 1047 Matt. No.356","HMI_Connection_2"
46216721757.8356,2,1,64,149,,,,,,,,,"7/13/2026 5:19:20 PM","Cutting Unit - Cut startet","HMI_Connection_2"
46216721781.3889,2,1,64,150,,,,,,,,,"7/13/2026 5:19:22 PM","Cutting Unit - Cut finished","HMI_Connection_2"
46216721798.7847,2,0,65,2000,"1048","1049",,,,,,,"7/13/2026 5:19:23 PM","Layer Nr:1048 Next Layer Nr : 1049  ","<internal>"
46216721804.5486,2,0,64,149,,,,,,,,,"7/13/2026 5:19:24 PM","Cutting Unit - Cut startet","HMI_Connection_2"
46216721804.5486,2,0,64,150,,,,,,,,,"7/13/2026 5:19:24 PM","Cutting Unit - Cut finished","HMI_Connection_2"
46216721804.5486,2,1,64,37,,,,,,,,,"7/13/2026 5:19:24 PM","Wagon waiting for Feeder","HMI_Connection_2"
46216721804.5486,2,1,64,72,,,,,,,,,"7/13/2026 5:19:24 PM","Unwinder Material Tension","HMI_Connection_2"
46216721816.1458,2,1,64,36,,,,,,,,,"7/13/2026 5:19:25 PM","Wagon to start position","HMI_Connection_2"
46216721816.1458,2,1,64,132,,,,,,,,,"7/13/2026 5:19:25 PM","Feeder material to start position","HMI_Connection_2"
46216721838.8773,2,0,64,37,,,,,,,,,"7/13/2026 5:19:27 PM","Wagon waiting for Feeder","HMI_Connection_2"
46216721838.8773,2,0,64,72,,,,,,,,,"7/13/2026 5:19:27 PM","Unwinder Material Tension","HMI_Connection_2"
46216721838.8773,2,1,64,74,"1048","355",,,,,,,"7/13/2026 5:19:27 PM","Deployment in Progress - Layer Nr. 1048 Matt. No.355","HMI_Connection_2"
46216721850.4398,2,0,64,132,,,,,,,,,"7/13/2026 5:19:28 PM","Feeder material to start position","HMI_Connection_2"
46216721862.0139,2,0,64,36,,,,,,,,,"7/13/2026 5:19:29 PM","Wagon to start position","HMI_Connection_2"
46216721896.7477,2,0,64,74,"1048","355",,,,,,,"7/13/2026 5:19:32 PM","Deployment in Progress - Layer Nr. 1048 Matt. No.355","HMI_Connection_2"
46216721954.6065,2,1,64,149,,,,,,,,,"7/13/2026 5:19:37 PM","Cutting Unit - Cut startet","HMI_Connection_2"
46216721978.206,2,1,64,150,,,,,,,,,"7/13/2026 5:19:39 PM","Cutting Unit - Cut finished","HMI_Connection_2"
46216721995.5324,2,1,65,2000,"1049","1050",,,,,,,"7/13/2026 5:19:40 PM","Layer Nr:1049 Next Layer Nr : 1050  ","<internal>"
46216722001.3657,2,0,64,149,,,,,,,,,"7/13/2026 5:19:41 PM","Cutting Unit - Cut startet","HMI_Connection_2"
46216722001.3657,2,0,64,150,,,,,,,,,"7/13/2026 5:19:41 PM","Cutting Unit - Cut finished","HMI_Connection_2"
46216722001.3657,2,1,64,37,,,,,,,,,"7/13/2026 5:19:41 PM","Wagon waiting for Feeder","HMI_Connection_2"
46216722001.3657,2,1,64,72,,,,,,,,,"7/13/2026 5:19:41 PM","Unwinder Material Tension","HMI_Connection_2"
46216722024.9421,2,1,64,36,,,,,,,,,"7/13/2026 5:19:43 PM","Wagon to start position","HMI_Connection_2"
46216722024.9421,2,1,64,112,,,,,,,,,"7/13/2026 5:19:43 PM","Lowering Pallet","HMI_Connection_2"
46216722036.0532,2,0,64,37,,,,,,,,,"7/13/2026 5:19:44 PM","Wagon waiting for Feeder","HMI_Connection_2"
46216722036.0532,2,0,64,72,,,,,,,,,"7/13/2026 5:19:44 PM","Unwinder Material Tension","HMI_Connection_2"
46216722058.7731,2,1,64,74,"1049","354",,,,,,,"7/13/2026 5:19:46 PM","Deployment in Progress - Layer Nr. 1049 Matt. No.354","HMI_Connection_2"
46216722070.3704,2,0,64,36,,,,,,,,,"7/13/2026 5:19:47 PM","Wagon to start position","HMI_Connection_2"
46216722070.3704,2,0,64,112,,,,,,,,,"7/13/2026 5:19:47 PM","Lowering Pallet","HMI_Connection_2"
46216722093.5069,2,0,64,74,"1049","354",,,,,,,"7/13/2026 5:19:49 PM","Deployment in Progress - Layer Nr. 1049 Matt. No.354","HMI_Connection_2"
46216722128.2292,2,1,64,149,,,,,,,,,"7/13/2026 5:19:52 PM","Cutting Unit - Cut startet","HMI_Connection_2"
46216722151.4005,2,1,64,150,,,,,,,,,"7/13/2026 5:19:54 PM","Cutting Unit - Cut finished","HMI_Connection_2"
46216722174.5486,2,0,64,149,,,,,,,,,"7/13/2026 5:19:56 PM","Cutting Unit - Cut startet","HMI_Connection_2"
46216722174.5486,2,0,64,150,,,,,,,,,"7/13/2026 5:19:56 PM","Cutting Unit - Cut finished","HMI_Connection_2"
46216722180.7407,2,0,65,2000,"1049","1050",,,,,,,"7/13/2026 5:19:56 PM","Layer Nr:1049 Next Layer Nr : 1050  ","<internal>"
46216722186.5046,2,1,64,37,,,,,,,,,"7/13/2026 5:19:57 PM","Wagon waiting for Feeder","HMI_Connection_2"
46216722186.5046,2,1,64,72,,,,,,,,,"7/13/2026 5:19:57 PM","Unwinder Material Tension","HMI_Connection_2"
46216722198.1366,2,1,64,36,,,,,,,,,"7/13/2026 5:19:58 PM","Wagon to start position","HMI_Connection_2"
46216722198.1366,2,1,64,132,,,,,,,,,"7/13/2026 5:19:58 PM","Feeder material to start position","HMI_Connection_2"
46216722221.2616,2,0,64,37,,,,,,,,,"7/13/2026 5:20:00 PM","Wagon waiting for Feeder","HMI_Connection_2"
46216722221.2616,2,0,64,72,,,,,,,,,"7/13/2026 5:20:00 PM","Unwinder Material Tension","HMI_Connection_2"
46216722232.419,2,0,64,132,,,,,,,,,"7/13/2026 5:20:01 PM","Feeder material to start position","HMI_Connection_2"
46216722232.419,2,1,64,74,"1050","353",,,,,,,"7/13/2026 5:20:01 PM","Deployment in Progress - Layer Nr. 1050 Matt. No.353","HMI_Connection_2"
46216722243.9815,2,0,64,36,,,,,,,,,"7/13/2026 5:20:02 PM","Wagon to start position","HMI_Connection_2"
46216722278.7153,2,0,64,74,"1050","353",,,,,,,"7/13/2026 5:20:05 PM","Deployment in Progress - Layer Nr. 1050 Matt. No.353","HMI_Connection_2"
46216722313.4375,2,1,64,149,,,,,,,,,"7/13/2026 5:20:08 PM","Cutting Unit - Cut startet","HMI_Connection_2"
46216722325,2,1,64,150,,,,,,,,,"7/13/2026 5:20:09 PM","Cutting Unit - Cut finished","HMI_Connection_2"
46216722348.5648,2,0,64,149,,,,,,,,,"7/13/2026 5:20:11 PM","Cutting Unit - Cut startet","HMI_Connection_2"
46216722348.5648,2,0,64,150,,,,,,,,,"7/13/2026 5:20:11 PM","Cutting Unit - Cut finished","HMI_Connection_2"
46216722349.4676,2,1,65,2000,"1051","1052",,,,,,,"7/13/2026 5:20:11 PM","Layer Nr:1051 Next Layer Nr : 1052  ","<internal>"
46216722360.162,2,1,64,37,,,,,,,,,"7/13/2026 5:20:12 PM","Wagon waiting for Feeder","HMI_Connection_2"
46216722360.162,2,1,64,72,,,,,,,,,"7/13/2026 5:20:12 PM","Unwinder Material Tension","HMI_Connection_2"
46216722371.3195,2,1,64,112,,,,,,,,,"7/13/2026 5:20:13 PM","Lowering Pallet","HMI_Connection_2"
46216722383.2755,2,1,64,36,,,,,,,,,"7/13/2026 5:20:14 PM","Wagon to start position","HMI_Connection_2"
46216722383.2755,2,0,64,37,,,,,,,,,"7/13/2026 5:20:14 PM","Wagon waiting for Feeder","HMI_Connection_2"
46216722383.2755,2,0,64,72,,,,,,,,,"7/13/2026 5:20:14 PM","Unwinder Material Tension","HMI_Connection_2"
46216722406.0417,2,1,64,74,"1051","352",,,,,,,"7/13/2026 5:20:16 PM","Deployment in Progress - Layer Nr. 1051 Matt. No.352","HMI_Connection_2"
46216722417.6042,2,0,64,36,,,,,,,,,"7/13/2026 5:20:17 PM","Wagon to start position","HMI_Connection_2"
46216722417.6042,2,0,64,112,,,,,,,,,"7/13/2026 5:20:17 PM","Lowering Pallet","HMI_Connection_2"
46216722440.7639,2,0,64,74,"1051","352",,,,,,,"7/13/2026 5:20:19 PM","Deployment in Progress - Layer Nr. 1051 Matt. No.352","HMI_Connection_2"
46216722498.6343,2,1,64,149,,,,,,,,,"7/13/2026 5:20:24 PM","Cutting Unit - Cut startet","HMI_Connection_2"
46216722510.2083,2,1,64,150,,,,,,,,,"7/13/2026 5:20:25 PM","Cutting Unit - Cut finished","HMI_Connection_2"
46216722533.8079,2,0,64,149,,,,,,,,,"7/13/2026 5:20:27 PM","Cutting Unit - Cut startet","HMI_Connection_2"
46216722533.8079,2,0,64,150,,,,,,,,,"7/13/2026 5:20:27 PM","Cutting Unit - Cut finished","HMI_Connection_2"
46216722546.3426,2,0,65,2000,"1052","1053",,,,,,,"7/13/2026 5:20:28 PM","Layer Nr:1052 Next Layer Nr : 1053  ","<internal>"
46216722557.2454,2,1,64,36,,,,,,,,,"7/13/2026 5:20:29 PM","Wagon to start position","HMI_Connection_2"
46216722557.2454,2,1,64,37,,,,,,,,,"7/13/2026 5:20:29 PM","Wagon waiting for Feeder","HMI_Connection_2"
46216722557.2454,2,1,64,72,,,,,,,,,"7/13/2026 5:20:29 PM","Unwinder Material Tension","HMI_Connection_2"
46216722557.2454,2,1,64,132,,,,,,,,,"7/13/2026 5:20:29 PM","Feeder material to start position","HMI_Connection_2"
46216722591.2269,2,0,64,37,,,,,,,,,"7/13/2026 5:20:32 PM","Wagon waiting for Feeder","HMI_Connection_2"
46216722591.2269,2,0,64,72,,,,,,,,,"7/13/2026 5:20:32 PM","Unwinder Material Tension","HMI_Connection_2"
46216722591.2269,2,0,64,132,,,,,,,,,"7/13/2026 5:20:32 PM","Feeder material to start position","HMI_Connection_2"
46216722591.2269,2,1,64,74,"1052","351",,,,,,,"7/13/2026 5:20:32 PM","Deployment in Progress - Layer Nr. 1052 Matt. No.351","HMI_Connection_2"
46216722614.3866,2,0,64,36,,,,,,,,,"7/13/2026 5:20:34 PM","Wagon to start position","HMI_Connection_2"
46216722649.1204,2,0,64,74,"1052","351",,,,,,,"7/13/2026 5:20:37 PM","Deployment in Progress - Layer Nr. 1052 Matt. No.351","HMI_Connection_2"
46216722695.3935,2,1,64,149,,,,,,,,,"7/13/2026 5:20:41 PM","Cutting Unit - Cut startet","HMI_Connection_2"
46216722718.9815,2,1,64,150,,,,,,,,,"7/13/2026 5:20:43 PM","Cutting Unit - Cut finished","HMI_Connection_2"
46216722736.3195,2,1,65,2000,"1052","1053",,,,,,,"7/13/2026 5:20:44 PM","Layer Nr:1052 Next Layer Nr : 1053  ","<internal>"
46216722742.1528,2,0,64,149,,,,,,,,,"7/13/2026 5:20:45 PM","Cutting Unit - Cut startet","HMI_Connection_2"
46216722742.1528,2,0,64,150,,,,,,,,,"7/13/2026 5:20:45 PM","Cutting Unit - Cut finished","HMI_Connection_2"
46216722742.1528,2,1,64,37,,,,,,,,,"7/13/2026 5:20:45 PM","Wagon waiting for Feeder","HMI_Connection_2"
46216722742.1528,2,1,64,72,,,,,,,,,"7/13/2026 5:20:45 PM","Unwinder Material Tension","HMI_Connection_2"
46216722765.2778,2,1,64,36,,,,,,,,,"7/13/2026 5:20:47 PM","Wagon to start position","HMI_Connection_2"
46216722765.2778,2,1,64,112,,,,,,,,,"7/13/2026 5:20:47 PM","Lowering Pallet","HMI_Connection_2"
46216722776.8634,2,0,64,37,,,,,,,,,"7/13/2026 5:20:48 PM","Wagon waiting for Feeder","HMI_Connection_2"
46216722776.8634,2,0,64,72,,,,,,,,,"7/13/2026 5:20:48 PM","Unwinder Material Tension","HMI_Connection_2"
46216722799.5949,2,0,64,36,,,,,,,,,"7/13/2026 5:20:50 PM","Wagon to start position","HMI_Connection_2"
46216722799.5949,2,0,64,112,,,,,,,,,"7/13/2026 5:20:50 PM","Lowering Pallet","HMI_Connection_2"
46216722799.5949,2,1,64,74,"1053","350",,,,,,,"7/13/2026 5:20:50 PM","Deployment in Progress - Layer Nr. 1053 Matt. No.350","HMI_Connection_2"
46216722834.3171,2,0,64,74,"1053","350",,,,,,,"7/13/2026 5:20:53 PM","Deployment in Progress - Layer Nr. 1053 Matt. No.350","HMI_Connection_2"
46216722903.7732,2,1,64,149,,,,,,,,,"7/13/2026 5:20:59 PM","Cutting Unit - Cut startet","HMI_Connection_2"
46216722927.3611,2,1,64,150,,,,,,,,,"7/13/2026 5:21:01 PM","Cutting Unit - Cut finished","HMI_Connection_2"
46216722944.6875,2,0,65,2000,"1054","1055",,,,,,,"7/13/2026 5:21:02 PM","Layer Nr:1054 Next Layer Nr : 1055  ","<internal>"
46216722950.4514,2,0,64,149,,,,,,,,,"7/13/2026 5:21:03 PM","Cutting Unit - Cut startet","HMI_Connection_2"
46216722950.4514,2,0,64,150,,,,,,,,,"7/13/2026 5:21:03 PM","Cutting Unit - Cut finished","HMI_Connection_2"
46216722950.4514,2,1,64,37,,,,,,,,,"7/13/2026 5:21:03 PM","Wagon waiting for Feeder","HMI_Connection_2"
46216722950.4514,2,1,64,72,,,,,,,,,"7/13/2026 5:21:03 PM","Unwinder Material Tension","HMI_Connection_2"
46216722962.0833,2,1,64,36,,,,,,,,,"7/13/2026 5:21:04 PM","Wagon to start position","HMI_Connection_2"
46216722962.0833,2,1,64,132,,,,,,,,,"7/13/2026 5:21:04 PM","Feeder material to start position","HMI_Connection_2"
46216722985.2083,2,0,64,37,,,,,,,,,"7/13/2026 5:21:06 PM","Wagon waiting for Feeder","HMI_Connection_2"
46216722985.2083,2,0,64,72,,,,,,,,,"7/13/2026 5:21:06 PM","Unwinder Material Tension","HMI_Connection_2"
46216722996.3542,2,0,64,132,,,,,,,,,"7/13/2026 5:21:07 PM","Feeder material to start position","HMI_Connection_2"
46216722996.3542,2,1,64,74,"1054","349",,,,,,,"7/13/2026 5:21:07 PM","Deployment in Progress - Layer Nr. 1054 Matt. No.349","HMI_Connection_2"
46216723019.4907,2,0,64,36,,,,,,,,,"7/13/2026 5:21:09 PM","Wagon to start position","HMI_Connection_2"
46216723042.6736,2,0,64,74,"1054","349",,,,,,,"7/13/2026 5:21:11 PM","Deployment in Progress - Layer Nr. 1054 Matt. No.349","HMI_Connection_2"
46216723100.5324,2,1,64,149,,,,,,,,,"7/13/2026 5:21:16 PM","Cutting Unit - Cut startet","HMI_Connection_2"
46216723123.6806,2,1,64,150,,,,,,,,,"7/13/2026 5:21:18 PM","Cutting Unit - Cut finished","HMI_Connection_2"
46216723147.2222,2,0,64,149,,,,,,,,,"7/13/2026 5:21:20 PM","Cutting Unit - Cut startet","HMI_Connection_2"
46216723147.2222,2,0,64,150,,,,,,,,,"7/13/2026 5:21:20 PM","Cutting Unit - Cut finished","HMI_Connection_2"
46216723148.1945,2,1,65,2000,"1055","1056",,,,,,,"7/13/2026 5:21:20 PM","Layer Nr:1055 Next Layer Nr : 1056  ","<internal>"
46216723158.8195,2,1,64,37,,,,,,,,,"7/13/2026 5:21:21 PM","Wagon waiting for Feeder","HMI_Connection_2"
46216723158.8195,2,1,64,72,,,,,,,,,"7/13/2026 5:21:21 PM","Unwinder Material Tension","HMI_Connection_2"
46216723169.9769,2,1,64,112,,,,,,,,,"7/13/2026 5:21:22 PM","Lowering Pallet","HMI_Connection_2"
46216723181.9444,2,1,64,36,,,,,,,,,"7/13/2026 5:21:23 PM","Wagon to start position","HMI_Connection_2"
46216723181.9444,2,0,64,37,,,,,,,,,"7/13/2026 5:21:23 PM","Wagon waiting for Feeder","HMI_Connection_2"
46216723181.9444,2,0,64,72,,,,,,,,,"7/13/2026 5:21:23 PM","Unwinder Material Tension","HMI_Connection_2"
46216723204.6991,2,1,64,74,"1055","348",,,,,,,"7/13/2026 5:21:25 PM","Deployment in Progress - Layer Nr. 1055 Matt. No.348","HMI_Connection_2"
46216723216.2732,2,0,64,36,,,,,,,,,"7/13/2026 5:21:26 PM","Wagon to start position","HMI_Connection_2"
46216723216.2732,2,0,64,112,,,,,,,,,"7/13/2026 5:21:26 PM","Lowering Pallet","HMI_Connection_2"
46216723239.4329,2,0,64,74,"1055","348",,,,,,,"7/13/2026 5:21:28 PM","Deployment in Progress - Layer Nr. 1055 Matt. No.348","HMI_Connection_2"
46216723262.581,2,1,64,149,,,,,,,,,"7/13/2026 5:21:30 PM","Cutting Unit - Cut startet","HMI_Connection_2"
46216723286.1111,2,1,64,150,,,,,,,,,"7/13/2026 5:21:32 PM","Cutting Unit - Cut finished","HMI_Connection_2"
46216723309.213,2,0,64,149,,,,,,,,,"7/13/2026 5:21:34 PM","Cutting Unit - Cut startet","HMI_Connection_2"
46216723309.213,2,0,64,150,,,,,,,,,"7/13/2026 5:21:34 PM","Cutting Unit - Cut finished","HMI_Connection_2"
46216723309.213,2,1,64,37,,,,,,,,,"7/13/2026 5:21:34 PM","Wagon waiting for Feeder","HMI_Connection_2"
46216723309.213,2,1,64,72,,,,,,,,,"7/13/2026 5:21:34 PM","Unwinder Material Tension","HMI_Connection_2"
46216723310.2546,2,0,65,2000,"1056","1057",,,,,,,"7/13/2026 5:21:34 PM","Layer Nr:1056 Next Layer Nr : 1057  ","<internal>"
46216723320.8796,2,1,64,36,,,,,,,,,"7/13/2026 5:21:35 PM","Wagon to start position","HMI_Connection_2"
46216723320.8796,2,1,64,132,,,,,,,,,"7/13/2026 5:21:35 PM","Feeder material to start position","HMI_Connection_2"
46216723344.0046,2,0,64,37,,,,,,,,,"7/13/2026 5:21:37 PM","Wagon waiting for Feeder","HMI_Connection_2"
46216723344.0046,2,0,64,72,,,,,,,,,"7/13/2026 5:21:37 PM","Unwinder Material Tension","HMI_Connection_2"
46216723355.1852,2,0,64,132,,,,,,,,,"7/13/2026 5:21:38 PM","Feeder material to start position","HMI_Connection_2"
46216723355.1852,2,1,64,74,"1056","347",,,,,,,"7/13/2026 5:21:38 PM","Deployment in Progress - Layer Nr. 1056 Matt. No.347","HMI_Connection_2"
46216723378.3218,2,0,64,36,,,,,,,,,"7/13/2026 5:21:40 PM","Wagon to start position","HMI_Connection_2"
46216723401.4815,2,0,64,74,"1056","347",,,,,,,"7/13/2026 5:21:42 PM","Deployment in Progress - Layer Nr. 1056 Matt. No.347","HMI_Connection_2"
46216723436.1921,2,1,64,149,,,,,,,,,"7/13/2026 5:21:45 PM","Cutting Unit - Cut startet","HMI_Connection_2"
46216723447.7662,2,1,64,150,,,,,,,,,"7/13/2026 5:21:46 PM","Cutting Unit - Cut finished","HMI_Connection_2"
46216723471.3195,2,0,64,149,,,,,,,,,"7/13/2026 5:21:48 PM","Cutting Unit - Cut startet","HMI_Connection_2"
46216723471.3195,2,0,64,150,,,,,,,,,"7/13/2026 5:21:48 PM","Cutting Unit - Cut finished","HMI_Connection_2"
46216723477.1528,2,1,65,2000,"1057","1058",,,,,,,"7/13/2026 5:21:48 PM","Layer Nr:1057 Next Layer Nr : 1058  ","<internal>"
46216723482.9167,2,1,64,37,,,,,,,,,"7/13/2026 5:21:49 PM","Wagon waiting for Feeder","HMI_Connection_2"
46216723482.9167,2,1,64,72,,,,,,,,,"7/13/2026 5:21:49 PM","Unwinder Material Tension","HMI_Connection_2"
46216723505.6481,2,1,64,112,,,,,,,,,"7/13/2026 5:21:51 PM","Lowering Pallet","HMI_Connection_2"
46216723517.2222,2,0,64,37,,,,,,,,,"7/13/2026 5:21:52 PM","Wagon waiting for Feeder","HMI_Connection_2"
46216723517.2222,2,0,64,72,,,,,,,,,"7/13/2026 5:21:52 PM","Unwinder Material Tension","HMI_Connection_2"
46216723529.2477,2,1,64,36,,,,,,,,,"7/13/2026 5:21:53 PM","Wagon to start position","HMI_Connection_2"
46216723529.2477,2,1,64,37,,,,,,,,,"7/13/2026 5:21:53 PM","Wagon waiting for Feeder","HMI_Connection_2"
46216723540.7755,2,0,64,112,,,,,,,,,"7/13/2026 5:21:54 PM","Lowering Pallet","HMI_Connection_2"
46216723563.5301,2,1,64,74,"1057","346",,,,,,,"7/13/2026 5:21:56 PM","Deployment in Progress - Layer Nr. 1057 Matt. No.346","HMI_Connection_2"
46216723575.1042,2,0,64,36,,,,,,,,,"7/13/2026 5:21:57 PM","Wagon to start position","HMI_Connection_2"
46216723575.1042,2,0,64,37,,,,,,,,,"7/13/2026 5:21:57 PM","Wagon waiting for Feeder","HMI_Connection_2"
46216723598.2407,2,0,64,74,"1057","346",,,,,,,"7/13/2026 5:21:59 PM","Deployment in Progress - Layer Nr. 1057 Matt. No.346","HMI_Connection_2"
46216723632.963,2,1,64,149,,,,,,,,,"7/13/2026 5:22:02 PM","Cutting Unit - Cut startet","HMI_Connection_2"
46216723656.0995,2,1,64,150,,,,,,,,,"7/13/2026 5:22:04 PM","Cutting Unit - Cut finished","HMI_Connection_2"
46216723679.6296,2,0,64,149,,,,,,,,,"7/13/2026 5:22:06 PM","Cutting Unit - Cut startet","HMI_Connection_2"
46216723679.6296,2,0,64,150,,,,,,,,,"7/13/2026 5:22:06 PM","Cutting Unit - Cut finished","HMI_Connection_2"
46216723685.463,2,0,65,2000,"1057","1058",,,,,,,"7/13/2026 5:22:06 PM","Layer Nr:1057 Next Layer Nr : 1058  ","<internal>"
46216723691.2963,2,1,64,37,,,,,,,,,"7/13/2026 5:22:07 PM","Wagon waiting for Feeder","HMI_Connection_2"
46216723691.2963,2,1,64,72,,,,,,,,,"7/13/2026 5:22:07 PM","Unwinder Material Tension","HMI_Connection_2"
46216723702.8704,2,1,64,36,,,,,,,,,"7/13/2026 5:22:08 PM","Wagon to start position","HMI_Connection_2"
46216723702.8704,2,1,64,132,,,,,,,,,"7/13/2026 5:22:08 PM","Feeder material to start position","HMI_Connection_2"
46216723726.0648,2,0,64,37,,,,,,,,,"7/13/2026 5:22:10 PM","Wagon waiting for Feeder","HMI_Connection_2"
46216723726.0648,2,0,64,72,,,,,,,,,"7/13/2026 5:22:10 PM","Unwinder Material Tension","HMI_Connection_2"
46216723737.1991,2,0,64,132,,,,,,,,,"7/13/2026 5:22:11 PM","Feeder material to start position","HMI_Connection_2"
46216723737.1991,2,1,64,74,"1058","345",,,,,,,"7/13/2026 5:22:11 PM","Deployment in Progress - Layer Nr. 1058 Matt. No.345","HMI_Connection_2"
46216723748.7847,2,0,64,36,,,,,,,,,"7/13/2026 5:22:12 PM","Wagon to start position","HMI_Connection_2"
46216723783.5069,2,0,64,74,"1058","345",,,,,,,"7/13/2026 5:22:15 PM","Deployment in Progress - Layer Nr. 1058 Matt. No.345","HMI_Connection_2"
46216723829.7917,2,1,64,149,,,,,,,,,"7/13/2026 5:22:19 PM","Cutting Unit - Cut startet","HMI_Connection_2"
46216723853.3449,2,1,64,150,,,,,,,,,"7/13/2026 5:22:21 PM","Cutting Unit - Cut finished","HMI_Connection_2"
46216723870.7407,2,1,65,2000,"1058","1059",,,,,,,"7/13/2026 5:22:22 PM","Layer Nr:1058 Next Layer Nr : 1059  ","<internal>"
46216723876.5046,2,0,64,149,,,,,,,,,"7/13/2026 5:22:23 PM","Cutting Unit - Cut startet","HMI_Connection_2"
46216723876.5046,2,0,64,150,,,,,,,,,"7/13/2026 5:22:23 PM","Cutting Unit - Cut finished","HMI_Connection_2"
46216723876.5046,2,1,64,37,,,,,,,,,"7/13/2026 5:22:23 PM","Wagon waiting for Feeder","HMI_Connection_2"
46216723876.5046,2,1,64,72,,,,,,,,,"7/13/2026 5:22:23 PM","Unwinder Material Tension","HMI_Connection_2"
46216723899.6412,2,1,64,36,,,,,,,,,"7/13/2026 5:22:25 PM","Wagon to start position","HMI_Connection_2"
46216723899.6412,2,1,64,112,,,,,,,,,"7/13/2026 5:22:25 PM","Lowering Pallet","HMI_Connection_2"
46216723911.2384,2,0,64,37,,,,,,,,,"7/13/2026 5:22:26 PM","Wagon waiting for Feeder","HMI_Connection_2"
46216723911.2384,2,0,64,72,,,,,,,,,"7/13/2026 5:22:26 PM","Unwinder Material Tension","HMI_Connection_2"
46216723933.9699,2,0,64,36,,,,,,,,,"7/13/2026 5:22:28 PM","Wagon to start position","HMI_Connection_2"
46216723933.9699,2,0,64,112,,,,,,,,,"7/13/2026 5:22:28 PM","Lowering Pallet","HMI_Connection_2"
46216723933.9699,2,1,64,74,"1059","344",,,,,,,"7/13/2026 5:22:28 PM","Deployment in Progress - Layer Nr. 1059 Matt. No.344","HMI_Connection_2"
46216723968.6806,2,0,64,74,"1059","344",,,,,,,"7/13/2026 5:22:31 PM","Deployment in Progress - Layer Nr. 1059 Matt. No.344","HMI_Connection_2"
46216724038.125,2,1,64,149,,,,,,,,,"7/13/2026 5:22:37 PM","Cutting Unit - Cut startet","HMI_Connection_2"
46216724061.713,2,1,64,150,,,,,,,,,"7/13/2026 5:22:39 PM","Cutting Unit - Cut finished","HMI_Connection_2"
46216724079.0509,2,0,65,2000,"1059","1060",,,,,,,"7/13/2026 5:22:40 PM","Layer Nr:1059 Next Layer Nr : 1060  ","<internal>"
46216724084.8843,2,0,64,149,,,,,,,,,"7/13/2026 5:22:41 PM","Cutting Unit - Cut startet","HMI_Connection_2"
46216724084.8843,2,0,64,150,,,,,,,,,"7/13/2026 5:22:41 PM","Cutting Unit - Cut finished","HMI_Connection_2"
46216724084.8843,2,1,64,37,,,,,,,,,"7/13/2026 5:22:41 PM","Wagon waiting for Feeder","HMI_Connection_2"
46216724084.8843,2,1,64,72,,,,,,,,,"7/13/2026 5:22:41 PM","Unwinder Material Tension","HMI_Connection_2"
46216724096.4352,2,1,64,36,,,,,,,,,"7/13/2026 5:22:42 PM","Wagon to start position","HMI_Connection_2"
46216724096.4352,2,1,64,132,,,,,,,,,"7/13/2026 5:22:42 PM","Feeder material to start position","HMI_Connection_2"
46216724119.5718,2,0,64,37,,,,,,,,,"7/13/2026 5:22:44 PM","Wagon waiting for Feeder","HMI_Connection_2"
46216724119.5718,2,0,64,72,,,,,,,,,"7/13/2026 5:22:44 PM","Unwinder Material Tension","HMI_Connection_2"
46216724130.7523,2,0,64,132,,,,,,,,,"7/13/2026 5:22:45 PM","Feeder material to start position","HMI_Connection_2"
46216724130.7523,2,1,64,74,"1060","343",,,,,,,"7/13/2026 5:22:45 PM","Deployment in Progress - Layer Nr. 1060 Matt. No.343","HMI_Connection_2"
46216724142.3264,2,0,64,36,,,,,,,,,"7/13/2026 5:22:46 PM","Wagon to start position","HMI_Connection_2"
46216724177.0486,2,0,64,74,"1060","343",,,,,,,"7/13/2026 5:22:49 PM","Deployment in Progress - Layer Nr. 1060 Matt. No.343","HMI_Connection_2"
46216724234.919,2,1,64,149,,,,,,,,,"7/13/2026 5:22:54 PM","Cutting Unit - Cut startet","HMI_Connection_2"
46216724258.4606,2,1,64,150,,,,,,,,,"7/13/2026 5:22:56 PM","Cutting Unit - Cut finished","HMI_Connection_2"
46216724270.0231,2,0,64,149,,,,,,,,,"7/13/2026 5:22:57 PM","Cutting Unit - Cut startet","HMI_Connection_2"
46216724270.0231,2,0,64,150,,,,,,,,,"7/13/2026 5:22:57 PM","Cutting Unit - Cut finished","HMI_Connection_2"
46216724270.9954,2,1,65,2000,"1060","1061",,,,,,,"7/13/2026 5:22:57 PM","Layer Nr:1060 Next Layer Nr : 1061  ","<internal>"
46216724281.6204,2,1,64,37,,,,,,,,,"7/13/2026 5:22:58 PM","Wagon waiting for Feeder","HMI_Connection_2"
46216724281.6204,2,1,64,72,,,,,,,,,"7/13/2026 5:22:58 PM","Unwinder Material Tension","HMI_Connection_2"
46216724292.7778,2,1,64,112,,,,,,,,,"7/13/2026 5:22:59 PM","Lowering Pallet","HMI_Connection_2"
46216724304.7569,2,1,64,36,,,,,,,,,"7/13/2026 5:23:00 PM","Wagon to start position","HMI_Connection_2"
46216724316.3542,2,0,64,37,,,,,,,,,"7/13/2026 5:23:01 PM","Wagon waiting for Feeder","HMI_Connection_2"
46216724316.3542,2,0,64,72,,,,,,,,,"7/13/2026 5:23:01 PM","Unwinder Material Tension","HMI_Connection_2"
46216724339.0741,2,0,64,36,,,,,,,,,"7/13/2026 5:23:03 PM","Wagon to start position","HMI_Connection_2"
46216724339.0741,2,0,64,112,,,,,,,,,"7/13/2026 5:23:03 PM","Lowering Pallet","HMI_Connection_2"
46216724339.0741,2,1,64,74,"1061","342",,,,,,,"7/13/2026 5:23:03 PM","Deployment in Progress - Layer Nr. 1061 Matt. No.342","HMI_Connection_2"
46216724373.7963,2,0,64,74,"1061","342",,,,,,,"7/13/2026 5:23:06 PM","Deployment in Progress - Layer Nr. 1061 Matt. No.342","HMI_Connection_2"
46216724385.3819,2,1,64,149,,,,,,,,,"7/13/2026 5:23:07 PM","Cutting Unit - Cut startet","HMI_Connection_2"
46216724408.9815,2,1,64,150,,,,,,,,,"7/13/2026 5:23:09 PM","Cutting Unit - Cut finished","HMI_Connection_2"
46216724426.3079,2,0,65,2000,"1061","1062",,,,,,,"7/13/2026 5:23:10 PM","Layer Nr:1061 Next Layer Nr : 1062  ","<internal>"
46216724432.1412,2,0,64,149,,,,,,,,,"7/13/2026 5:23:11 PM","Cutting Unit - Cut startet","HMI_Connection_2"
46216724432.1412,2,0,64,150,,,,,,,,,"7/13/2026 5:23:11 PM","Cutting Unit - Cut finished","HMI_Connection_2"
46216724432.1412,2,1,64,37,,,,,,,,,"7/13/2026 5:23:11 PM","Wagon waiting for Feeder","HMI_Connection_2"
46216724432.1412,2,1,64,72,,,,,,,,,"7/13/2026 5:23:11 PM","Unwinder Material Tension","HMI_Connection_2"
46216724443.7153,2,1,64,36,,,,,,,,,"7/13/2026 5:23:12 PM","Wagon to start position","HMI_Connection_2"
46216724443.7153,2,1,64,132,,,,,,,,,"7/13/2026 5:23:12 PM","Feeder material to start position","HMI_Connection_2"
46216724466.8287,2,0,64,37,,,,,,,,,"7/13/2026 5:23:14 PM","Wagon waiting for Feeder","HMI_Connection_2"
46216724466.8287,2,0,64,72,,,,,,,,,"7/13/2026 5:23:14 PM","Unwinder Material Tension","HMI_Connection_2"
46216724477.9861,2,0,64,132,,,,,,,,,"7/13/2026 5:23:15 PM","Feeder material to start position","HMI_Connection_2"
46216724477.9861,2,1,64,74,"1062","341",,,,,,,"7/13/2026 5:23:15 PM","Deployment in Progress - Layer Nr. 1062 Matt. No.341","HMI_Connection_2"
46216724501.1458,2,0,64,36,,,,,,,,,"7/13/2026 5:23:17 PM","Wagon to start position","HMI_Connection_2"
46216724524.294,2,0,64,74,"1062","341",,,,,,,"7/13/2026 5:23:19 PM","Deployment in Progress - Layer Nr. 1062 Matt. No.341","HMI_Connection_2"
46216724547.4421,2,1,64,149,,,,,,,,,"7/13/2026 5:23:21 PM","Cutting Unit - Cut startet","HMI_Connection_2"
46216724571.0069,2,1,64,150,,,,,,,,,"7/13/2026 5:23:23 PM","Cutting Unit - Cut finished","HMI_Connection_2"
46216724588.4028,2,1,65,2000,"1062","1063",,,,,,,"7/13/2026 5:23:24 PM","Layer Nr:1062 Next Layer Nr : 1063  ","<internal>"
46216724594.1667,2,0,64,149,,,,,,,,,"7/13/2026 5:23:25 PM","Cutting Unit - Cut startet","HMI_Connection_2"
46216724594.1667,2,0,64,150,,,,,,,,,"7/13/2026 5:23:25 PM","Cutting Unit - Cut finished","HMI_Connection_2"
46216724594.1667,2,1,64,37,,,,,,,,,"7/13/2026 5:23:25 PM","Wagon waiting for Feeder","HMI_Connection_2"
46216724594.1667,2,1,64,72,,,,,,,,,"7/13/2026 5:23:25 PM","Unwinder Material Tension","HMI_Connection_2"
46216724616.8866,2,1,64,112,,,,,,,,,"7/13/2026 5:23:27 PM","Lowering Pallet","HMI_Connection_2"
46216724628.4491,2,0,64,37,,,,,,,,,"7/13/2026 5:23:28 PM","Wagon waiting for Feeder","HMI_Connection_2"
46216724628.4491,2,0,64,72,,,,,,,,,"7/13/2026 5:23:28 PM","Unwinder Material Tension","HMI_Connection_2"
46216724640.4861,2,1,64,36,,,,,,,,,"7/13/2026 5:23:29 PM","Wagon to start position","HMI_Connection_2"
46216724640.4861,2,1,64,37,,,,,,,,,"7/13/2026 5:23:29 PM","Wagon waiting for Feeder","HMI_Connection_2"
46216724663.6111,2,0,64,112,,,,,,,,,"7/13/2026 5:23:31 PM","Lowering Pallet","HMI_Connection_2"
46216724674.7685,2,1,64,74,"1063","340",,,,,,,"7/13/2026 5:23:32 PM","Deployment in Progress - Layer Nr. 1063 Matt. No.340","HMI_Connection_2"
46216724686.331,2,0,64,36,,,,,,,,,"7/13/2026 5:23:33 PM","Wagon to start position","HMI_Connection_2"
46216724686.331,2,0,64,37,,,,,,,,,"7/13/2026 5:23:33 PM","Wagon waiting for Feeder","HMI_Connection_2"
46216724721.0648,2,0,64,74,"1063","340",,,,,,,"7/13/2026 5:23:36 PM","Deployment in Progress - Layer Nr. 1063 Matt. No.340","HMI_Connection_2"
46216724744.2245,2,1,64,149,,,,,,,,,"7/13/2026 5:23:38 PM","Cutting Unit - Cut startet","HMI_Connection_2"
46216724767.7778,2,1,64,150,,,,,,,,,"7/13/2026 5:23:40 PM","Cutting Unit - Cut finished","HMI_Connection_2"
46216724790.9375,2,0,64,149,,,,,,,,,"7/13/2026 5:23:42 PM","Cutting Unit - Cut startet","HMI_Connection_2"
46216724790.9375,2,0,64,150,,,,,,,,,"7/13/2026 5:23:42 PM","Cutting Unit - Cut finished","HMI_Connection_2"
46216724796.7014,2,0,65,2000,"1064","1065",,,,,,,"7/13/2026 5:23:42 PM","Layer Nr:1064 Next Layer Nr : 1065  ","<internal>"
46216724802.4653,2,1,64,37,,,,,,,,,"7/13/2026 5:23:43 PM","Wagon waiting for Feeder","HMI_Connection_2"
46216724802.4653,2,1,64,72,,,,,,,,,"7/13/2026 5:23:43 PM","Unwinder Material Tension","HMI_Connection_2"
46216724814.0972,2,1,64,36,,,,,,,,,"7/13/2026 5:23:44 PM","Wagon to start position","HMI_Connection_2"
46216724814.0972,2,1,64,132,,,,,,,,,"7/13/2026 5:23:44 PM","Feeder material to start position","HMI_Connection_2"
46216724837.2222,2,0,64,37,,,,,,,,,"7/13/2026 5:23:46 PM","Wagon waiting for Feeder","HMI_Connection_2"
46216724837.2222,2,0,64,72,,,,,,,,,"7/13/2026 5:23:46 PM","Unwinder Material Tension","HMI_Connection_2"
46216724848.3796,2,0,64,132,,,,,,,,,"7/13/2026 5:23:47 PM","Feeder material to start position","HMI_Connection_2"
46216724848.3796,2,1,64,74,"1064","339",,,,,,,"7/13/2026 5:23:47 PM","Deployment in Progress - Layer Nr. 1064 Matt. No.339","HMI_Connection_2"
46216724871.5394,2,0,64,36,,,,,,,,,"7/13/2026 5:23:49 PM","Wagon to start position","HMI_Connection_2"
46216724894.6991,2,0,64,74,"1064","339",,,,,,,"7/13/2026 5:23:51 PM","Deployment in Progress - Layer Nr. 1064 Matt. No.339","HMI_Connection_2"
46216724929.4329,2,1,64,149,,,,,,,,,"7/13/2026 5:23:54 PM","Cutting Unit - Cut startet","HMI_Connection_2"
46216724952.963,2,1,64,150,,,,,,,,,"7/13/2026 5:23:56 PM","Cutting Unit - Cut finished","HMI_Connection_2"
46216724964.5602,2,0,64,149,,,,,,,,,"7/13/2026 5:23:57 PM","Cutting Unit - Cut startet","HMI_Connection_2"
46216724964.5602,2,0,64,150,,,,,,,,,"7/13/2026 5:23:57 PM","Cutting Unit - Cut finished","HMI_Connection_2"
46216724976.1227,2,1,64,37,,,,,,,,,"7/13/2026 5:23:58 PM","Wagon waiting for Feeder","HMI_Connection_2"
46216724976.1227,2,1,64,72,,,,,,,,,"7/13/2026 5:23:58 PM","Unwinder Material Tension","HMI_Connection_2"
46216724977.0949,2,1,65,2000,"1065","1066",,,,,,,"7/13/2026 5:23:58 PM","Layer Nr:1065 Next Layer Nr : 1066  ","<internal>"
46216724999.3056,2,1,64,36,,,,,,,,,"7/13/2026 5:24:00 PM","Wagon to start position","HMI_Connection_2"
46216724999.3056,2,1,64,112,,,,,,,,,"7/13/2026 5:24:00 PM","Lowering Pallet","HMI_Connection_2"
46216725010.8333,2,0,64,37,,,,,,,,,"7/13/2026 5:24:01 PM","Wagon waiting for Feeder","HMI_Connection_2"
46216725010.8333,2,0,64,72,,,,,,,,,"7/13/2026 5:24:01 PM","Unwinder Material Tension","HMI_Connection_2"
46216725033.5995,2,1,64,74,"1065","338",,,,,,,"7/13/2026 5:24:03 PM","Deployment in Progress - Layer Nr. 1065 Matt. No.338","HMI_Connection_2"
46216725045.162,2,0,64,36,,,,,,,,,"7/13/2026 5:24:04 PM","Wagon to start position","HMI_Connection_2"
46216725045.162,2,0,64,112,,,,,,,,,"7/13/2026 5:24:04 PM","Lowering Pallet","HMI_Connection_2"
46216725068.3218,2,0,64,74,"1065","338",,,,,,,"7/13/2026 5:24:06 PM","Deployment in Progress - Layer Nr. 1065 Matt. No.338","HMI_Connection_2"
46216725137.7778,2,1,64,149,,,,,,,,,"7/13/2026 5:24:12 PM","Cutting Unit - Cut startet","HMI_Connection_2"
46216725161.331,2,1,64,150,,,,,,,,,"7/13/2026 5:24:14 PM","Cutting Unit - Cut finished","HMI_Connection_2"
46216725172.8935,2,0,64,149,,,,,,,,,"7/13/2026 5:24:15 PM","Cutting Unit - Cut startet","HMI_Connection_2"
46216725172.8935,2,0,64,150,,,,,,,,,"7/13/2026 5:24:15 PM","Cutting Unit - Cut finished","HMI_Connection_2"
46216725173.8657,2,0,65,2000,"1065","1066",,,,,,,"7/13/2026 5:24:15 PM","Layer Nr:1065 Next Layer Nr : 1066  ","<internal>"
46216725184.4907,2,1,64,37,,,,,,,,,"7/13/2026 5:24:16 PM","Wagon waiting for Feeder","HMI_Connection_2"
46216725184.4907,2,1,64,72,,,,,,,,,"7/13/2026 5:24:16 PM","Unwinder Material Tension","HMI_Connection_2"
46216725196.0532,2,1,64,36,,,,,,,,,"7/13/2026 5:24:17 PM","Wagon to start position","HMI_Connection_2"
46216725196.0532,2,1,64,132,,,,,,,,,"7/13/2026 5:24:17 PM","Feeder material to start position","HMI_Connection_2"
46216725207.6505,2,0,64,37,,,,,,,,,"7/13/2026 5:24:18 PM","Wagon waiting for Feeder","HMI_Connection_2"
46216725207.6505,2,0,64,72,,,,,,,,,"7/13/2026 5:24:18 PM","Unwinder Material Tension","HMI_Connection_2"
46216725218.7847,2,0,64,132,,,,,,,,,"7/13/2026 5:24:19 PM","Feeder material to start position","HMI_Connection_2"
46216725218.7847,2,1,64,74,"1066","337",,,,,,,"7/13/2026 5:24:19 PM","Deployment in Progress - Layer Nr. 1066 Matt. No.337","HMI_Connection_2"
46216725241.9445,2,0,64,36,,,,,,,,,"7/13/2026 5:24:21 PM","Wagon to start position","HMI_Connection_2"
46216725265.081,2,0,64,74,"1066","337",,,,,,,"7/13/2026 5:24:23 PM","Deployment in Progress - Layer Nr. 1066 Matt. No.337","HMI_Connection_2"
46216725322.9514,2,1,64,149,,,,,,,,,"7/13/2026 5:24:28 PM","Cutting Unit - Cut startet","HMI_Connection_2"
46216725346.5509,2,1,64,150,,,,,,,,,"7/13/2026 5:24:30 PM","Cutting Unit - Cut finished","HMI_Connection_2"
46216725363.8773,2,1,65,2000,"1066","1067",,,,,,,"7/13/2026 5:24:31 PM","Layer Nr:1066 Next Layer Nr : 1067  ","<internal>"
46216725369.7106,2,0,64,149,,,,,,,,,"7/13/2026 5:24:32 PM","Cutting Unit - Cut startet","HMI_Connection_2"
46216725369.7106,2,0,64,150,,,,,,,,,"7/13/2026 5:24:32 PM","Cutting Unit - Cut finished","HMI_Connection_2"
46216725369.7106,2,1,64,37,,,,,,,,,"7/13/2026 5:24:32 PM","Wagon waiting for Feeder","HMI_Connection_2"
46216725369.7106,2,1,64,72,,,,,,,,,"7/13/2026 5:24:32 PM","Unwinder Material Tension","HMI_Connection_2"
46216725392.8241,2,1,64,36,,,,,,,,,"7/13/2026 5:24:34 PM","Wagon to start position","HMI_Connection_2"
46216725392.8241,2,1,64,112,,,,,,,,,"7/13/2026 5:24:34 PM","Lowering Pallet","HMI_Connection_2"
46216725404.4213,2,0,64,37,,,,,,,,,"7/13/2026 5:24:35 PM","Wagon waiting for Feeder","HMI_Connection_2"
46216725404.4213,2,0,64,72,,,,,,,,,"7/13/2026 5:24:35 PM","Unwinder Material Tension","HMI_Connection_2"
46216725427.1412,2,1,64,74,"1067","336",,,,,,,"7/13/2026 5:24:37 PM","Deployment in Progress - Layer Nr. 1067 Matt. No.336","HMI_Connection_2"
46216725438.7037,2,0,64,36,,,,,,,,,"7/13/2026 5:24:38 PM","Wagon to start position","HMI_Connection_2"
46216725438.7037,2,0,64,112,,,,,,,,,"7/13/2026 5:24:38 PM","Lowering Pallet","HMI_Connection_2"
46216725461.8634,2,0,64,74,"1067","336",,,,,,,"7/13/2026 5:24:40 PM","Deployment in Progress - Layer Nr. 1067 Matt. No.336","HMI_Connection_2"
46216725485,2,1,64,149,,,,,,,,,"7/13/2026 5:24:42 PM","Cutting Unit - Cut startet","HMI_Connection_2"
46216725496.5856,2,1,64,150,,,,,,,,,"7/13/2026 5:24:43 PM","Cutting Unit - Cut finished","HMI_Connection_2"
46216725520.162,2,0,64,149,,,,,,,,,"7/13/2026 5:24:45 PM","Cutting Unit - Cut startet","HMI_Connection_2"
46216725520.162,2,0,64,150,,,,,,,,,"7/13/2026 5:24:45 PM","Cutting Unit - Cut finished","HMI_Connection_2"
46216725521.0648,2,0,65,2000,"1067","1068",,,,,,,"7/13/2026 5:24:45 PM","Layer Nr:1067 Next Layer Nr : 1068  ","<internal>"
46216725531.7593,2,1,64,37,,,,,,,,,"7/13/2026 5:24:46 PM","Wagon waiting for Feeder","HMI_Connection_2"
46216725531.7593,2,1,64,72,,,,,,,,,"7/13/2026 5:24:46 PM","Unwinder Material Tension","HMI_Connection_2"
46216725543.3218,2,1,64,36,,,,,,,,,"7/13/2026 5:24:47 PM","Wagon to start position","HMI_Connection_2"
46216725543.3218,2,1,64,132,,,,,,,,,"7/13/2026 5:24:47 PM","Feeder material to start position","HMI_Connection_2"
46216725566.0417,2,0,64,37,,,,,,,,,"7/13/2026 5:24:49 PM","Wagon waiting for Feeder","HMI_Connection_2"
46216725566.0417,2,0,64,72,,,,,,,,,"7/13/2026 5:24:49 PM","Unwinder Material Tension","HMI_Connection_2"
46216725566.0417,2,0,64,132,,,,,,,,,"7/13/2026 5:24:49 PM","Feeder material to start position","HMI_Connection_2"
46216725566.0417,2,1,64,74,"1068","335",,,,,,,"7/13/2026 5:24:49 PM","Deployment in Progress - Layer Nr. 1068 Matt. No.335","HMI_Connection_2"
46216725589.1898,2,0,64,36,,,,,,,,,"7/13/2026 5:24:51 PM","Wagon to start position","HMI_Connection_2"
46216725623.8889,2,0,64,74,"1068","335",,,,,,,"7/13/2026 5:24:54 PM","Deployment in Progress - Layer Nr. 1068 Matt. No.335","HMI_Connection_2"
46216725647.0486,2,1,64,149,,,,,,,,,"7/13/2026 5:24:56 PM","Cutting Unit - Cut startet","HMI_Connection_2"
46216725658.6111,2,1,64,150,,,,,,,,,"7/13/2026 5:24:57 PM","Cutting Unit - Cut finished","HMI_Connection_2"
46216725682.1644,2,0,64,149,,,,,,,,,"7/13/2026 5:24:59 PM","Cutting Unit - Cut startet","HMI_Connection_2"
46216725682.1644,2,0,64,150,,,,,,,,,"7/13/2026 5:24:59 PM","Cutting Unit - Cut finished","HMI_Connection_2"
46216725683.1366,2,1,65,2000,"1068","1069",,,,,,,"7/13/2026 5:24:59 PM","Layer Nr:1068 Next Layer Nr : 1069  ","<internal>"
46216725693.7616,2,1,64,37,,,,,,,,,"7/13/2026 5:25:00 PM","Wagon waiting for Feeder","HMI_Connection_2"
46216725693.7616,2,1,64,72,,,,,,,,,"7/13/2026 5:25:00 PM","Unwinder Material Tension","HMI_Connection_2"
46216725704.919,2,1,64,112,,,,,,,,,"7/13/2026 5:25:01 PM","Lowering Pallet","HMI_Connection_2"
46216725716.8982,2,1,64,36,,,,,,,,,"7/13/2026 5:25:02 PM","Wagon to start position","HMI_Connection_2"
46216725728.4954,2,0,64,37,,,,,,,,,"7/13/2026 5:25:03 PM","Wagon waiting for Feeder","HMI_Connection_2"
46216725728.4954,2,0,64,72,,,,,,,,,"7/13/2026 5:25:03 PM","Unwinder Material Tension","HMI_Connection_2"
46216725751.25,2,0,64,36,,,,,,,,,"7/13/2026 5:25:05 PM","Wagon to start position","HMI_Connection_2"
46216725751.25,2,0,64,112,,,,,,,,,"7/13/2026 5:25:05 PM","Lowering Pallet","HMI_Connection_2"
46216725751.25,2,1,64,74,"1069","334",,,,,,,"7/13/2026 5:25:05 PM","Deployment in Progress - Layer Nr. 1069 Matt. No.334","HMI_Connection_2"
46216725785.9491,2,0,64,74,"1069","334",,,,,,,"7/13/2026 5:25:08 PM","Deployment in Progress - Layer Nr. 1069 Matt. No.334","HMI_Connection_2"
46216725820.6713,2,1,64,149,,,,,,,,,"7/13/2026 5:25:11 PM","Cutting Unit - Cut startet","HMI_Connection_2"
46216725844.1551,2,1,64,150,,,,,,,,,"7/13/2026 5:25:13 PM","Cutting Unit - Cut finished","HMI_Connection_2"
46216725867.3843,2,0,64,149,,,,,,,,,"7/13/2026 5:25:15 PM","Cutting Unit - Cut startet","HMI_Connection_2"
46216725867.3843,2,0,64,150,,,,,,,,,"7/13/2026 5:25:15 PM","Cutting Unit - Cut finished","HMI_Connection_2"
46216725873.1481,2,0,65,2000,"1070","1071",,,,,,,"7/13/2026 5:25:15 PM","Layer Nr:1070 Next Layer Nr : 1071  ","<internal>"
46216725878.9815,2,1,64,37,,,,,,,,,"7/13/2026 5:25:16 PM","Wagon waiting for Feeder","HMI_Connection_2"
46216725878.9815,2,1,64,72,,,,,,,,,"7/13/2026 5:25:16 PM","Unwinder Material Tension","HMI_Connection_2"
46216725890.544,2,1,64,36,,,,,,,,,"7/13/2026 5:25:17 PM","Wagon to start position","HMI_Connection_2"
46216725890.544,2,1,64,132,,,,,,,,,"7/13/2026 5:25:17 PM","Feeder material to start position","HMI_Connection_2"
46216725913.4259,2,0,64,37,,,,,,,,,"7/13/2026 5:25:19 PM","Wagon waiting for Feeder","HMI_Connection_2"
46216725913.4259,2,0,64,72,,,,,,,,,"7/13/2026 5:25:19 PM","Unwinder Material Tension","HMI_Connection_2"
46216725924.8495,2,0,64,132,,,,,,,,,"7/13/2026 5:25:20 PM","Feeder material to start position","HMI_Connection_2"
46216725924.8495,2,1,64,74,"1070","333",,,,,,,"7/13/2026 5:25:20 PM","Deployment in Progress - Layer Nr. 1070 Matt. No.333","HMI_Connection_2"
46216725936.4352,2,0,64,36,,,,,,,,,"7/13/2026 5:25:21 PM","Wagon to start position","HMI_Connection_2"
46216725971.1458,2,0,64,74,"1070","333",,,,,,,"7/13/2026 5:25:24 PM","Deployment in Progress - Layer Nr. 1070 Matt. No.333","HMI_Connection_2"
46216726017.4421,2,1,64,149,,,,,,,,,"7/13/2026 5:25:28 PM","Cutting Unit - Cut startet","HMI_Connection_2"
46216726041.0301,2,1,64,150,,,,,,,,,"7/13/2026 5:25:30 PM","Cutting Unit - Cut finished","HMI_Connection_2"
46216726058.3565,2,1,65,2000,"1070","1071",,,,,,,"7/13/2026 5:25:31 PM","Layer Nr:1070 Next Layer Nr : 1071  ","<internal>"
46216726064.1898,2,0,64,149,,,,,,,,,"7/13/2026 5:25:32 PM","Cutting Unit - Cut startet","HMI_Connection_2"
46216726064.1898,2,0,64,150,,,,,,,,,"7/13/2026 5:25:32 PM","Cutting Unit - Cut finished","HMI_Connection_2"
46216726064.1898,2,1,64,37,,,,,,,,,"7/13/2026 5:25:32 PM","Wagon waiting for Feeder","HMI_Connection_2"
46216726064.1898,2,1,64,72,,,,,,,,,"7/13/2026 5:25:32 PM","Unwinder Material Tension","HMI_Connection_2"
46216726086.8866,2,1,64,112,,,,,,,,,"7/13/2026 5:25:34 PM","Lowering Pallet","HMI_Connection_2"
46216726098.4722,2,1,64,36,,,,,,,,,"7/13/2026 5:25:35 PM","Wagon to start position","HMI_Connection_2"
46216726098.4722,2,0,64,72,,,,,,,,,"7/13/2026 5:25:35 PM","Unwinder Material Tension","HMI_Connection_2"
46216726133.1944,2,0,64,112,,,,,,,,,"7/13/2026 5:25:38 PM","Lowering Pallet","HMI_Connection_2"
46216726133.1944,2,1,64,74,"1071","332",,,,,,,"7/13/2026 5:25:38 PM","Deployment in Progress - Layer Nr. 1071 Matt. No.332","HMI_Connection_2"
46216726156.3426,2,0,64,36,,,,,,,,,"7/13/2026 5:25:40 PM","Wagon to start position","HMI_Connection_2"
46216726156.3426,2,0,64,37,,,,,,,,,"7/13/2026 5:25:40 PM","Wagon waiting for Feeder","HMI_Connection_2"
46216726191.0764,2,0,64,74,"1071","332",,,,,,,"7/13/2026 5:25:43 PM","Deployment in Progress - Layer Nr. 1071 Matt. No.332","HMI_Connection_2"
46216726237.3727,2,1,64,149,,,,,,,,,"7/13/2026 5:25:47 PM","Cutting Unit - Cut startet","HMI_Connection_2"
46216726260.9375,2,1,64,150,,,,,,,,,"7/13/2026 5:25:49 PM","Cutting Unit - Cut finished","HMI_Connection_2"
46216726278.2639,2,0,65,2000,"1072","1073",,,,,,,"7/13/2026 5:25:50 PM","Layer Nr:1072 Next Layer Nr : 1073  ","<internal>"
46216726284.0972,2,0,64,149,,,,,,,,,"7/13/2026 5:25:51 PM","Cutting Unit - Cut startet","HMI_Connection_2"
46216726284.0972,2,0,64,150,,,,,,,,,"7/13/2026 5:25:51 PM","Cutting Unit - Cut finished","HMI_Connection_2"
46216726284.0972,2,1,64,37,,,,,,,,,"7/13/2026 5:25:51 PM","Wagon waiting for Feeder","HMI_Connection_2"
46216726284.0972,2,1,64,72,,,,,,,,,"7/13/2026 5:25:51 PM","Unwinder Material Tension","HMI_Connection_2"
46216726295.625,2,1,64,36,,,,,,,,,"7/13/2026 5:25:52 PM","Wagon to start position","HMI_Connection_2"
46216726295.625,2,1,64,132,,,,,,,,,"7/13/2026 5:25:52 PM","Feeder material to start position","HMI_Connection_2"
46216726318.3796,2,0,64,37,,,,,,,,,"7/13/2026 5:25:54 PM","Wagon waiting for Feeder","HMI_Connection_2"
46216726318.3796,2,0,64,72,,,,,,,,,"7/13/2026 5:25:54 PM","Unwinder Material Tension","HMI_Connection_2"
46216726329.9653,2,0,64,132,,,,,,,,,"7/13/2026 5:25:55 PM","Feeder material to start position","HMI_Connection_2"
46216726329.9653,2,1,64,74,"1072","331",,,,,,,"7/13/2026 5:25:55 PM","Deployment in Progress - Layer Nr. 1072 Matt. No.331","HMI_Connection_2"
46216726341.5393,2,0,64,36,,,,,,,,,"7/13/2026 5:25:56 PM","Wagon to start position","HMI_Connection_2"
46216726376.2731,2,0,64,74,"1072","331",,,,,,,"7/13/2026 5:25:59 PM","Deployment in Progress - Layer Nr. 1072 Matt. No.331","HMI_Connection_2"
46216726434.1435,2,1,64,149,,,,,,,,,"7/13/2026 5:26:04 PM","Cutting Unit - Cut startet","HMI_Connection_2"
46216726445.7176,2,1,64,150,,,,,,,,,"7/13/2026 5:26:05 PM","Cutting Unit - Cut finished","HMI_Connection_2"
46216726469.2708,2,0,64,149,,,,,,,,,"7/13/2026 5:26:07 PM","Cutting Unit - Cut startet","HMI_Connection_2"
46216726469.2708,2,0,64,150,,,,,,,,,"7/13/2026 5:26:07 PM","Cutting Unit - Cut finished","HMI_Connection_2"
46216726469.2708,2,1,64,37,,,,,,,,,"7/13/2026 5:26:07 PM","Wagon waiting for Feeder","HMI_Connection_2"
46216726470.2431,2,1,65,2000,"1073","1074",,,,,,,"7/13/2026 5:26:07 PM","Layer Nr:1073 Next Layer Nr : 1074  ","<internal>"
46216726480.8681,2,1,64,72,,,,,,,,,"7/13/2026 5:26:08 PM","Unwinder Material Tension","HMI_Connection_2"
46216726492.0023,2,1,64,112,,,,,,,,,"7/13/2026 5:26:09 PM","Lowering Pallet","HMI_Connection_2"
46216726503.9931,2,1,64,36,,,,,,,,,"7/13/2026 5:26:10 PM","Wagon to start position","HMI_Connection_2"
46216726503.9931,2,0,64,37,,,,,,,,,"7/13/2026 5:26:10 PM","Wagon waiting for Feeder","HMI_Connection_2"
46216726503.9931,2,0,64,72,,,,,,,,,"7/13/2026 5:26:10 PM","Unwinder Material Tension","HMI_Connection_2"
46216726526.7361,2,1,64,74,"1073","330",,,,,,,"7/13/2026 5:26:12 PM","Deployment in Progress - Layer Nr. 1073 Matt. No.330","HMI_Connection_2"
46216726538.3102,2,0,64,36,,,,,,,,,"7/13/2026 5:26:13 PM","Wagon to start position","HMI_Connection_2"
46216726538.3102,2,0,64,112,,,,,,,,,"7/13/2026 5:26:13 PM","Lowering Pallet","HMI_Connection_2"
46216726561.4468,2,0,64,74,"1073","330",,,,,,,"7/13/2026 5:26:15 PM","Deployment in Progress - Layer Nr. 1073 Matt. No.330","HMI_Connection_2"
46216726619.3403,2,1,64,149,,,,,,,,,"7/13/2026 5:26:20 PM","Cutting Unit - Cut startet","HMI_Connection_2"
46216726642.8241,2,1,64,150,,,,,,,,,"7/13/2026 5:26:22 PM","Cutting Unit - Cut finished","HMI_Connection_2"
46216726654.456,2,0,64,149,,,,,,,,,"7/13/2026 5:26:23 PM","Cutting Unit - Cut startet","HMI_Connection_2"
46216726654.456,2,0,64,150,,,,,,,,,"7/13/2026 5:26:23 PM","Cutting Unit - Cut finished","HMI_Connection_2"
46216726660.2894,2,0,65,2000,"1074","1075",,,,,,,"7/13/2026 5:26:23 PM","Layer Nr:1074 Next Layer Nr : 1075  ","<internal>"
46216726666.0532,2,1,64,37,,,,,,,,,"7/13/2026 5:26:24 PM","Wagon waiting for Feeder","HMI_Connection_2"
46216726666.0532,2,1,64,72,,,,,,,,,"7/13/2026 5:26:24 PM","Unwinder Material Tension","HMI_Connection_2"
46216726677.6157,2,1,64,36,,,,,,,,,"7/13/2026 5:26:25 PM","Wagon to start position","HMI_Connection_2"
46216726677.6157,2,1,64,132,,,,,,,,,"7/13/2026 5:26:25 PM","Feeder material to start position","HMI_Connection_2"
46216726700.3472,2,0,64,37,,,,,,,,,"7/13/2026 5:26:27 PM","Wagon waiting for Feeder","HMI_Connection_2"
46216726700.3472,2,0,64,72,,,,,,,,,"7/13/2026 5:26:27 PM","Unwinder Material Tension","HMI_Connection_2"
46216726700.3472,2,0,64,132,,,,,,,,,"7/13/2026 5:26:27 PM","Feeder material to start position","HMI_Connection_2"
46216726711.9213,2,1,64,74,"1074","329",,,,,,,"7/13/2026 5:26:28 PM","Deployment in Progress - Layer Nr. 1074 Matt. No.329","HMI_Connection_2"
46216726723.4954,2,0,64,36,,,,,,,,,"7/13/2026 5:26:29 PM","Wagon to start position","HMI_Connection_2"
46216726758.2292,2,0,64,74,"1074","329",,,,,,,"7/13/2026 5:26:32 PM","Deployment in Progress - Layer Nr. 1074 Matt. No.329","HMI_Connection_2"
46216726781.3773,2,1,64,149,,,,,,,,,"7/13/2026 5:26:34 PM","Cutting Unit - Cut startet","HMI_Connection_2"
46216726804.9421,2,1,64,150,,,,,,,,,"7/13/2026 5:26:36 PM","Cutting Unit - Cut finished","HMI_Connection_2"
46216726816.5393,2,0,64,149,,,,,,,,,"7/13/2026 5:26:37 PM","Cutting Unit - Cut startet","HMI_Connection_2"
46216726816.5393,2,0,64,150,,,,,,,,,"7/13/2026 5:26:37 PM","Cutting Unit - Cut finished","HMI_Connection_2"
46216726828.0324,2,1,64,37,,,,,,,,,"7/13/2026 5:26:38 PM","Wagon waiting for Feeder","HMI_Connection_2"
46216726828.0324,2,1,64,72,,,,,,,,,"7/13/2026 5:26:38 PM","Unwinder Material Tension","HMI_Connection_2"
46216726829.0046,2,1,65,2000,"1075","1076",,,,,,,"7/13/2026 5:26:38 PM","Layer Nr:1075 Next Layer Nr : 1076  ","<internal>"
46216726851.2269,2,1,64,36,,,,,,,,,"7/13/2026 5:26:40 PM","Wagon to start position","HMI_Connection_2"
46216726851.2269,2,1,64,112,,,,,,,,,"7/13/2026 5:26:40 PM","Lowering Pallet","HMI_Connection_2"
46216726862.8241,2,0,64,37,,,,,,,,,"7/13/2026 5:26:41 PM","Wagon waiting for Feeder","HMI_Connection_2"
46216726862.8241,2,0,64,72,,,,,,,,,"7/13/2026 5:26:41 PM","Unwinder Material Tension","HMI_Connection_2"
46216726885.544,2,1,64,74,"1075","328",,,,,,,"7/13/2026 5:26:43 PM","Deployment in Progress - Layer Nr. 1075 Matt. No.328","HMI_Connection_2"
46216726897.1296,2,0,64,36,,,,,,,,,"7/13/2026 5:26:44 PM","Wagon to start position","HMI_Connection_2"
46216726897.1296,2,0,64,112,,,,,,,,,"7/13/2026 5:26:44 PM","Lowering Pallet","HMI_Connection_2"
46216726920.2662,2,0,64,74,"1075","328",,,,,,,"7/13/2026 5:26:46 PM","Deployment in Progress - Layer Nr. 1075 Matt. No.328","HMI_Connection_2"
46216726966.5625,2,1,64,149,,,,,,,,,"7/13/2026 5:26:50 PM","Cutting Unit - Cut startet","HMI_Connection_2"
46216726990.1273,2,1,64,150,,,,,,,,,"7/13/2026 5:26:52 PM","Cutting Unit - Cut finished","HMI_Connection_2"
46216727013.287,2,0,64,149,,,,,,,,,"7/13/2026 5:26:54 PM","Cutting Unit - Cut startet","HMI_Connection_2"
46216727013.287,2,0,64,150,,,,,,,,,"7/13/2026 5:26:54 PM","Cutting Unit - Cut finished","HMI_Connection_2"
46216727014.2593,2,0,65,2000,"1076","1077",,,,,,,"7/13/2026 5:26:54 PM","Layer Nr:1076 Next Layer Nr : 1077  ","<internal>"
46216727025.3704,2,1,64,36,,,,,,,,,"7/13/2026 5:26:55 PM","Wagon to start position","HMI_Connection_2"
46216727025.3704,2,1,64,37,,,,,,,,,"7/13/2026 5:26:55 PM","Wagon waiting for Feeder","HMI_Connection_2"
46216727025.3704,2,1,64,72,,,,,,,,,"7/13/2026 5:26:55 PM","Unwinder Material Tension","HMI_Connection_2"
46216727025.3704,2,1,64,132,,,,,,,,,"7/13/2026 5:26:55 PM","Feeder material to start position","HMI_Connection_2"
46216727047.9977,2,0,64,37,,,,,,,,,"7/13/2026 5:26:57 PM","Wagon waiting for Feeder","HMI_Connection_2"
46216727047.9977,2,0,64,72,,,,,,,,,"7/13/2026 5:26:57 PM","Unwinder Material Tension","HMI_Connection_2"
46216727059.1667,2,0,64,132,,,,,,,,,"7/13/2026 5:26:58 PM","Feeder material to start position","HMI_Connection_2"
46216727059.1667,2,1,64,74,"1076","327",,,,,,,"7/13/2026 5:26:58 PM","Deployment in Progress - Layer Nr. 1076 Matt. No.327","HMI_Connection_2"
46216727082.3264,2,0,64,36,,,,,,,,,"7/13/2026 5:27:00 PM","Wagon to start position","HMI_Connection_2"
46216727105.463,2,0,64,74,"1076","327",,,,,,,"7/13/2026 5:27:02 PM","Deployment in Progress - Layer Nr. 1076 Matt. No.327","HMI_Connection_2"
46216727151.7708,2,1,64,149,,,,,,,,,"7/13/2026 5:27:06 PM","Cutting Unit - Cut startet","HMI_Connection_2"
46216727174.919,2,1,64,150,,,,,,,,,"7/13/2026 5:27:08 PM","Cutting Unit - Cut finished","HMI_Connection_2"
46216727198.4954,2,0,64,149,,,,,,,,,"7/13/2026 5:27:10 PM","Cutting Unit - Cut startet","HMI_Connection_2"
46216727198.4954,2,0,64,150,,,,,,,,,"7/13/2026 5:27:10 PM","Cutting Unit - Cut finished","HMI_Connection_2"
46216727199.4676,2,1,65,2000,"1077","1078",,,,,,,"7/13/2026 5:27:10 PM","Layer Nr:1077 Next Layer Nr : 1078  ","<internal>"
46216727209.9884,2,1,64,37,,,,,,,,,"7/13/2026 5:27:11 PM","Wagon waiting for Feeder","HMI_Connection_2"
46216727209.9884,2,1,64,72,,,,,,,,,"7/13/2026 5:27:11 PM","Unwinder Material Tension","HMI_Connection_2"
46216727221.2269,2,1,64,112,,,,,,,,,"7/13/2026 5:27:12 PM","Lowering Pallet","HMI_Connection_2"
46216727233.2176,2,1,64,36,,,,,,,,,"7/13/2026 5:27:13 PM","Wagon to start position","HMI_Connection_2"
46216727233.2176,2,0,64,37,,,,,,,,,"7/13/2026 5:27:13 PM","Wagon waiting for Feeder","HMI_Connection_2"
46216727233.2176,2,0,64,72,,,,,,,,,"7/13/2026 5:27:13 PM","Unwinder Material Tension","HMI_Connection_2"
46216727255.9606,2,1,64,74,"1077","326",,,,,,,"7/13/2026 5:27:15 PM","Deployment in Progress - Layer Nr. 1077 Matt. No.326","HMI_Connection_2"
46216727267.5,2,0,64,36,,,,,,,,,"7/13/2026 5:27:16 PM","Wagon to start position","HMI_Connection_2"
46216727267.5,2,0,64,112,,,,,,,,,"7/13/2026 5:27:16 PM","Lowering Pallet","HMI_Connection_2"
46216727290.6713,2,0,64,74,"1077","326",,,,,,,"7/13/2026 5:27:18 PM","Deployment in Progress - Layer Nr. 1077 Matt. No.326","HMI_Connection_2"
46216727360.1157,2,1,64,149,,,,,,,,,"7/13/2026 5:27:24 PM","Cutting Unit - Cut startet","HMI_Connection_2"
46216727383.7037,2,1,64,150,,,,,,,,,"7/13/2026 5:27:26 PM","Cutting Unit - Cut finished","HMI_Connection_2"
46216727395.2662,2,0,64,149,,,,,,,,,"7/13/2026 5:27:27 PM","Cutting Unit - Cut startet","HMI_Connection_2"
46216727395.2662,2,0,64,150,,,,,,,,,"7/13/2026 5:27:27 PM","Cutting Unit - Cut finished","HMI_Connection_2"
46216727396.2384,2,0,65,2000,"1077","1078",,,,,,,"7/13/2026 5:27:27 PM","Layer Nr:1077 Next Layer Nr : 1078  ","<internal>"
46216727406.8634,2,1,64,37,,,,,,,,,"7/13/2026 5:27:28 PM","Wagon waiting for Feeder","HMI_Connection_2"
46216727406.8634,2,1,64,72,,,,,,,,,"7/13/2026 5:27:28 PM","Unwinder Material Tension","HMI_Connection_2"
46216727418.4259,2,1,64,36,,,,,,,,,"7/13/2026 5:27:29 PM","Wagon to start position","HMI_Connection_2"
46216727418.4259,2,1,64,132,,,,,,,,,"7/13/2026 5:27:29 PM","Feeder material to start position","HMI_Connection_2"
46216727429.9537,2,0,64,37,,,,,,,,,"7/13/2026 5:27:30 PM","Wagon waiting for Feeder","HMI_Connection_2"
46216727429.9537,2,0,64,72,,,,,,,,,"7/13/2026 5:27:30 PM","Unwinder Material Tension","HMI_Connection_2"
46216727441.1343,2,0,64,132,,,,,,,,,"7/13/2026 5:27:31 PM","Feeder material to start position","HMI_Connection_2"
46216727452.7083,2,1,64,74,"1078","325",,,,,,,"7/13/2026 5:27:32 PM","Deployment in Progress - Layer Nr. 1078 Matt. No.325","HMI_Connection_2"
46216727464.2824,2,0,64,36,,,,,,,,,"7/13/2026 5:27:33 PM","Wagon to start position","HMI_Connection_2"
46216727487.4421,2,0,64,74,"1078","325",,,,,,,"7/13/2026 5:27:35 PM","Deployment in Progress - Layer Nr. 1078 Matt. No.325","HMI_Connection_2"
46216727556.8866,2,1,64,149,,,,,,,,,"7/13/2026 5:27:41 PM","Cutting Unit - Cut startet","HMI_Connection_2"
46216727568.4606,2,1,64,150,,,,,,,,,"7/13/2026 5:27:42 PM","Cutting Unit - Cut finished","HMI_Connection_2"
46216727592.0023,2,0,64,149,,,,,,,,,"7/13/2026 5:27:44 PM","Cutting Unit - Cut startet","HMI_Connection_2"
46216727592.0023,2,0,64,150,,,,,,,,,"7/13/2026 5:27:44 PM","Cutting Unit - Cut finished","HMI_Connection_2"
46216727592.9861,2,1,65,2000,"1078","1079",,,,,,,"7/13/2026 5:27:44 PM","Layer Nr:1078 Next Layer Nr : 1079  ","<internal>"
46216727603.6111,2,1,64,37,,,,,,,,,"7/13/2026 5:27:45 PM","Wagon waiting for Feeder","HMI_Connection_2"
46216727603.6111,2,1,64,72,,,,,,,,,"7/13/2026 5:27:45 PM","Unwinder Material Tension","HMI_Connection_2"
46216727614.757,2,1,64,112,,,,,,,,,"7/13/2026 5:27:46 PM","Lowering Pallet","HMI_Connection_2"
46216727626.331,2,0,64,37,,,,,,,,,"7/13/2026 5:27:47 PM","Wagon waiting for Feeder","HMI_Connection_2"
46216727626.331,2,0,64,72,,,,,,,,,"7/13/2026 5:27:47 PM","Unwinder Material Tension","HMI_Connection_2"
46216727638.2639,2,1,64,36,,,,,,,,,"7/13/2026 5:27:48 PM","Wagon to start position","HMI_Connection_2"
46216727638.2639,2,1,64,37,,,,,,,,,"7/13/2026 5:27:48 PM","Wagon waiting for Feeder","HMI_Connection_2"
46216727661.4468,2,0,64,112,,,,,,,,,"7/13/2026 5:27:50 PM","Lowering Pallet","HMI_Connection_2"
46216727672.6389,2,1,64,74,"1079","324",,,,,,,"7/13/2026 5:27:51 PM","Deployment in Progress - Layer Nr. 1079 Matt. No.324","HMI_Connection_2"
46216727684.213,2,0,64,36,,,,,,,,,"7/13/2026 5:27:52 PM","Wagon to start position","HMI_Connection_2"
46216727684.213,2,0,64,37,,,,,,,,,"7/13/2026 5:27:52 PM","Wagon waiting for Feeder","HMI_Connection_2"
46216727718.9352,2,0,64,74,"1079","324",,,,,,,"7/13/2026 5:27:55 PM","Deployment in Progress - Layer Nr. 1079 Matt. No.324","HMI_Connection_2"
46216727730.4977,2,1,64,149,,,,,,,,,"7/13/2026 5:27:56 PM","Cutting Unit - Cut startet","HMI_Connection_2"
46216727754.0972,2,1,64,150,,,,,,,,,"7/13/2026 5:27:58 PM","Cutting Unit - Cut finished","HMI_Connection_2"
46216727771.4236,2,0,65,2000,"1079","1080",,,,,,,"7/13/2026 5:27:59 PM","Layer Nr:1079 Next Layer Nr : 1080  ","<internal>"
46216727777.2685,2,0,64,149,,,,,,,,,"7/13/2026 5:28:00 PM","Cutting Unit - Cut startet","HMI_Connection_2"
46216727777.2685,2,0,64,150,,,,,,,,,"7/13/2026 5:28:00 PM","Cutting Unit - Cut finished","HMI_Connection_2"
46216727777.2685,2,1,64,37,,,,,,,,,"7/13/2026 5:28:00 PM","Wagon waiting for Feeder","HMI_Connection_2"
46216727777.2685,2,1,64,72,,,,,,,,,"7/13/2026 5:28:00 PM","Unwinder Material Tension","HMI_Connection_2"
46216727788.8194,2,1,64,36,,,,,,,,,"7/13/2026 5:28:01 PM","Wagon to start position","HMI_Connection_2"
46216727788.8194,2,1,64,132,,,,,,,,,"7/13/2026 5:28:01 PM","Feeder material to start position","HMI_Connection_2"
46216727811.9444,2,0,64,37,,,,,,,,,"7/13/2026 5:28:03 PM","Wagon waiting for Feeder","HMI_Connection_2"
46216727811.9444,2,0,64,72,,,,,,,,,"7/13/2026 5:28:03 PM","Unwinder Material Tension","HMI_Connection_2"
46216727823.1134,2,0,64,132,,,,,,,,,"7/13/2026 5:28:04 PM","Feeder material to start position","HMI_Connection_2"
46216727823.1134,2,1,64,74,"1080","323",,,,,,,"7/13/2026 5:28:04 PM","Deployment in Progress - Layer Nr. 1080 Matt. No.323","HMI_Connection_2"
46216727834.6759,2,0,64,36,,,,,,,,,"7/13/2026 5:28:05 PM","Wagon to start position","HMI_Connection_2"
46216727869.3866,2,0,64,74,"1080","323",,,,,,,"7/13/2026 5:28:08 PM","Deployment in Progress - Layer Nr. 1080 Matt. No.323","HMI_Connection_2"
46216727892.5579,2,1,64,149,,,,,,,,,"7/13/2026 5:28:10 PM","Cutting Unit - Cut startet","HMI_Connection_2"
46216727916.1111,2,1,64,150,,,,,,,,,"7/13/2026 5:28:12 PM","Cutting Unit - Cut finished","HMI_Connection_2"
46216727939.2708,2,0,64,149,,,,,,,,,"7/13/2026 5:28:14 PM","Cutting Unit - Cut startet","HMI_Connection_2"
46216727939.2708,2,0,64,150,,,,,,,,,"7/13/2026 5:28:14 PM","Cutting Unit - Cut finished","HMI_Connection_2"
46216727939.2708,2,1,64,37,,,,,,,,,"7/13/2026 5:28:14 PM","Wagon waiting for Feeder","HMI_Connection_2"
46216727939.2708,2,1,64,72,,,,,,,,,"7/13/2026 5:28:14 PM","Unwinder Material Tension","HMI_Connection_2"
46216727940.2431,2,1,65,2000,"1081","1082",,,,,,,"7/13/2026 5:28:14 PM","Layer Nr:1081 Next Layer Nr : 1082  ","<internal>"
46216727962.0139,2,1,64,36,,,,,,,,,"7/13/2026 5:28:16 PM","Wagon to start position","HMI_Connection_2"
46216727962.0139,2,1,64,112,,,,,,,,,"7/13/2026 5:28:16 PM","Lowering Pallet","HMI_Connection_2"
46216727974.0046,2,0,64,37,,,,,,,,,"7/13/2026 5:28:17 PM","Wagon waiting for Feeder","HMI_Connection_2"
46216727974.0046,2,0,64,72,,,,,,,,,"7/13/2026 5:28:17 PM","Unwinder Material Tension","HMI_Connection_2"
46216727996.7361,2,1,64,74,"1081","322",,,,,,,"7/13/2026 5:28:19 PM","Deployment in Progress - Layer Nr. 1081 Matt. No.322","HMI_Connection_2"
46216728008.3102,2,0,64,36,,,,,,,,,"7/13/2026 5:28:20 PM","Wagon to start position","HMI_Connection_2"
46216728008.3102,2,0,64,112,,,,,,,,,"7/13/2026 5:28:20 PM","Lowering Pallet","HMI_Connection_2"
46216728031.4468,2,0,64,74,"1081","322",,,,,,,"7/13/2026 5:28:22 PM","Deployment in Progress - Layer Nr. 1081 Matt. No.322","HMI_Connection_2"
46216728089.3287,2,1,64,149,,,,,,,,,"7/13/2026 5:28:27 PM","Cutting Unit - Cut startet","HMI_Connection_2"
46216728112.8819,2,1,64,150,,,,,,,,,"7/13/2026 5:28:29 PM","Cutting Unit - Cut finished","HMI_Connection_2"
46216728136.0417,2,0,64,149,,,,,,,,,"7/13/2026 5:28:31 PM","Cutting Unit - Cut startet","HMI_Connection_2"
46216728136.0417,2,0,64,150,,,,,,,,,"7/13/2026 5:28:31 PM","Cutting Unit - Cut finished","HMI_Connection_2"
46216728137.0139,2,0,65,2000,"1081","1082",,,,,,,"7/13/2026 5:28:31 PM","Layer Nr:1081 Next Layer Nr : 1082  ","<internal>"
46216728147.6505,2,1,64,37,,,,,,,,,"7/13/2026 5:28:32 PM","Wagon waiting for Feeder","HMI_Connection_2"
46216728147.6505,2,1,64,72,,,,,,,,,"7/13/2026 5:28:32 PM","Unwinder Material Tension","HMI_Connection_2"
46216728159.1088,2,1,64,36,,,,,,,,,"7/13/2026 5:28:33 PM","Wagon to start position","HMI_Connection_2"
46216728159.1088,2,1,64,132,,,,,,,,,"7/13/2026 5:28:33 PM","Feeder material to start position","HMI_Connection_2"
46216728181.9329,2,0,64,37,,,,,,,,,"7/13/2026 5:28:35 PM","Wagon waiting for Feeder","HMI_Connection_2"
46216728181.9329,2,0,64,72,,,,,,,,,"7/13/2026 5:28:35 PM","Unwinder Material Tension","HMI_Connection_2"
46216728181.9329,2,0,64,132,,,,,,,,,"7/13/2026 5:28:35 PM","Feeder material to start position","HMI_Connection_2"
46216728193.4954,2,1,64,74,"1082","321",,,,,,,"7/13/2026 5:28:36 PM","Deployment in Progress - Layer Nr. 1082 Matt. No.321","HMI_Connection_2"
46216728205.081,2,0,64,36,,,,,,,,,"7/13/2026 5:28:37 PM","Wagon to start position","HMI_Connection_2"
46216728239.8032,2,0,64,74,"1082","321",,,,,,,"7/13/2026 5:28:40 PM","Deployment in Progress - Layer Nr. 1082 Matt. No.321","HMI_Connection_2"
46216728286.0995,2,1,64,149,,,,,,,,,"7/13/2026 5:28:44 PM","Cutting Unit - Cut startet","HMI_Connection_2"
46216728309.6644,2,1,64,150,,,,,,,,,"7/13/2026 5:28:46 PM","Cutting Unit - Cut finished","HMI_Connection_2"
46216728327.0602,2,1,65,2000,"1083","1084",,,,,,,"7/13/2026 5:28:47 PM","Layer Nr:1083 Next Layer Nr : 1084  ","<internal>"
46216728332.8241,2,0,64,149,,,,,,,,,"7/13/2026 5:28:48 PM","Cutting Unit - Cut startet","HMI_Connection_2"
46216728332.8241,2,0,64,150,,,,,,,,,"7/13/2026 5:28:48 PM","Cutting Unit - Cut finished","HMI_Connection_2"
46216728332.8241,2,1,64,37,,,,,,,,,"7/13/2026 5:28:48 PM","Wagon waiting for Feeder","HMI_Connection_2"
46216728332.8241,2,1,64,72,,,,,,,,,"7/13/2026 5:28:48 PM","Unwinder Material Tension","HMI_Connection_2"
46216728343.9583,2,1,64,112,,,,,,,,,"7/13/2026 5:28:49 PM","Lowering Pallet","HMI_Connection_2"
46216728355.9491,2,1,64,36,,,,,,,,,"7/13/2026 5:28:50 PM","Wagon to start position","HMI_Connection_2"
46216728367.5463,2,0,64,37,,,,,,,,,"7/13/2026 5:28:51 PM","Wagon waiting for Feeder","HMI_Connection_2"
46216728367.5463,2,0,64,72,,,,,,,,,"7/13/2026 5:28:51 PM","Unwinder Material Tension","HMI_Connection_2"
46216728390.2778,2,0,64,36,,,,,,,,,"7/13/2026 5:28:53 PM","Wagon to start position","HMI_Connection_2"
46216728390.2778,2,0,64,112,,,,,,,,,"7/13/2026 5:28:53 PM","Lowering Pallet","HMI_Connection_2"
46216728390.2778,2,1,64,74,"1083","320",,,,,,,"7/13/2026 5:28:53 PM","Deployment in Progress - Layer Nr. 1083 Matt. No.320","HMI_Connection_2"
46216728424.9884,2,0,64,74,"1083","320",,,,,,,"7/13/2026 5:28:56 PM","Deployment in Progress - Layer Nr. 1083 Matt. No.320","HMI_Connection_2"
46216728494.4444,2,1,64,149,,,,,,,,,"7/13/2026 5:29:02 PM","Cutting Unit - Cut startet","HMI_Connection_2"
46216728517.581,2,1,64,150,,,,,,,,,"7/13/2026 5:29:04 PM","Cutting Unit - Cut finished","HMI_Connection_2"
46216728541.1227,2,0,64,149,,,,,,,,,"7/13/2026 5:29:06 PM","Cutting Unit - Cut startet","HMI_Connection_2"
46216728541.1227,2,0,64,150,,,,,,,,,"7/13/2026 5:29:06 PM","Cutting Unit - Cut finished","HMI_Connection_2"
46216728542.0949,2,0,65,2000,"1084","1085",,,,,,,"7/13/2026 5:29:06 PM","Layer Nr:1084 Next Layer Nr : 1085  ","<internal>"
46216728553.2176,2,1,64,36,,,,,,,,,"7/13/2026 5:29:07 PM","Wagon to start position","HMI_Connection_2"
46216728553.2176,2,1,64,37,,,,,,,,,"7/13/2026 5:29:07 PM","Wagon waiting for Feeder","HMI_Connection_2"
46216728553.2176,2,1,64,72,,,,,,,,,"7/13/2026 5:29:07 PM","Unwinder Material Tension","HMI_Connection_2"
46216728553.2176,2,1,64,132,,,,,,,,,"7/13/2026 5:29:07 PM","Feeder material to start position","HMI_Connection_2"
46216728575.8912,2,0,64,37,,,,,,,,,"7/13/2026 5:29:09 PM","Wagon waiting for Feeder","HMI_Connection_2"
46216728575.8912,2,0,64,72,,,,,,,,,"7/13/2026 5:29:09 PM","Unwinder Material Tension","HMI_Connection_2"
46216728587.0486,2,0,64,132,,,,,,,,,"7/13/2026 5:29:10 PM","Feeder material to start position","HMI_Connection_2"
46216728587.0486,2,1,64,74,"1084","319",,,,,,,"7/13/2026 5:29:10 PM","Deployment in Progress - Layer Nr. 1084 Matt. No.319","HMI_Connection_2"
46216728610.1736,2,0,64,36,,,,,,,,,"7/13/2026 5:29:12 PM","Wagon to start position","HMI_Connection_2"
46216728633.3333,2,0,64,74,"1084","319",,,,,,,"7/13/2026 5:29:14 PM","Deployment in Progress - Layer Nr. 1084 Matt. No.319","HMI_Connection_2"
46216728691.2037,2,1,64,149,,,,,,,,,"7/13/2026 5:29:19 PM","Cutting Unit - Cut startet","HMI_Connection_2"
46216728714.3634,2,1,64,150,,,,,,,,,"7/13/2026 5:29:21 PM","Cutting Unit - Cut finished","HMI_Connection_2"
46216728737.9051,2,0,64,149,,,,,,,,,"7/13/2026 5:29:23 PM","Cutting Unit - Cut startet","HMI_Connection_2"
46216728737.9051,2,0,64,150,,,,,,,,,"7/13/2026 5:29:23 PM","Cutting Unit - Cut finished","HMI_Connection_2"
46216728738.8657,2,1,65,2000,"1085","1086",,,,,,,"7/13/2026 5:29:23 PM","Layer Nr:1085 Next Layer Nr : 1086  ","<internal>"
46216728749.4907,2,1,64,37,,,,,,,,,"7/13/2026 5:29:24 PM","Wagon waiting for Feeder","HMI_Connection_2"
46216728749.4907,2,1,64,72,,,,,,,,,"7/13/2026 5:29:24 PM","Unwinder Material Tension","HMI_Connection_2"
46216728760.6597,2,1,64,112,,,,,,,,,"7/13/2026 5:29:25 PM","Lowering Pallet","HMI_Connection_2"
46216728772.6389,2,1,64,36,,,,,,,,,"7/13/2026 5:29:26 PM","Wagon to start position","HMI_Connection_2"
46216728772.6389,2,0,64,37,,,,,,,,,"7/13/2026 5:29:26 PM","Wagon waiting for Feeder","HMI_Connection_2"
46216728772.6389,2,0,64,72,,,,,,,,,"7/13/2026 5:29:26 PM","Unwinder Material Tension","HMI_Connection_2"
46216728806.956,2,0,64,36,,,,,,,,,"7/13/2026 5:29:29 PM","Wagon to start position","HMI_Connection_2"
46216728806.956,2,0,64,112,,,,,,,,,"7/13/2026 5:29:29 PM","Lowering Pallet","HMI_Connection_2"
46216728806.956,2,1,64,74,"1085","318",,,,,,,"7/13/2026 5:29:29 PM","Deployment in Progress - Layer Nr. 1085 Matt. No.318","HMI_Connection_2"
46216728830.1042,2,0,64,74,"1085","318",,,,,,,"7/13/2026 5:29:31 PM","Deployment in Progress - Layer Nr. 1085 Matt. No.318","HMI_Connection_2"
46216728853.2523,2,1,64,149,,,,,,,,,"7/13/2026 5:29:33 PM","Cutting Unit - Cut startet","HMI_Connection_2"
46216728876.794,2,1,64,150,,,,,,,,,"7/13/2026 5:29:35 PM","Cutting Unit - Cut finished","HMI_Connection_2"
46216728899.9537,2,0,64,149,,,,,,,,,"7/13/2026 5:29:37 PM","Cutting Unit - Cut startet","HMI_Connection_2"
46216728899.9537,2,0,64,150,,,,,,,,,"7/13/2026 5:29:37 PM","Cutting Unit - Cut finished","HMI_Connection_2"
46216728899.9537,2,1,64,37,,,,,,,,,"7/13/2026 5:29:37 PM","Wagon waiting for Feeder","HMI_Connection_2"
46216728899.9537,2,1,64,72,,,,,,,,,"7/13/2026 5:29:37 PM","Unwinder Material Tension","HMI_Connection_2"
46216728900.8449,2,0,65,2000,"1086","1087",,,,,,,"7/13/2026 5:29:37 PM","Layer Nr:1086 Next Layer Nr : 1087  ","<internal>"
46216728911.5394,2,1,64,36,,,,,,,,,"7/13/2026 5:29:38 PM","Wagon to start position","HMI_Connection_2"
46216728911.5394,2,1,64,132,,,,,,,,,"7/13/2026 5:29:38 PM","Feeder material to start position","HMI_Connection_2"
46216728934.6644,2,0,64,37,,,,,,,,,"7/13/2026 5:29:40 PM","Wagon waiting for Feeder","HMI_Connection_2"
46216728934.6644,2,0,64,72,,,,,,,,,"7/13/2026 5:29:40 PM","Unwinder Material Tension","HMI_Connection_2"
46216728945.8449,2,0,64,132,,,,,,,,,"7/13/2026 5:29:41 PM","Feeder material to start position","HMI_Connection_2"
46216728945.8449,2,1,64,74,"1086","317",,,,,,,"7/13/2026 5:29:41 PM","Deployment in Progress - Layer Nr. 1086 Matt. No.317","HMI_Connection_2"
46216728969.0046,2,0,64,36,,,,,,,,,"7/13/2026 5:29:43 PM","Wagon to start position","HMI_Connection_2"
46216728992.1644,2,0,64,74,"1086","317",,,,,,,"7/13/2026 5:29:45 PM","Deployment in Progress - Layer Nr. 1086 Matt. No.317","HMI_Connection_2"
46216729015.3009,2,1,64,149,,,,,,,,,"7/13/2026 5:29:47 PM","Cutting Unit - Cut startet","HMI_Connection_2"
46216729038.8773,2,1,64,150,,,,,,,,,"7/13/2026 5:29:49 PM","Cutting Unit - Cut finished","HMI_Connection_2"
46216729056.2037,2,1,65,2000,"1086","1087",,,,,,,"7/13/2026 5:29:50 PM","Layer Nr:1086 Next Layer Nr : 1087  ","<internal>"
46216729061.9792,2,0,64,149,,,,,,,,,"7/13/2026 5:29:51 PM","Cutting Unit - Cut startet","HMI_Connection_2"
46216729061.9792,2,0,64,150,,,,,,,,,"7/13/2026 5:29:51 PM","Cutting Unit - Cut finished","HMI_Connection_2"
46216729061.9792,2,1,64,37,,,,,,,,,"7/13/2026 5:29:51 PM","Wagon waiting for Feeder","HMI_Connection_2"
46216729061.9792,2,1,64,72,,,,,,,,,"7/13/2026 5:29:51 PM","Unwinder Material Tension","HMI_Connection_2"
46216729085.162,2,1,64,36,,,,,,,,,"7/13/2026 5:29:53 PM","Wagon to start position","HMI_Connection_2"
46216729085.162,2,1,64,112,,,,,,,,,"7/13/2026 5:29:53 PM","Lowering Pallet","HMI_Connection_2"
46216729096.7593,2,0,64,37,,,,,,,,,"7/13/2026 5:29:54 PM","Wagon waiting for Feeder","HMI_Connection_2"
46216729096.7593,2,0,64,72,,,,,,,,,"7/13/2026 5:29:54 PM","Unwinder Material Tension","HMI_Connection_2"
46216729119.4792,2,1,64,74,"1087","316",,,,,,,"7/13/2026 5:29:56 PM","Deployment in Progress - Layer Nr. 1087 Matt. No.316","HMI_Connection_2"
46216729131.0417,2,0,64,36,,,,,,,,,"7/13/2026 5:29:57 PM","Wagon to start position","HMI_Connection_2"
46216729131.0417,2,0,64,112,,,,,,,,,"7/13/2026 5:29:57 PM","Lowering Pallet","HMI_Connection_2"
46216729154.1898,2,0,64,74,"1087","316",,,,,,,"7/13/2026 5:29:59 PM","Deployment in Progress - Layer Nr. 1087 Matt. No.316","HMI_Connection_2"
46216729200.4977,2,1,64,149,,,,,,,,,"7/13/2026 5:30:03 PM","Cutting Unit - Cut startet","HMI_Connection_2"
46216729224.0972,2,1,64,150,,,,,,,,,"7/13/2026 5:30:05 PM","Cutting Unit - Cut finished","HMI_Connection_2"
46216729247.2569,2,0,64,149,,,,,,,,,"7/13/2026 5:30:07 PM","Cutting Unit - Cut startet","HMI_Connection_2"
46216729247.2569,2,0,64,150,,,,,,,,,"7/13/2026 5:30:07 PM","Cutting Unit - Cut finished","HMI_Connection_2"
46216729248.1481,2,0,65,2000,"1087","1088",,,,,,,"7/13/2026 5:30:07 PM","Layer Nr:1087 Next Layer Nr : 1088  ","<internal>"
46216729258.7153,2,1,64,36,,,,,,,,,"7/13/2026 5:30:08 PM","Wagon to start position","HMI_Connection_2"
46216729258.7153,2,1,64,37,,,,,,,,,"7/13/2026 5:30:08 PM","Wagon waiting for Feeder","HMI_Connection_2"
46216729258.7153,2,1,64,72,,,,,,,,,"7/13/2026 5:30:08 PM","Unwinder Material Tension","HMI_Connection_2"
46216729270.3472,2,1,64,132,,,,,,,,,"7/13/2026 5:30:09 PM","Feeder material to start position","HMI_Connection_2"
46216729281.9444,2,0,64,37,,,,,,,,,"7/13/2026 5:30:10 PM","Wagon waiting for Feeder","HMI_Connection_2"
46216729281.9444,2,0,64,72,,,,,,,,,"7/13/2026 5:30:10 PM","Unwinder Material Tension","HMI_Connection_2"
46216729293.1019,2,0,64,132,,,,,,,,,"7/13/2026 5:30:11 PM","Feeder material to start position","HMI_Connection_2"
46216729293.1019,2,1,64,74,"1088","315",,,,,,,"7/13/2026 5:30:11 PM","Deployment in Progress - Layer Nr. 1088 Matt. No.315","HMI_Connection_2"
46216729316.2384,2,0,64,36,,,,,,,,,"7/13/2026 5:30:13 PM","Wagon to start position","HMI_Connection_2"
46216729339.3981,2,0,64,74,"1088","315",,,,,,,"7/13/2026 5:30:15 PM","Deployment in Progress - Layer Nr. 1088 Matt. No.315","HMI_Connection_2"
46216729397.2801,2,1,64,149,,,,,,,,,"7/13/2026 5:30:20 PM","Cutting Unit - Cut startet","HMI_Connection_2"
46216729408.8542,2,1,64,150,,,,,,,,,"7/13/2026 5:30:21 PM","Cutting Unit - Cut finished","HMI_Connection_2"
46216729432.3958,2,0,64,149,,,,,,,,,"7/13/2026 5:30:23 PM","Cutting Unit - Cut startet","HMI_Connection_2"
46216729432.3958,2,0,64,150,,,,,,,,,"7/13/2026 5:30:23 PM","Cutting Unit - Cut finished","HMI_Connection_2"
46216729432.3958,2,1,64,37,,,,,,,,,"7/13/2026 5:30:23 PM","Wagon waiting for Feeder","HMI_Connection_2"
46216729432.3958,2,1,64,72,,,,,,,,,"7/13/2026 5:30:23 PM","Unwinder Material Tension","HMI_Connection_2"
46216729433.2986,2,1,65,2000,"1089","1090",,,,,,,"7/13/2026 5:30:23 PM","Layer Nr:1089 Next Layer Nr : 1090  ","<internal>"
46216729455.1505,2,1,64,112,,,,,,,,,"7/13/2026 5:30:25 PM","Lowering Pallet","HMI_Connection_2"
46216729466.713,2,0,64,37,,,,,,,,,"7/13/2026 5:30:26 PM","Wagon waiting for Feeder","HMI_Connection_2"
46216729466.713,2,0,64,72,,,,,,,,,"7/13/2026 5:30:26 PM","Unwinder Material Tension","HMI_Connection_2"
46216729478.7153,2,1,64,36,,,,,,,,,"7/13/2026 5:30:27 PM","Wagon to start position","HMI_Connection_2"
46216729478.7153,2,1,64,37,,,,,,,,,"7/13/2026 5:30:27 PM","Wagon waiting for Feeder","HMI_Connection_2"
46216729501.8403,2,0,64,112,,,,,,,,,"7/13/2026 5:30:29 PM","Lowering Pallet","HMI_Connection_2"
46216729513.0208,2,1,64,74,"1089","314",,,,,,,"7/13/2026 5:30:30 PM","Deployment in Progress - Layer Nr. 1089 Matt. No.314","HMI_Connection_2"
46216729524.5949,2,0,64,36,,,,,,,,,"7/13/2026 5:30:31 PM","Wagon to start position","HMI_Connection_2"
46216729524.5949,2,0,64,37,,,,,,,,,"7/13/2026 5:30:31 PM","Wagon waiting for Feeder","HMI_Connection_2"
46216729559.3171,2,0,64,74,"1089","314",,,,,,,"7/13/2026 5:30:34 PM","Deployment in Progress - Layer Nr. 1089 Matt. No.314","HMI_Connection_2"
46216729605.6134,2,1,64,149,,,,,,,,,"7/13/2026 5:30:38 PM","Cutting Unit - Cut startet","HMI_Connection_2"
46216729629.1435,2,1,64,150,,,,,,,,,"7/13/2026 5:30:40 PM","Cutting Unit - Cut finished","HMI_Connection_2"
46216729646.5278,2,0,65,2000,"1089","1090",,,,,,,"7/13/2026 5:30:41 PM","Layer Nr:1089 Next Layer Nr : 1090  ","<internal>"
46216729652.3727,2,0,64,149,,,,,,,,,"7/13/2026 5:30:42 PM","Cutting Unit - Cut startet","HMI_Connection_2"
46216729652.3727,2,0,64,150,,,,,,,,,"7/13/2026 5:30:42 PM","Cutting Unit - Cut finished","HMI_Connection_2"
46216729652.3727,2,1,64,37,,,,,,,,,"7/13/2026 5:30:42 PM","Wagon waiting for Feeder","HMI_Connection_2"
46216729652.3727,2,1,64,72,,,,,,,,,"7/13/2026 5:30:42 PM","Unwinder Material Tension","HMI_Connection_2"
46216729663.9236,2,1,64,36,,,,,,,,,"7/13/2026 5:30:43 PM","Wagon to start position","HMI_Connection_2"
46216729663.9236,2,1,64,132,,,,,,,,,"7/13/2026 5:30:43 PM","Feeder material to start position","HMI_Connection_2"
46216729687.0486,2,0,64,37,,,,,,,,,"7/13/2026 5:30:45 PM","Wagon waiting for Feeder","HMI_Connection_2"
46216729687.0486,2,0,64,72,,,,,,,,,"7/13/2026 5:30:45 PM","Unwinder Material Tension","HMI_Connection_2"
46216729698.2176,2,0,64,132,,,,,,,,,"7/13/2026 5:30:46 PM","Feeder material to start position","HMI_Connection_2"
46216729698.2176,2,1,64,74,"1090","313",,,,,,,"7/13/2026 5:30:46 PM","Deployment in Progress - Layer Nr. 1090 Matt. No.313","HMI_Connection_2"
46216729709.7917,2,0,64,36,,,,,,,,,"7/13/2026 5:30:47 PM","Wagon to start position","HMI_Connection_2"
46216729744.5023,2,0,64,74,"1090","313",,,,,,,"7/13/2026 5:30:50 PM","Deployment in Progress - Layer Nr. 1090 Matt. No.313","HMI_Connection_2"
46216729802.3958,2,1,64,149,,,,,,,,,"7/13/2026 5:30:55 PM","Cutting Unit - Cut startet","HMI_Connection_2"
46216729825.9838,2,1,64,150,,,,,,,,,"7/13/2026 5:30:57 PM","Cutting Unit - Cut finished","HMI_Connection_2"
46216729842.9051,2,1,65,2000,"1091","1092",,,,,,,"7/13/2026 5:30:58 PM","Layer Nr:1091 Next Layer Nr : 1092  ","<internal>"
46216729848.669,2,0,64,149,,,,,,,,,"7/13/2026 5:30:59 PM","Cutting Unit - Cut startet","HMI_Connection_2"
46216729848.669,2,0,64,150,,,,,,,,,"7/13/2026 5:30:59 PM","Cutting Unit - Cut finished","HMI_Connection_2"
46216729848.669,2,1,64,37,,,,,,,,,"7/13/2026 5:30:59 PM","Wagon waiting for Feeder","HMI_Connection_2"
46216729848.669,2,1,64,72,,,,,,,,,"7/13/2026 5:30:59 PM","Unwinder Material Tension","HMI_Connection_2"
46216729860.2546,2,1,64,112,,,,,,,,,"7/13/2026 5:31:00 PM","Lowering Pallet","HMI_Connection_2"
46216729872.7894,2,1,64,36,,,,,,,,,"7/13/2026 5:31:01 PM","Wagon to start position","HMI_Connection_2"
46216729872.7894,2,1,64,132,,,,,,,,,"7/13/2026 5:31:01 PM","Feeder material to start position","HMI_Connection_2"
46216729883.831,2,0,64,37,,,,,,,,,"7/13/2026 5:31:02 PM","Wagon waiting for Feeder","HMI_Connection_2"
46216729883.831,2,0,64,72,,,,,,,,,"7/13/2026 5:31:02 PM","Unwinder Material Tension","HMI_Connection_2"
46216729894.9884,2,0,64,132,,,,,,,,,"7/13/2026 5:31:03 PM","Feeder material to start position","HMI_Connection_2"
46216729894.9884,2,1,64,74,"1091","116",,,,,,,"7/13/2026 5:31:03 PM","Deployment in Progress - Layer Nr. 1091 Matt. No.116","HMI_Connection_2"
46216729906.5509,2,0,64,36,,,,,,,,,"7/13/2026 5:31:04 PM","Wagon to start position","HMI_Connection_2"
46216729906.5509,2,0,64,112,,,,,,,,,"7/13/2026 5:31:04 PM","Lowering Pallet","HMI_Connection_2"
46216729941.2732,2,0,64,74,"1091","116",,,,,,,"7/13/2026 5:31:07 PM","Deployment in Progress - Layer Nr. 1091 Matt. No.116","HMI_Connection_2"
46216730010.7407,2,1,64,149,,,,,,,,,"7/13/2026 5:31:13 PM","Cutting Unit - Cut startet","HMI_Connection_2"
46216730022.3032,2,1,64,150,,,,,,,,,"7/13/2026 5:31:14 PM","Cutting Unit - Cut finished","HMI_Connection_2"
46216730045.8102,2,0,64,149,,,,,,,,,"7/13/2026 5:31:16 PM","Cutting Unit - Cut startet","HMI_Connection_2"
46216730045.8102,2,0,64,150,,,,,,,,,"7/13/2026 5:31:16 PM","Cutting Unit - Cut finished","HMI_Connection_2"
46216730046.7824,2,0,65,2000,"1092","1093",,,,,,,"7/13/2026 5:31:16 PM","Layer Nr:1092 Next Layer Nr : 1093  ","<internal>"
46216730058.2407,2,1,64,36,,,,,,,,,"7/13/2026 5:31:17 PM","Wagon to start position","HMI_Connection_2"
46216730058.2407,2,1,64,37,,,,,,,,,"7/13/2026 5:31:17 PM","Wagon waiting for Feeder","HMI_Connection_2"
46216730058.2407,2,1,64,72,,,,,,,,,"7/13/2026 5:31:17 PM","Unwinder Material Tension","HMI_Connection_2"
46216730080.6018,2,0,64,37,,,,,,,,,"7/13/2026 5:31:19 PM","Wagon waiting for Feeder","HMI_Connection_2"
46216730080.6018,2,0,64,72,,,,,,,,,"7/13/2026 5:31:19 PM","Unwinder Material Tension","HMI_Connection_2"
46216730091.7593,2,1,64,74,"1092","115",,,,,,,"7/13/2026 5:31:20 PM","Deployment in Progress - Layer Nr. 1092 Matt. No.115","HMI_Connection_2"
46216730114.8958,2,0,64,36,,,,,,,,,"7/13/2026 5:31:22 PM","Wagon to start position","HMI_Connection_2"
46216730138.044,2,0,64,74,"1092","115",,,,,,,"7/13/2026 5:31:24 PM","Deployment in Progress - Layer Nr. 1092 Matt. No.115","HMI_Connection_2"
46216730195.9375,2,1,64,149,,,,,,,,,"7/13/2026 5:31:29 PM","Cutting Unit - Cut startet","HMI_Connection_2"
46216730207.5,2,1,64,150,,,,,,,,,"7/13/2026 5:31:30 PM","Cutting Unit - Cut finished","HMI_Connection_2"
46216730231.0648,2,0,64,149,,,,,,,,,"7/13/2026 5:31:32 PM","Cutting Unit - Cut startet","HMI_Connection_2"
46216730231.0648,2,0,64,150,,,,,,,,,"7/13/2026 5:31:32 PM","Cutting Unit - Cut finished","HMI_Connection_2"
46216730232.037,2,1,65,2000,"1093","1094",,,,,,,"7/13/2026 5:31:32 PM","Layer Nr:1093 Next Layer Nr : 1094  ","<internal>"
46216730242.5926,2,1,64,37,,,,,,,,,"7/13/2026 5:31:33 PM","Wagon waiting for Feeder","HMI_Connection_2"
46216730242.5926,2,1,64,72,,,,,,,,,"7/13/2026 5:31:33 PM","Unwinder Material Tension","HMI_Connection_2"
46216730253.7847,2,1,64,112,,,,,,,,,"7/13/2026 5:31:34 PM","Lowering Pallet","HMI_Connection_2"
46216730265.3819,2,0,64,37,,,,,,,,,"7/13/2026 5:31:35 PM","Wagon waiting for Feeder","HMI_Connection_2"
46216730265.3819,2,0,64,72,,,,,,,,,"7/13/2026 5:31:35 PM","Unwinder Material Tension","HMI_Connection_2"
46216730277.3843,2,1,64,36,,,,,,,,,"7/13/2026 5:31:36 PM","Wagon to start position","HMI_Connection_2"
46216730277.3843,2,1,64,37,,,,,,,,,"7/13/2026 5:31:36 PM","Wagon waiting for Feeder","HMI_Connection_2"
46216730277.3843,2,1,64,132,,,,,,,,,"7/13/2026 5:31:36 PM","Feeder material to start position","HMI_Connection_2"
46216730300.4977,2,0,64,112,,,,,,,,,"7/13/2026 5:31:38 PM","Lowering Pallet","HMI_Connection_2"
46216730311.6667,2,0,64,132,,,,,,,,,"7/13/2026 5:31:39 PM","Feeder material to start position","HMI_Connection_2"
46216730311.6667,2,1,64,74,"1093","114",,,,,,,"7/13/2026 5:31:39 PM","Deployment in Progress - Layer Nr. 1093 Matt. No.114","HMI_Connection_2"
46216730323.2407,2,0,64,36,,,,,,,,,"7/13/2026 5:31:40 PM","Wagon to start position","HMI_Connection_2"
46216730323.2407,2,0,64,37,,,,,,,,,"7/13/2026 5:31:40 PM","Wagon waiting for Feeder","HMI_Connection_2"
46216730357.963,2,0,64,74,"1093","114",,,,,,,"7/13/2026 5:31:43 PM","Deployment in Progress - Layer Nr. 1093 Matt. No.114","HMI_Connection_2"
46216730404.2824,2,1,64,149,,,,,,,,,"7/13/2026 5:31:47 PM","Cutting Unit - Cut startet","HMI_Connection_2"
46216730427.419,2,1,64,150,,,,,,,,,"7/13/2026 5:31:49 PM","Cutting Unit - Cut finished","HMI_Connection_2"
46216730450.9954,2,0,64,149,,,,,,,,,"7/13/2026 5:31:51 PM","Cutting Unit - Cut startet","HMI_Connection_2"
46216730450.9954,2,0,64,150,,,,,,,,,"7/13/2026 5:31:51 PM","Cutting Unit - Cut finished","HMI_Connection_2"
46216730451.9676,2,0,65,2000,"1093","1094",,,,,,,"7/13/2026 5:31:51 PM","Layer Nr:1093 Next Layer Nr : 1094  ","<internal>"
46216730462.9398,2,1,64,36,,,,,,,,,"7/13/2026 5:31:52 PM","Wagon to start position","HMI_Connection_2"
46216730462.9398,2,1,64,37,,,,,,,,,"7/13/2026 5:31:52 PM","Wagon waiting for Feeder","HMI_Connection_2"
46216730462.9398,2,1,64,72,,,,,,,,,"7/13/2026 5:31:52 PM","Unwinder Material Tension","HMI_Connection_2"
46216730485.7176,2,0,64,37,,,,,,,,,"7/13/2026 5:31:54 PM","Wagon waiting for Feeder","HMI_Connection_2"
46216730485.7176,2,0,64,72,,,,,,,,,"7/13/2026 5:31:54 PM","Unwinder Material Tension","HMI_Connection_2"
46216730508.4491,2,1,64,74,"1094","113",,,,,,,"7/13/2026 5:31:56 PM","Deployment in Progress - Layer Nr. 1094 Matt. No.113","HMI_Connection_2"
46216730520,2,0,64,36,,,,,,,,,"7/13/2026 5:31:57 PM","Wagon to start position","HMI_Connection_2"
46216730543.1597,2,0,64,74,"1094","113",,,,,,,"7/13/2026 5:31:59 PM","Deployment in Progress - Layer Nr. 1094 Matt. No.113","HMI_Connection_2"
46216730601.0532,2,1,64,149,,,,,,,,,"7/13/2026 5:32:04 PM","Cutting Unit - Cut startet","HMI_Connection_2"
46216730624.6065,2,1,64,150,,,,,,,,,"7/13/2026 5:32:06 PM","Cutting Unit - Cut finished","HMI_Connection_2"
46216730642.0023,2,1,65,2000,"1095","1096",,,,,,,"7/13/2026 5:32:07 PM","Layer Nr:1095 Next Layer Nr : 1096  ","<internal>"
46216730647.7662,2,0,64,149,,,,,,,,,"7/13/2026 5:32:08 PM","Cutting Unit - Cut startet","HMI_Connection_2"
46216730647.7662,2,0,64,150,,,,,,,,,"7/13/2026 5:32:08 PM","Cutting Unit - Cut finished","HMI_Connection_2"
46216730647.7662,2,1,64,37,,,,,,,,,"7/13/2026 5:32:08 PM","Wagon waiting for Feeder","HMI_Connection_2"
46216730647.7662,2,1,64,72,,,,,,,,,"7/13/2026 5:32:08 PM","Unwinder Material Tension","HMI_Connection_2"
46216730659.0046,2,1,64,112,,,,,,,,,"7/13/2026 5:32:09 PM","Lowering Pallet","HMI_Connection_2"
46216730670.9606,2,1,64,36,,,,,,,,,"7/13/2026 5:32:10 PM","Wagon to start position","HMI_Connection_2"
46216730670.9606,2,1,64,132,,,,,,,,,"7/13/2026 5:32:10 PM","Feeder material to start position","HMI_Connection_2"
46216730682.5579,2,0,64,37,,,,,,,,,"7/13/2026 5:32:11 PM","Wagon waiting for Feeder","HMI_Connection_2"
46216730682.5579,2,0,64,72,,,,,,,,,"7/13/2026 5:32:11 PM","Unwinder Material Tension","HMI_Connection_2"
46216730705.2894,2,0,64,36,,,,,,,,,"7/13/2026 5:32:13 PM","Wagon to start position","HMI_Connection_2"
46216730705.2894,2,0,64,112,,,,,,,,,"7/13/2026 5:32:13 PM","Lowering Pallet","HMI_Connection_2"
46216730705.2894,2,0,64,132,,,,,,,,,"7/13/2026 5:32:13 PM","Feeder material to start position","HMI_Connection_2"
46216730705.2894,2,1,64,74,"1095","112",,,,,,,"7/13/2026 5:32:13 PM","Deployment in Progress - Layer Nr. 1095 Matt. No.112","HMI_Connection_2"
46216730740.0116,2,0,64,74,"1095","112",,,,,,,"7/13/2026 5:32:16 PM","Deployment in Progress - Layer Nr. 1095 Matt. No.112","HMI_Connection_2"
46216730809.4907,2,1,64,149,,,,,,,,,"7/13/2026 5:32:22 PM","Cutting Unit - Cut startet","HMI_Connection_2"
46216730833.0208,2,1,64,150,,,,,,,,,"7/13/2026 5:32:24 PM","Cutting Unit - Cut finished","HMI_Connection_2"
46216730844.3056,2,0,65,2000,"1096","1097",,,,,,,"7/13/2026 5:32:25 PM","Layer Nr:1096 Next Layer Nr : 1097  ","<internal>"
46216730856.7014,2,0,64,149,,,,,,,,,"7/13/2026 5:32:26 PM","Cutting Unit - Cut startet","HMI_Connection_2"
46216730856.7014,2,0,64,150,,,,,,,,,"7/13/2026 5:32:26 PM","Cutting Unit - Cut finished","HMI_Connection_2"
46216730856.7014,2,1,64,36,,,,,,,,,"7/13/2026 5:32:26 PM","Wagon to start position","HMI_Connection_2"
46216730856.7014,2,1,64,37,,,,,,,,,"7/13/2026 5:32:26 PM","Wagon waiting for Feeder","HMI_Connection_2"
46216730856.7014,2,1,64,72,,,,,,,,,"7/13/2026 5:32:26 PM","Unwinder Material Tension","HMI_Connection_2"
46216730856.7014,2,1,64,132,,,,,,,,,"7/13/2026 5:32:26 PM","Feeder material to start position","HMI_Connection_2"
46216730879.3403,2,0,64,37,,,,,,,,,"7/13/2026 5:32:28 PM","Wagon waiting for Feeder","HMI_Connection_2"
46216730879.3403,2,0,64,72,,,,,,,,,"7/13/2026 5:32:28 PM","Unwinder Material Tension","HMI_Connection_2"
46216730890.4977,2,0,64,132,,,,,,,,,"7/13/2026 5:32:29 PM","Feeder material to start position","HMI_Connection_2"
46216730890.4977,2,1,64,74,"1096","111",,,,,,,"7/13/2026 5:32:29 PM","Deployment in Progress - Layer Nr. 1096 Matt. No.111","HMI_Connection_2"
46216730913.6574,2,0,64,36,,,,,,,,,"7/13/2026 5:32:31 PM","Wagon to start position","HMI_Connection_2"
46216730936.794,2,0,64,74,"1096","111",,,,,,,"7/13/2026 5:32:33 PM","Deployment in Progress - Layer Nr. 1096 Matt. No.111","HMI_Connection_2"
46216730994.6759,2,1,64,149,,,,,,,,,"7/13/2026 5:32:38 PM","Cutting Unit - Cut startet","HMI_Connection_2"
46216731006.25,2,1,64,150,,,,,,,,,"7/13/2026 5:32:39 PM","Cutting Unit - Cut finished","HMI_Connection_2"
46216731029.3981,2,0,64,149,,,,,,,,,"7/13/2026 5:32:41 PM","Cutting Unit - Cut startet","HMI_Connection_2"
46216731029.3981,2,0,64,150,,,,,,,,,"7/13/2026 5:32:41 PM","Cutting Unit - Cut finished","HMI_Connection_2"
46216731029.3981,2,1,64,37,,,,,,,,,"7/13/2026 5:32:41 PM","Wagon waiting for Feeder","HMI_Connection_2"
46216731029.3981,2,1,64,72,,,,,,,,,"7/13/2026 5:32:41 PM","Unwinder Material Tension","HMI_Connection_2"
46216731029.4792,2,1,65,2000,"1097","1098",,,,,,,"7/13/2026 5:32:41 PM","Layer Nr:1097 Next Layer Nr : 1098  ","<internal>"
46216731053.3333,2,1,64,36,,,,,,,,,"7/13/2026 5:32:43 PM","Wagon to start position","HMI_Connection_2"
46216731053.3333,2,1,64,112,,,,,,,,,"7/13/2026 5:32:43 PM","Lowering Pallet","HMI_Connection_2"
46216731053.3333,2,1,64,132,,,,,,,,,"7/13/2026 5:32:43 PM","Feeder material to start position","HMI_Connection_2"
46216731064.5486,2,0,64,37,,,,,,,,,"7/13/2026 5:32:44 PM","Wagon waiting for Feeder","HMI_Connection_2"
46216731064.5486,2,0,64,72,,,,,,,,,"7/13/2026 5:32:44 PM","Unwinder Material Tension","HMI_Connection_2"
46216731087.2801,2,0,64,132,,,,,,,,,"7/13/2026 5:32:46 PM","Feeder material to start position","HMI_Connection_2"
46216731087.2801,2,1,64,74,"1097","110",,,,,,,"7/13/2026 5:32:46 PM","Deployment in Progress - Layer Nr. 1097 Matt. No.110","HMI_Connection_2"
46216731098.831,2,0,64,36,,,,,,,,,"7/13/2026 5:32:47 PM","Wagon to start position","HMI_Connection_2"
46216731098.831,2,0,64,112,,,,,,,,,"7/13/2026 5:32:47 PM","Lowering Pallet","HMI_Connection_2"
46216731122.0023,2,0,64,74,"1097","110",,,,,,,"7/13/2026 5:32:49 PM","Deployment in Progress - Layer Nr. 1097 Matt. No.110","HMI_Connection_2"
46216731179.8727,2,1,64,149,,,,,,,,,"7/13/2026 5:32:54 PM","Cutting Unit - Cut startet","HMI_Connection_2"
46216731203.0093,2,1,64,150,,,,,,,,,"7/13/2026 5:32:56 PM","Cutting Unit - Cut finished","HMI_Connection_2"
46216731220.8102,2,0,65,2000,"1097","1098",,,,,,,"7/13/2026 5:32:57 PM","Layer Nr:1097 Next Layer Nr : 1098  ","<internal>"
46216731226.5741,2,0,64,149,,,,,,,,,"7/13/2026 5:32:58 PM","Cutting Unit - Cut startet","HMI_Connection_2"
46216731226.5741,2,0,64,150,,,,,,,,,"7/13/2026 5:32:58 PM","Cutting Unit - Cut finished","HMI_Connection_2"
46216731226.5741,2,1,64,37,,,,,,,,,"7/13/2026 5:32:58 PM","Wagon waiting for Feeder","HMI_Connection_2"
46216731226.5741,2,1,64,72,,,,,,,,,"7/13/2026 5:32:58 PM","Unwinder Material Tension","HMI_Connection_2"
46216731238.1597,2,1,64,36,,,,,,,,,"7/13/2026 5:32:59 PM","Wagon to start position","HMI_Connection_2"
46216731261.2847,2,0,64,37,,,,,,,,,"7/13/2026 5:33:01 PM","Wagon waiting for Feeder","HMI_Connection_2"
46216731261.2847,2,0,64,72,,,,,,,,,"7/13/2026 5:33:01 PM","Unwinder Material Tension","HMI_Connection_2"
46216731272.4537,2,1,64,74,"1098","109",,,,,,,"7/13/2026 5:33:02 PM","Deployment in Progress - Layer Nr. 1098 Matt. No.109","HMI_Connection_2"
46216731295.6134,2,0,64,36,,,,,,,,,"7/13/2026 5:33:04 PM","Wagon to start position","HMI_Connection_2"
46216731318.7616,2,0,64,74,"1098","109",,,,,,,"7/13/2026 5:33:06 PM","Deployment in Progress - Layer Nr. 1098 Matt. No.109","HMI_Connection_2"
46216731376.6551,2,1,64,149,,,,,,,,,"7/13/2026 5:33:11 PM","Cutting Unit - Cut startet","HMI_Connection_2"
46216731388.2176,2,1,64,150,,,,,,,,,"7/13/2026 5:33:12 PM","Cutting Unit - Cut finished","HMI_Connection_2"
46216731411.7824,2,0,64,149,,,,,,,,,"7/13/2026 5:33:14 PM","Cutting Unit - Cut startet","HMI_Connection_2"
46216731411.7824,2,0,64,150,,,,,,,,,"7/13/2026 5:33:14 PM","Cutting Unit - Cut finished","HMI_Connection_2"
46216731412.8935,2,1,65,2000,"1098","1099",,,,,,,"7/13/2026 5:33:14 PM","Layer Nr:1098 Next Layer Nr : 1099  ","<internal>"
46216731423.3796,2,1,64,37,,,,,,,,,"7/13/2026 5:33:15 PM","Wagon waiting for Feeder","HMI_Connection_2"
46216731423.3796,2,1,64,72,,,,,,,,,"7/13/2026 5:33:15 PM","Unwinder Material Tension","HMI_Connection_2"
46216731434.5255,2,1,64,112,,,,,,,,,"7/13/2026 5:33:16 PM","Lowering Pallet","HMI_Connection_2"
46216731446.5046,2,1,64,36,,,,,,,,,"7/13/2026 5:33:17 PM","Wagon to start position","HMI_Connection_2"
46216731446.5046,2,1,64,132,,,,,,,,,"7/13/2026 5:33:17 PM","Feeder material to start position","HMI_Connection_2"
46216731458.1019,2,0,64,37,,,,,,,,,"7/13/2026 5:33:18 PM","Wagon waiting for Feeder","HMI_Connection_2"
46216731458.1019,2,0,64,72,,,,,,,,,"7/13/2026 5:33:18 PM","Unwinder Material Tension","HMI_Connection_2"
46216731480.8449,2,0,64,36,,,,,,,,,"7/13/2026 5:33:20 PM","Wagon to start position","HMI_Connection_2"
46216731480.8449,2,0,64,112,,,,,,,,,"7/13/2026 5:33:20 PM","Lowering Pallet","HMI_Connection_2"
46216731480.8449,2,0,64,132,,,,,,,,,"7/13/2026 5:33:20 PM","Feeder material to start position","HMI_Connection_2"
46216731480.8449,2,1,64,74,"1099","108",,,,,,,"7/13/2026 5:33:20 PM","Deployment in Progress - Layer Nr. 1099 Matt. No.108","HMI_Connection_2"
46216731515.5556,2,0,64,74,"1099","108",,,,,,,"7/13/2026 5:33:23 PM","Deployment in Progress - Layer Nr. 1099 Matt. No.108","HMI_Connection_2"
46216731585,2,1,64,149,,,,,,,,,"7/13/2026 5:33:29 PM","Cutting Unit - Cut startet","HMI_Connection_2"
46216731596.5625,2,1,64,150,,,,,,,,,"7/13/2026 5:33:30 PM","Cutting Unit - Cut finished","HMI_Connection_2"
46216731620.0579,2,0,64,149,,,,,,,,,"7/13/2026 5:33:32 PM","Cutting Unit - Cut startet","HMI_Connection_2"
46216731620.0579,2,0,64,150,,,,,,,,,"7/13/2026 5:33:32 PM","Cutting Unit - Cut finished","HMI_Connection_2"
46216731621.0301,2,0,65,2000,"1099","1100",,,,,,,"7/13/2026 5:33:32 PM","Layer Nr:1099 Next Layer Nr : 1100  ","<internal>"
46216731632.1991,2,1,64,36,,,,,,,,,"7/13/2026 5:33:33 PM","Wagon to start position","HMI_Connection_2"
46216731632.1991,2,1,64,37,,,,,,,,,"7/13/2026 5:33:33 PM","Wagon waiting for Feeder","HMI_Connection_2"
46216731632.1991,2,1,64,72,,,,,,,,,"7/13/2026 5:33:33 PM","Unwinder Material Tension","HMI_Connection_2"
46216731654.8495,2,0,64,37,,,,,,,,,"7/13/2026 5:33:35 PM","Wagon waiting for Feeder","HMI_Connection_2"
46216731654.8495,2,0,64,72,,,,,,,,,"7/13/2026 5:33:35 PM","Unwinder Material Tension","HMI_Connection_2"
46216731677.5926,2,1,64,74,"1100","107",,,,,,,"7/13/2026 5:33:37 PM","Deployment in Progress - Layer Nr. 1100 Matt. No.107","HMI_Connection_2"
46216731689.1667,2,0,64,36,,,,,,,,,"7/13/2026 5:33:38 PM","Wagon to start position","HMI_Connection_2"
46216731712.3148,2,0,64,74,"1100","107",,,,,,,"7/13/2026 5:33:40 PM","Deployment in Progress - Layer Nr. 1100 Matt. No.107","HMI_Connection_2"
46216731804.919,2,1,64,149,,,,,,,,,"7/13/2026 5:33:48 PM","Cutting Unit - Cut startet","HMI_Connection_2"
46216731828.4722,2,1,64,150,,,,,,,,,"7/13/2026 5:33:50 PM","Cutting Unit - Cut finished","HMI_Connection_2"
46216731845.8565,2,1,65,2000,"1101","1102",,,,,,,"7/13/2026 5:33:51 PM","Layer Nr:1101 Next Layer Nr : 1102  ","<internal>"
46216731851.6088,2,0,64,149,,,,,,,,,"7/13/2026 5:33:52 PM","Cutting Unit - Cut startet","HMI_Connection_2"
46216731851.6088,2,0,64,150,,,,,,,,,"7/13/2026 5:33:52 PM","Cutting Unit - Cut finished","HMI_Connection_2"
46216731851.6204,2,1,64,37,,,,,,,,,"7/13/2026 5:33:52 PM","Wagon waiting for Feeder","HMI_Connection_2"
46216731851.6204,2,1,64,72,,,,,,,,,"7/13/2026 5:33:52 PM","Unwinder Material Tension","HMI_Connection_2"
46216731874.8032,2,1,64,36,,,,,,,,,"7/13/2026 5:33:54 PM","Wagon to start position","HMI_Connection_2"
46216731874.8032,2,1,64,112,,,,,,,,,"7/13/2026 5:33:54 PM","Lowering Pallet","HMI_Connection_2"
46216731874.8032,2,1,64,132,,,,,,,,,"7/13/2026 5:33:54 PM","Feeder material to start position","HMI_Connection_2"
46216731886.331,2,0,64,37,,,,,,,,,"7/13/2026 5:33:55 PM","Wagon waiting for Feeder","HMI_Connection_2"
46216731886.331,2,0,64,72,,,,,,,,,"7/13/2026 5:33:55 PM","Unwinder Material Tension","HMI_Connection_2"
46216731909.0972,2,0,64,36,,,,,,,,,"7/13/2026 5:33:57 PM","Wagon to start position","HMI_Connection_2"
46216731909.0972,2,0,64,112,,,,,,,,,"7/13/2026 5:33:57 PM","Lowering Pallet","HMI_Connection_2"
46216731909.0972,2,0,64,132,,,,,,,,,"7/13/2026 5:33:57 PM","Feeder material to start position","HMI_Connection_2"
46216731909.0972,2,1,64,74,"1101","106",,,,,,,"7/13/2026 5:33:57 PM","Deployment in Progress - Layer Nr. 1101 Matt. No.106","HMI_Connection_2"
46216731943.8079,2,0,64,74,"1101","106",,,,,,,"7/13/2026 5:34:00 PM","Deployment in Progress - Layer Nr. 1101 Matt. No.106","HMI_Connection_2"
46216732013.2755,2,1,64,149,,,,,,,,,"7/13/2026 5:34:06 PM","Cutting Unit - Cut startet","HMI_Connection_2"
46216732036.8634,2,1,64,150,,,,,,,,,"7/13/2026 5:34:08 PM","Cutting Unit - Cut finished","HMI_Connection_2"
46216732049.3287,2,0,65,2000,"1101","1102",,,,,,,"7/13/2026 5:34:09 PM","Layer Nr:1101 Next Layer Nr : 1102  ","<internal>"
46216732059.9537,2,0,64,149,,,,,,,,,"7/13/2026 5:34:10 PM","Cutting Unit - Cut startet","HMI_Connection_2"
46216732059.9537,2,0,64,150,,,,,,,,,"7/13/2026 5:34:10 PM","Cutting Unit - Cut finished","HMI_Connection_2"
46216732059.9537,2,1,64,37,,,,,,,,,"7/13/2026 5:34:10 PM","Wagon waiting for Feeder","HMI_Connection_2"
46216732059.9537,2,1,64,72,,,,,,,,,"7/13/2026 5:34:10 PM","Unwinder Material Tension","HMI_Connection_2"
46216732071.5856,2,1,64,36,,,,,,,,,"7/13/2026 5:34:11 PM","Wagon to start position","HMI_Connection_2"
46216732094.2708,2,0,64,37,,,,,,,,,"7/13/2026 5:34:13 PM","Wagon waiting for Feeder","HMI_Connection_2"
46216732094.2708,2,0,64,72,,,,,,,,,"7/13/2026 5:34:13 PM","Unwinder Material Tension","HMI_Connection_2"
46216732094.2708,2,1,64,74,"1102","105",,,,,,,"7/13/2026 5:34:13 PM","Deployment in Progress - Layer Nr. 1102 Matt. No.105","HMI_Connection_2"
46216732117.4537,2,0,64,36,,,,,,,,,"7/13/2026 5:34:15 PM","Wagon to start position","HMI_Connection_2"
46216732152.1644,2,0,64,74,"1102","105",,,,,,,"7/13/2026 5:34:18 PM","Deployment in Progress - Layer Nr. 1102 Matt. No.105","HMI_Connection_2"
46216732233.1944,2,1,64,149,,,,,,,,,"7/13/2026 5:34:25 PM","Cutting Unit - Cut startet","HMI_Connection_2"
46216732256.7245,2,1,64,150,,,,,,,,,"7/13/2026 5:34:27 PM","Cutting Unit - Cut finished","HMI_Connection_2"
46216732268.3565,2,0,64,149,,,,,,,,,"7/13/2026 5:34:28 PM","Cutting Unit - Cut startet","HMI_Connection_2"
46216732268.3565,2,0,64,150,,,,,,,,,"7/13/2026 5:34:28 PM","Cutting Unit - Cut finished","HMI_Connection_2"
46216732269.3287,2,1,65,2000,"1102","1103",,,,,,,"7/13/2026 5:34:28 PM","Layer Nr:1102 Next Layer Nr : 1103  ","<internal>"
46216732279.8843,2,1,64,37,,,,,,,,,"7/13/2026 5:34:29 PM","Wagon waiting for Feeder","HMI_Connection_2"
46216732279.8843,2,1,64,72,,,,,,,,,"7/13/2026 5:34:29 PM","Unwinder Material Tension","HMI_Connection_2"
46216732291.0532,2,1,64,112,,,,,,,,,"7/13/2026 5:34:30 PM","Lowering Pallet","HMI_Connection_2"
46216732303.0787,2,1,64,36,,,,,,,,,"7/13/2026 5:34:31 PM","Wagon to start position","HMI_Connection_2"
46216732303.0787,2,0,64,37,,,,,,,,,"7/13/2026 5:34:31 PM","Wagon waiting for Feeder","HMI_Connection_2"
46216732303.0787,2,0,64,72,,,,,,,,,"7/13/2026 5:34:31 PM","Unwinder Material Tension","HMI_Connection_2"
46216732303.0787,2,1,64,132,,,,,,,,,"7/13/2026 5:34:31 PM","Feeder material to start position","HMI_Connection_2"
46216732325.7755,2,0,64,132,,,,,,,,,"7/13/2026 5:34:33 PM","Feeder material to start position","HMI_Connection_2"
46216732337.3727,2,0,64,36,,,,,,,,,"7/13/2026 5:34:34 PM","Wagon to start position","HMI_Connection_2"
46216732337.3727,2,0,64,112,,,,,,,,,"7/13/2026 5:34:34 PM","Lowering Pallet","HMI_Connection_2"
46216732337.3727,2,1,64,74,"1103","104",,,,,,,"7/13/2026 5:34:34 PM","Deployment in Progress - Layer Nr. 1103 Matt. No.104","HMI_Connection_2"
46216732360.5208,2,0,64,74,"1103","104",,,,,,,"7/13/2026 5:34:36 PM","Deployment in Progress - Layer Nr. 1103 Matt. No.104","HMI_Connection_2"
46216732441.5393,2,1,64,149,,,,,,,,,"7/13/2026 5:34:43 PM","Cutting Unit - Cut startet","HMI_Connection_2"
46216732453.1019,2,1,64,150,,,,,,,,,"7/13/2026 5:34:44 PM","Cutting Unit - Cut finished","HMI_Connection_2"
46216732476.7014,2,0,64,149,,,,,,,,,"7/13/2026 5:34:46 PM","Cutting Unit - Cut startet","HMI_Connection_2"
46216732476.7014,2,0,64,150,,,,,,,,,"7/13/2026 5:34:46 PM","Cutting Unit - Cut finished","HMI_Connection_2"
46216732477.6042,2,0,65,2000,"1103","1104",,,,,,,"7/13/2026 5:34:46 PM","Layer Nr:1103 Next Layer Nr : 1104  ","<internal>"
46216732488.2986,2,1,64,37,,,,,,,,,"7/13/2026 5:34:47 PM","Wagon waiting for Feeder","HMI_Connection_2"
46216732488.2986,2,1,64,72,,,,,,,,,"7/13/2026 5:34:47 PM","Unwinder Material Tension","HMI_Connection_2"
46216732499.8264,2,1,64,36,,,,,,,,,"7/13/2026 5:34:48 PM","Wagon to start position","HMI_Connection_2"
46216732522.5694,2,0,64,37,,,,,,,,,"7/13/2026 5:34:50 PM","Wagon waiting for Feeder","HMI_Connection_2"
46216732522.5694,2,0,64,72,,,,,,,,,"7/13/2026 5:34:50 PM","Unwinder Material Tension","HMI_Connection_2"
46216732522.5694,2,1,64,74,"1104","103",,,,,,,"7/13/2026 5:34:50 PM","Deployment in Progress - Layer Nr. 1104 Matt. No.103","HMI_Connection_2"
46216732545.706,2,0,64,36,,,,,,,,,"7/13/2026 5:34:52 PM","Wagon to start position","HMI_Connection_2"
46216732580.4282,2,0,64,74,"1104","103",,,,,,,"7/13/2026 5:34:55 PM","Deployment in Progress - Layer Nr. 1104 Matt. No.103","HMI_Connection_2"
46216732626.7361,2,1,64,149,,,,,,,,,"7/13/2026 5:34:59 PM","Cutting Unit - Cut startet","HMI_Connection_2"
46216732650.2778,2,1,64,150,,,,,,,,,"7/13/2026 5:35:01 PM","Cutting Unit - Cut finished","HMI_Connection_2"
46216732661.9097,2,0,64,149,,,,,,,,,"7/13/2026 5:35:02 PM","Cutting Unit - Cut startet","HMI_Connection_2"
46216732661.9097,2,0,64,150,,,,,,,,,"7/13/2026 5:35:02 PM","Cutting Unit - Cut finished","HMI_Connection_2"
46216732662.8819,2,1,65,2000,"1104","1105",,,,,,,"7/13/2026 5:35:02 PM","Layer Nr:1104 Next Layer Nr : 1105  ","<internal>"
46216732673.4375,2,1,64,37,,,,,,,,,"7/13/2026 5:35:03 PM","Wagon waiting for Feeder","HMI_Connection_2"
46216732673.4375,2,1,64,72,,,,,,,,,"7/13/2026 5:35:03 PM","Unwinder Material Tension","HMI_Connection_2"
46216732684.6065,2,1,64,112,,,,,,,,,"7/13/2026 5:35:04 PM","Lowering Pallet","HMI_Connection_2"
46216732696.6319,2,1,64,36,,,,,,,,,"7/13/2026 5:35:05 PM","Wagon to start position","HMI_Connection_2"
46216732696.6319,2,1,64,132,,,,,,,,,"7/13/2026 5:35:05 PM","Feeder material to start position","HMI_Connection_2"
46216732708.1597,2,0,64,37,,,,,,,,,"7/13/2026 5:35:06 PM","Wagon waiting for Feeder","HMI_Connection_2"
46216732708.1597,2,0,64,72,,,,,,,,,"7/13/2026 5:35:06 PM","Unwinder Material Tension","HMI_Connection_2"
46216732730.9144,2,0,64,36,,,,,,,,,"7/13/2026 5:35:08 PM","Wagon to start position","HMI_Connection_2"
46216732730.9144,2,0,64,112,,,,,,,,,"7/13/2026 5:35:08 PM","Lowering Pallet","HMI_Connection_2"
46216732730.9144,2,0,64,132,,,,,,,,,"7/13/2026 5:35:08 PM","Feeder material to start position","HMI_Connection_2"
46216732730.9144,2,1,64,74,"1105","102",,,,,,,"7/13/2026 5:35:08 PM","Deployment in Progress - Layer Nr. 1105 Matt. No.102","HMI_Connection_2"
46216732765.6366,2,0,64,74,"1105","102",,,,,,,"7/13/2026 5:35:11 PM","Deployment in Progress - Layer Nr. 1105 Matt. No.102","HMI_Connection_2"
46216732835.081,2,1,64,149,,,,,,,,,"7/13/2026 5:35:17 PM","Cutting Unit - Cut startet","HMI_Connection_2"
46216732846.6551,2,1,64,150,,,,,,,,,"7/13/2026 5:35:18 PM","Cutting Unit - Cut finished","HMI_Connection_2"
46216732869.8148,2,0,64,149,,,,,,,,,"7/13/2026 5:35:20 PM","Cutting Unit - Cut startet","HMI_Connection_2"
46216732869.8148,2,0,64,150,,,,,,,,,"7/13/2026 5:35:20 PM","Cutting Unit - Cut finished","HMI_Connection_2"
46216732869.8148,2,1,64,37,,,,,,,,,"7/13/2026 5:35:20 PM","Wagon waiting for Feeder","HMI_Connection_2"
46216732869.8148,2,1,64,72,,,,,,,,,"7/13/2026 5:35:20 PM","Unwinder Material Tension","HMI_Connection_2"
46216732869.8843,2,0,65,2000,"1106","1107",,,,,,,"7/13/2026 5:35:20 PM","Layer Nr:1106 Next Layer Nr : 1107  ","<internal>"
46216732882.3032,2,1,64,36,,,,,,,,,"7/13/2026 5:35:21 PM","Wagon to start position","HMI_Connection_2"
46216732882.3032,2,1,64,132,,,,,,,,,"7/13/2026 5:35:21 PM","Feeder material to start position","HMI_Connection_2"
46216732904.537,2,0,64,37,,,,,,,,,"7/13/2026 5:35:23 PM","Wagon waiting for Feeder","HMI_Connection_2"
46216732904.537,2,0,64,72,,,,,,,,,"7/13/2026 5:35:23 PM","Unwinder Material Tension","HMI_Connection_2"
46216732916.0995,2,0,64,132,,,,,,,,,"7/13/2026 5:35:24 PM","Feeder material to start position","HMI_Connection_2"
46216732916.0995,2,1,64,74,"1106","101",,,,,,,"7/13/2026 5:35:24 PM","Deployment in Progress - Layer Nr. 1106 Matt. No.101","HMI_Connection_2"
46216732927.6736,2,0,64,36,,,,,,,,,"7/13/2026 5:35:25 PM","Wagon to start position","HMI_Connection_2"
46216732962.4074,2,0,64,74,"1106","101",,,,,,,"7/13/2026 5:35:28 PM","Deployment in Progress - Layer Nr. 1106 Matt. No.101","HMI_Connection_2"
46216733008.7153,2,1,64,149,,,,,,,,,"7/13/2026 5:35:32 PM","Cutting Unit - Cut startet","HMI_Connection_2"
46216733032.2338,2,1,64,150,,,,,,,,,"7/13/2026 5:35:34 PM","Cutting Unit - Cut finished","HMI_Connection_2"
46216733043.8657,2,0,64,149,,,,,,,,,"7/13/2026 5:35:35 PM","Cutting Unit - Cut startet","HMI_Connection_2"
46216733043.8657,2,0,64,150,,,,,,,,,"7/13/2026 5:35:35 PM","Cutting Unit - Cut finished","HMI_Connection_2"
46216733044.7685,2,1,65,2000,"1106","1107",,,,,,,"7/13/2026 5:35:35 PM","Layer Nr:1106 Next Layer Nr : 1107  ","<internal>"
46216733055.3935,2,1,64,37,,,,,,,,,"7/13/2026 5:35:36 PM","Wagon waiting for Feeder","HMI_Connection_2"
46216733055.3935,2,1,64,72,,,,,,,,,"7/13/2026 5:35:36 PM","Unwinder Material Tension","HMI_Connection_2"
46216733066.5741,2,1,64,112,,,,,,,,,"7/13/2026 5:35:37 PM","Lowering Pallet","HMI_Connection_2"
46216733078.1481,2,0,64,37,,,,,,,,,"7/13/2026 5:35:38 PM","Wagon waiting for Feeder","HMI_Connection_2"
46216733078.1481,2,0,64,72,,,,,,,,,"7/13/2026 5:35:38 PM","Unwinder Material Tension","HMI_Connection_2"
46216733090.1157,2,1,64,36,,,,,,,,,"7/13/2026 5:35:39 PM","Wagon to start position","HMI_Connection_2"
46216733090.1157,2,1,64,37,,,,,,,,,"7/13/2026 5:35:39 PM","Wagon waiting for Feeder","HMI_Connection_2"
46216733113.3102,2,0,64,112,,,,,,,,,"7/13/2026 5:35:41 PM","Lowering Pallet","HMI_Connection_2"
46216733124.4445,2,1,64,74,"1107","100",,,,,,,"7/13/2026 5:35:42 PM","Deployment in Progress - Layer Nr. 1107 Matt. No.100","HMI_Connection_2"
46216733147.5926,2,0,64,36,,,,,,,,,"7/13/2026 5:35:44 PM","Wagon to start position","HMI_Connection_2"
46216733147.5926,2,0,64,37,,,,,,,,,"7/13/2026 5:35:44 PM","Wagon waiting for Feeder","HMI_Connection_2"
46216733170.7407,2,0,64,74,"1107","100",,,,,,,"7/13/2026 5:35:46 PM","Deployment in Progress - Layer Nr. 1107 Matt. No.100","HMI_Connection_2"
46216733228.6343,2,1,64,149,,,,,,,,,"7/13/2026 5:35:51 PM","Cutting Unit - Cut startet","HMI_Connection_2"
46216733240.1968,2,1,64,150,,,,,,,,,"7/13/2026 5:35:52 PM","Cutting Unit - Cut finished","HMI_Connection_2"
46216733263.7037,2,0,64,149,,,,,,,,,"7/13/2026 5:35:54 PM","Cutting Unit - Cut startet","HMI_Connection_2"
46216733263.7037,2,0,64,150,,,,,,,,,"7/13/2026 5:35:54 PM","Cutting Unit - Cut finished","HMI_Connection_2"
46216733264.6759,2,0,65,2000,"1108","1109",,,,,,,"7/13/2026 5:35:54 PM","Layer Nr:1108 Next Layer Nr : 1109  ","<internal>"
46216733275.7176,2,1,64,36,,,,,,,,,"7/13/2026 5:35:55 PM","Wagon to start position","HMI_Connection_2"
46216733275.7176,2,1,64,37,,,,,,,,,"7/13/2026 5:35:55 PM","Wagon waiting for Feeder","HMI_Connection_2"
46216733275.7176,2,1,64,72,,,,,,,,,"7/13/2026 5:35:55 PM","Unwinder Material Tension","HMI_Connection_2"
46216733275.7176,2,1,64,132,,,,,,,,,"7/13/2026 5:35:55 PM","Feeder material to start position","HMI_Connection_2"
46216733298.4838,2,0,64,37,,,,,,,,,"7/13/2026 5:35:57 PM","Wagon waiting for Feeder","HMI_Connection_2"
46216733298.4838,2,0,64,72,,,,,,,,,"7/13/2026 5:35:57 PM","Unwinder Material Tension","HMI_Connection_2"
46216733309.6528,2,0,64,132,,,,,,,,,"7/13/2026 5:35:58 PM","Feeder material to start position","HMI_Connection_2"
46216733309.6528,2,1,64,74,"1108","99",,,,,,,"7/13/2026 5:35:58 PM","Deployment in Progress - Layer Nr. 1108 Matt. No.99","HMI_Connection_2"
46216733332.8009,2,0,64,36,,,,,,,,,"7/13/2026 5:36:00 PM","Wagon to start position","HMI_Connection_2"
46216733355.9375,2,0,64,74,"1108","99",,,,,,,"7/13/2026 5:36:02 PM","Deployment in Progress - Layer Nr. 1108 Matt. No.99","HMI_Connection_2"
46216733425.3935,2,1,64,149,,,,,,,,,"7/13/2026 5:36:08 PM","Cutting Unit - Cut startet","HMI_Connection_2"
46216733436.9792,2,1,64,150,,,,,,,,,"7/13/2026 5:36:09 PM","Cutting Unit - Cut finished","HMI_Connection_2"
46216733460.4745,2,0,64,149,,,,,,,,,"7/13/2026 5:36:11 PM","Cutting Unit - Cut startet","HMI_Connection_2"
46216733460.4745,2,0,64,150,,,,,,,,,"7/13/2026 5:36:11 PM","Cutting Unit - Cut finished","HMI_Connection_2"
46216733461.3079,2,1,65,2000,"1108","1109",,,,,,,"7/13/2026 5:36:11 PM","Layer Nr:1108 Next Layer Nr : 1109  ","<internal>"
46216733472.1412,2,1,64,37,,,,,,,,,"7/13/2026 5:36:12 PM","Wagon waiting for Feeder","HMI_Connection_2"
46216733472.1412,2,1,64,72,,,,,,,,,"7/13/2026 5:36:12 PM","Unwinder Material Tension","HMI_Connection_2"
46216733483.2755,2,1,64,112,,,,,,,,,"7/13/2026 5:36:13 PM","Lowering Pallet","HMI_Connection_2"
46216733495.2662,2,1,64,36,,,,,,,,,"7/13/2026 5:36:14 PM","Wagon to start position","HMI_Connection_2"
46216733506.794,2,0,64,37,,,,,,,,,"7/13/2026 5:36:15 PM","Wagon waiting for Feeder","HMI_Connection_2"
46216733506.794,2,0,64,72,,,,,,,,,"7/13/2026 5:36:15 PM","Unwinder Material Tension","HMI_Connection_2"
46216733529.5718,2,0,64,36,,,,,,,,,"7/13/2026 5:36:17 PM","Wagon to start position","HMI_Connection_2"
46216733529.5718,2,0,64,112,,,,,,,,,"7/13/2026 5:36:17 PM","Lowering Pallet","HMI_Connection_2"
46216733529.5718,2,1,64,74,"1109","98",,,,,,,"7/13/2026 5:36:17 PM","Deployment in Progress - Layer Nr. 1109 Matt. No.98","HMI_Connection_2"
46216733564.294,2,0,64,74,"1109","98",,,,,,,"7/13/2026 5:36:20 PM","Deployment in Progress - Layer Nr. 1109 Matt. No.98","HMI_Connection_2"
46216733622.1759,2,1,64,149,,,,,,,,,"7/13/2026 5:36:25 PM","Cutting Unit - Cut startet","HMI_Connection_2"
46216733645.3241,2,1,64,150,,,,,,,,,"7/13/2026 5:36:27 PM","Cutting Unit - Cut finished","HMI_Connection_2"
46216733668.912,2,0,64,149,,,,,,,,,"7/13/2026 5:36:29 PM","Cutting Unit - Cut startet","HMI_Connection_2"
46216733668.912,2,0,64,150,,,,,,,,,"7/13/2026 5:36:29 PM","Cutting Unit - Cut finished","HMI_Connection_2"
46216733669.8843,2,0,65,2000,"1109","1110",,,,,,,"7/13/2026 5:36:29 PM","Layer Nr:1109 Next Layer Nr : 1110  ","<internal>"
46216733680.4398,2,1,64,36,,,,,,,,,"7/13/2026 5:36:30 PM","Wagon to start position","HMI_Connection_2"
46216733680.4398,2,1,64,37,,,,,,,,,"7/13/2026 5:36:30 PM","Wagon waiting for Feeder","HMI_Connection_2"
46216733680.4398,2,1,64,72,,,,,,,,,"7/13/2026 5:36:30 PM","Unwinder Material Tension","HMI_Connection_2"
46216733692.037,2,1,64,132,,,,,,,,,"7/13/2026 5:36:31 PM","Feeder material to start position","HMI_Connection_2"
46216733703.6343,2,0,64,37,,,,,,,,,"7/13/2026 5:36:32 PM","Wagon waiting for Feeder","HMI_Connection_2"
46216733703.6343,2,0,64,72,,,,,,,,,"7/13/2026 5:36:32 PM","Unwinder Material Tension","HMI_Connection_2"
46216733714.7685,2,0,64,132,,,,,,,,,"7/13/2026 5:36:33 PM","Feeder material to start position","HMI_Connection_2"
46216733714.7685,2,1,64,74,"1110","97",,,,,,,"7/13/2026 5:36:33 PM","Deployment in Progress - Layer Nr. 1110 Matt. No.97","HMI_Connection_2"
46216733737.9167,2,0,64,36,,,,,,,,,"7/13/2026 5:36:35 PM","Wagon to start position","HMI_Connection_2"
46216733761.0532,2,0,64,74,"1110","97",,,,,,,"7/13/2026 5:36:37 PM","Deployment in Progress - Layer Nr. 1110 Matt. No.97","HMI_Connection_2"
46216733818.9352,2,1,64,149,,,,,,,,,"7/13/2026 5:36:42 PM","Cutting Unit - Cut startet","HMI_Connection_2"
46216733842.5347,2,1,64,150,,,,,,,,,"7/13/2026 5:36:44 PM","Cutting Unit - Cut finished","HMI_Connection_2"
46216733859.4444,2,1,65,2000,"1111","1112",,,,,,,"7/13/2026 5:36:45 PM","Layer Nr:1111 Next Layer Nr : 1112  ","<internal>"
46216733865.2199,2,0,64,149,,,,,,,,,"7/13/2026 5:36:46 PM","Cutting Unit - Cut startet","HMI_Connection_2"
46216733865.2199,2,0,64,150,,,,,,,,,"7/13/2026 5:36:46 PM","Cutting Unit - Cut finished","HMI_Connection_2"
46216733865.2199,2,1,64,37,,,,,,,,,"7/13/2026 5:36:46 PM","Wagon waiting for Feeder","HMI_Connection_2"
46216733865.2199,2,1,64,72,,,,,,,,,"7/13/2026 5:36:46 PM","Unwinder Material Tension","HMI_Connection_2"
46216733876.8056,2,1,64,112,,,,,,,,,"7/13/2026 5:36:47 PM","Lowering Pallet","HMI_Connection_2"
46216733889.1204,2,1,64,36,,,,,,,,,"7/13/2026 5:36:48 PM","Wagon to start position","HMI_Connection_2"
46216733889.1204,2,1,64,132,,,,,,,,,"7/13/2026 5:36:48 PM","Feeder material to start position","HMI_Connection_2"
46216733900.3357,2,0,64,37,,,,,,,,,"7/13/2026 5:36:49 PM","Wagon waiting for Feeder","HMI_Connection_2"
46216733900.3357,2,0,64,72,,,,,,,,,"7/13/2026 5:36:49 PM","Unwinder Material Tension","HMI_Connection_2"
46216733911.5393,2,0,64,132,,,,,,,,,"7/13/2026 5:36:50 PM","Feeder material to start position","HMI_Connection_2"
46216733911.5393,2,1,64,74,"1111","96",,,,,,,"7/13/2026 5:36:50 PM","Deployment in Progress - Layer Nr. 1111 Matt. No.96","HMI_Connection_2"
46216733934.6875,2,0,64,36,,,,,,,,,"7/13/2026 5:36:52 PM","Wagon to start position","HMI_Connection_2"
46216733934.6875,2,0,64,112,,,,,,,,,"7/13/2026 5:36:52 PM","Lowering Pallet","HMI_Connection_2"
46216733957.8241,2,0,64,74,"1111","96",,,,,,,"7/13/2026 5:36:54 PM","Deployment in Progress - Layer Nr. 1111 Matt. No.96","HMI_Connection_2"
46216734015.7176,2,1,64,149,,,,,,,,,"7/13/2026 5:36:59 PM","Cutting Unit - Cut startet","HMI_Connection_2"
46216734039.2708,2,1,64,150,,,,,,,,,"7/13/2026 5:37:01 PM","Cutting Unit - Cut finished","HMI_Connection_2"
46216734050.7639,2,0,64,149,,,,,,,,,"7/13/2026 5:37:02 PM","Cutting Unit - Cut startet","HMI_Connection_2"
46216734050.7639,2,0,64,150,,,,,,,,,"7/13/2026 5:37:02 PM","Cutting Unit - Cut finished","HMI_Connection_2"
46216734051.7361,2,0,65,2000,"1111","1112",,,,,,,"7/13/2026 5:37:02 PM","Layer Nr:1111 Next Layer Nr : 1112  ","<internal>"
46216734062.5694,2,1,64,36,,,,,,,,,"7/13/2026 5:37:03 PM","Wagon to start position","HMI_Connection_2"
46216734062.5694,2,1,64,37,,,,,,,,,"7/13/2026 5:37:03 PM","Wagon waiting for Feeder","HMI_Connection_2"
46216734062.5694,2,1,64,72,,,,,,,,,"7/13/2026 5:37:03 PM","Unwinder Material Tension","HMI_Connection_2"
46216734096.7361,2,0,64,37,,,,,,,,,"7/13/2026 5:37:06 PM","Wagon waiting for Feeder","HMI_Connection_2"
46216734096.7361,2,0,64,72,,,,,,,,,"7/13/2026 5:37:06 PM","Unwinder Material Tension","HMI_Connection_2"
46216734108.3333,2,1,64,74,"1112","95",,,,,,,"7/13/2026 5:37:07 PM","Deployment in Progress - Layer Nr. 1112 Matt. No.95","HMI_Connection_2"
46216734119.8727,2,0,64,36,,,,,,,,,"7/13/2026 5:37:08 PM","Wagon to start position","HMI_Connection_2"
46216734143.0324,2,0,64,74,"1112","95",,,,,,,"7/13/2026 5:37:10 PM","Deployment in Progress - Layer Nr. 1112 Matt. No.95","HMI_Connection_2"
46216734212.4769,2,1,64,149,,,,,,,,,"7/13/2026 5:37:16 PM","Cutting Unit - Cut startet","HMI_Connection_2"
46216734224.0509,2,1,64,150,,,,,,,,,"7/13/2026 5:37:17 PM","Cutting Unit - Cut finished","HMI_Connection_2"
46216734247.6042,2,0,64,149,,,,,,,,,"7/13/2026 5:37:19 PM","Cutting Unit - Cut startet","HMI_Connection_2"
46216734247.6042,2,0,64,150,,,,,,,,,"7/13/2026 5:37:19 PM","Cutting Unit - Cut finished","HMI_Connection_2"
46216734247.6042,2,1,64,37,,,,,,,,,"7/13/2026 5:37:19 PM","Wagon waiting for Feeder","HMI_Connection_2"
46216734247.6042,2,1,64,72,,,,,,,,,"7/13/2026 5:37:19 PM","Unwinder Material Tension","HMI_Connection_2"
46216734248.588,2,1,65,2000,"1113","1114",,,,,,,"7/13/2026 5:37:19 PM","Layer Nr:1113 Next Layer Nr : 1114  ","<internal>"
46216734270.3704,2,1,64,112,,,,,,,,,"7/13/2026 5:37:21 PM","Lowering Pallet","HMI_Connection_2"
46216734282.2685,2,1,64,36,,,,,,,,,"7/13/2026 5:37:22 PM","Wagon to start position","HMI_Connection_2"
46216734282.2685,2,0,64,37,,,,,,,,,"7/13/2026 5:37:22 PM","Wagon waiting for Feeder","HMI_Connection_2"
46216734282.2685,2,0,64,72,,,,,,,,,"7/13/2026 5:37:22 PM","Unwinder Material Tension","HMI_Connection_2"
46216734282.2685,2,1,64,132,,,,,,,,,"7/13/2026 5:37:22 PM","Feeder material to start position","HMI_Connection_2"
46216734305.081,2,0,64,132,,,,,,,,,"7/13/2026 5:37:24 PM","Feeder material to start position","HMI_Connection_2"
46216734305.081,2,1,64,74,"1113","94",,,,,,,"7/13/2026 5:37:24 PM","Deployment in Progress - Layer Nr. 1113 Matt. No.94","HMI_Connection_2"
46216734316.6667,2,0,64,36,,,,,,,,,"7/13/2026 5:37:25 PM","Wagon to start position","HMI_Connection_2"
46216734316.6667,2,0,64,112,,,,,,,,,"7/13/2026 5:37:25 PM","Lowering Pallet","HMI_Connection_2"
46216734339.8032,2,0,64,74,"1113","94",,,,,,,"7/13/2026 5:37:27 PM","Deployment in Progress - Layer Nr. 1113 Matt. No.94","HMI_Connection_2"
46216734420.8333,2,1,64,149,,,,,,,,,"7/13/2026 5:37:34 PM","Cutting Unit - Cut startet","HMI_Connection_2"
46216734444.3866,2,1,64,150,,,,,,,,,"7/13/2026 5:37:36 PM","Cutting Unit - Cut finished","HMI_Connection_2"
46216734456.9213,2,0,65,2000,"1114","1115",,,,,,,"7/13/2026 5:37:37 PM","Layer Nr:1114 Next Layer Nr : 1115  ","<internal>"
46216734467.8241,2,0,64,149,,,,,,,,,"7/13/2026 5:37:38 PM","Cutting Unit - Cut startet","HMI_Connection_2"
46216734467.8241,2,0,64,150,,,,,,,,,"7/13/2026 5:37:38 PM","Cutting Unit - Cut finished","HMI_Connection_2"
46216734467.8241,2,1,64,36,,,,,,,,,"7/13/2026 5:37:38 PM","Wagon to start position","HMI_Connection_2"
46216734467.8241,2,1,64,37,,,,,,,,,"7/13/2026 5:37:38 PM","Wagon waiting for Feeder","HMI_Connection_2"
46216734467.8241,2,1,64,72,,,,,,,,,"7/13/2026 5:37:38 PM","Unwinder Material Tension","HMI_Connection_2"
46216734490.6945,2,0,64,37,,,,,,,,,"7/13/2026 5:37:40 PM","Wagon waiting for Feeder","HMI_Connection_2"
46216734490.6945,2,0,64,72,,,,,,,,,"7/13/2026 5:37:40 PM","Unwinder Material Tension","HMI_Connection_2"
46216734501.8634,2,1,64,74,"1114","93",,,,,,,"7/13/2026 5:37:41 PM","Deployment in Progress - Layer Nr. 1114 Matt. No.93","HMI_Connection_2"
46216734525,2,0,64,36,,,,,,,,,"7/13/2026 5:37:43 PM","Wagon to start position","HMI_Connection_2"
46216734559.7338,2,0,64,74,"1114","93",,,,,,,"7/13/2026 5:37:46 PM","Deployment in Progress - Layer Nr. 1114 Matt. No.93","HMI_Connection_2"
46216734606.0301,2,1,64,149,,,,,,,,,"7/13/2026 5:37:50 PM","Cutting Unit - Cut startet","HMI_Connection_2"
46216734629.5949,2,1,64,150,,,,,,,,,"7/13/2026 5:37:52 PM","Cutting Unit - Cut finished","HMI_Connection_2"
46216734646.9907,2,1,65,2000,"1114","1115",,,,,,,"7/13/2026 5:37:53 PM","Layer Nr:1114 Next Layer Nr : 1115  ","<internal>"
46216734652.7546,2,0,64,149,,,,,,,,,"7/13/2026 5:37:54 PM","Cutting Unit - Cut startet","HMI_Connection_2"
46216734652.7546,2,0,64,150,,,,,,,,,"7/13/2026 5:37:54 PM","Cutting Unit - Cut finished","HMI_Connection_2"
46216734652.7546,2,1,64,37,,,,,,,,,"7/13/2026 5:37:54 PM","Wagon waiting for Feeder","HMI_Connection_2"
46216734652.7546,2,1,64,72,,,,,,,,,"7/13/2026 5:37:54 PM","Unwinder Material Tension","HMI_Connection_2"
46216734675.4861,2,1,64,112,,,,,,,,,"7/13/2026 5:37:56 PM","Lowering Pallet","HMI_Connection_2"
46216734687.0486,2,0,64,37,,,,,,,,,"7/13/2026 5:37:57 PM","Wagon waiting for Feeder","HMI_Connection_2"
46216734687.0486,2,0,64,72,,,,,,,,,"7/13/2026 5:37:57 PM","Unwinder Material Tension","HMI_Connection_2"
46216734699.0741,2,1,64,36,,,,,,,,,"7/13/2026 5:37:58 PM","Wagon to start position","HMI_Connection_2"
46216734699.0741,2,1,64,37,,,,,,,,,"7/13/2026 5:37:58 PM","Wagon waiting for Feeder","HMI_Connection_2"
46216734699.0741,2,1,64,132,,,,,,,,,"7/13/2026 5:37:58 PM","Feeder material to start position","HMI_Connection_2"
46216734710.6019,2,0,64,112,,,,,,,,,"7/13/2026 5:37:59 PM","Lowering Pallet","HMI_Connection_2"
46216734721.7593,2,0,64,132,,,,,,,,,"7/13/2026 5:38:00 PM","Feeder material to start position","HMI_Connection_2"
46216734733.3565,2,1,64,74,"1115","92",,,,,,,"7/13/2026 5:38:01 PM","Deployment in Progress - Layer Nr. 1115 Matt. No.92","HMI_Connection_2"
46216734744.9421,2,0,64,36,,,,,,,,,"7/13/2026 5:38:02 PM","Wagon to start position","HMI_Connection_2"
46216734744.9421,2,0,64,37,,,,,,,,,"7/13/2026 5:38:02 PM","Wagon waiting for Feeder","HMI_Connection_2"
46216734768.0671,2,0,64,74,"1115","92",,,,,,,"7/13/2026 5:38:04 PM","Deployment in Progress - Layer Nr. 1115 Matt. No.92","HMI_Connection_2"
46216734837.5231,2,1,64,149,,,,,,,,,"7/13/2026 5:38:10 PM","Cutting Unit - Cut startet","HMI_Connection_2"
46216734861.1227,2,1,64,150,,,,,,,,,"7/13/2026 5:38:12 PM","Cutting Unit - Cut finished","HMI_Connection_2"
46216734884.213,2,0,64,149,,,,,,,,,"7/13/2026 5:38:14 PM","Cutting Unit - Cut startet","HMI_Connection_2"
46216734884.213,2,0,64,150,,,,,,,,,"7/13/2026 5:38:14 PM","Cutting Unit - Cut finished","HMI_Connection_2"
46216734884.213,2,1,64,125,,,,,,,,,"7/13/2026 5:38:14 PM","EndLayer finished","HMI_Connection_2"
46216734906.9792,2,0,64,125,,,,,,,,,"7/13/2026 5:38:16 PM","EndLayer finished","HMI_Connection_2"
46216738358.2176,2,1,65,1017,,,,,,,,,"7/13/2026 5:43:14 PM",,"<internal>"
46216749693.3681,2,0,65,1017,,,,,,,,,"7/13/2026 5:59:34 PM",,"<internal>"
46216749752.0255,2,0,65,1022,,,,,,,,,"7/13/2026 5:59:39 PM",,"<internal>"
46216749784.0972,2,1,65,1022,,,,,,,,,"7/13/2026 5:59:41 PM",,"<internal>"
46216749818.9236,2,0,65,1006,,,,,,,,,"7/13/2026 5:59:44 PM","Start","<internal>"
46216749884.9769,2,1,65,1003,"0",,,,,,,,"7/13/2026 5:59:50 PM","Start layer - Nr: 0","<internal>"
46216749890.5324,2,0,65,2000,"1","2",,,,,,,"7/13/2026 5:59:51 PM","Layer Nr:1 Next Layer Nr : 2  ","<internal>"
46216749896.331,2,1,64,73,,,,,,,,,"7/13/2026 5:59:51 PM","+A11.G4: Waiting for Pallet out","HMI_Connection_2"
46216749907.9051,2,1,64,43,,,,,,,,,"7/13/2026 5:59:52 PM","+A11.G4: Waiting for Pallet","HMI_Connection_2"
46216749907.9051,2,0,64,73,,,,,,,,,"7/13/2026 5:59:52 PM","+A11.G4: Waiting for Pallet out","HMI_Connection_2"
46216749954.2014,2,0,64,43,,,,,,,,,"7/13/2026 5:59:56 PM","+A11.G4: Waiting for Pallet","HMI_Connection_2"
46216750229.1088,2,0,65,1003,"1",,,,,,,,"7/13/2026 6:00:20 PM","Start layer - Nr: 1","<internal>"
46216750233.2292,2,1,65,1113,,,,,,,,,"7/13/2026 6:00:20 PM","Unwinder 1 UnLoad","<internal>"
46216750243.5764,2,1,64,128,,,,,,,,,"7/13/2026 6:00:21 PM","Unloading ended","HMI_Connection_2"
46216750266.7245,2,0,64,128,,,,,,,,,"7/13/2026 6:00:23 PM","Unloading ended","HMI_Connection_2"
46216750428.7731,2,1,64,129,,,,,,,,,"7/13/2026 6:00:37 PM","Unloading startet","HMI_Connection_2"
46216750451.9213,2,0,64,129,,,,,,,,,"7/13/2026 6:00:39 PM","Unloading startet","HMI_Connection_2"
46216750624.4213,2,1,65,1111,,,,,,,,,"7/13/2026 6:00:54 PM","Unwinder 1 reverse","<internal>"
46216750632.5232,2,0,65,1133,,,,,,,,,"7/13/2026 6:00:55 PM","Unwinder 3 UnLoad","<internal>"
46216750637.1181,2,1,64,128,,,,,,,,,"7/13/2026 6:00:55 PM","Unloading ended","HMI_Connection_2"
46216750671.8403,2,0,64,128,,,,,,,,,"7/13/2026 6:00:58 PM","Unloading ended","HMI_Connection_2"
46216750822.4306,2,1,64,129,,,,,,,,,"7/13/2026 6:01:11 PM","Unloading startet","HMI_Connection_2"
46216750845.4514,2,0,64,129,,,,,,,,,"7/13/2026 6:01:13 PM","Unloading startet","HMI_Connection_2"
46216751025.162,2,0,65,1142,,,,,,,,,"7/13/2026 6:01:29 PM","Unwinder 4 Load","<internal>"
46216751031.0648,2,1,64,126,,,,,,,,,"7/13/2026 6:01:29 PM","Loading starting","HMI_Connection_2"
46216751066.2037,2,0,64,126,,,,,,,,,"7/13/2026 6:01:32 PM","Loading starting","HMI_Connection_2"
46216751493.6458,2,1,64,149,,,,,,,,,"7/13/2026 6:02:09 PM","Cutting Unit - Cut startet","HMI_Connection_2"
46216751516.7824,2,1,64,150,,,,,,,,,"7/13/2026 6:02:11 PM","Cutting Unit - Cut finished","HMI_Connection_2"
46216751528.8079,2,1,64,127,,,,,,,,,"7/13/2026 6:02:12 PM","Loading ended","HMI_Connection_2"
46216751539.9421,2,0,64,149,,,,,,,,,"7/13/2026 6:02:13 PM","Cutting Unit - Cut startet","HMI_Connection_2"
46216751539.9421,2,0,64,150,,,,,,,,,"7/13/2026 6:02:13 PM","Cutting Unit - Cut finished","HMI_Connection_2"
46216751551.5046,2,0,64,127,,,,,,,,,"7/13/2026 6:02:14 PM","Loading ended","HMI_Connection_2"
46216751554.5602,2,1,65,1003,"1",,,,,,,,"7/13/2026 6:02:14 PM","Start layer - Nr: 1","<internal>"
46216751563.0903,2,1,64,37,,,,,,,,,"7/13/2026 6:02:15 PM","Wagon waiting for Feeder","HMI_Connection_2"
46216751563.0903,2,1,64,72,,,,,,,,,"7/13/2026 6:02:15 PM","Unwinder Material Tension","HMI_Connection_2"
46216751575.5093,2,1,64,36,,,,,,,,,"7/13/2026 6:02:16 PM","Wagon to start position","HMI_Connection_2"
46216751609.7801,2,0,64,37,,,,,,,,,"7/13/2026 6:02:19 PM","Wagon waiting for Feeder","HMI_Connection_2"
46216751609.7801,2,0,64,72,,,,,,,,,"7/13/2026 6:02:19 PM","Unwinder Material Tension","HMI_Connection_2"
46216751632.5579,2,0,64,36,,,,,,,,,"7/13/2026 6:02:21 PM","Wagon to start position","HMI_Connection_2"
46216751632.5579,2,1,64,37,,,,,,,,,"7/13/2026 6:02:21 PM","Wagon waiting for Feeder","HMI_Connection_2"
46216751644.1204,2,1,64,74,"1","9",,,,,,,"7/13/2026 6:02:22 PM","Deployment in Progress - Layer Nr. 1 Matt. No.9","HMI_Connection_2"
46216751667.2685,2,0,64,37,,,,,,,,,"7/13/2026 6:02:24 PM","Wagon waiting for Feeder","HMI_Connection_2"
46216751667.2685,2,0,64,74,"1","9",,,,,,,"7/13/2026 6:02:24 PM","Deployment in Progress - Layer Nr. 1 Matt. No.9","HMI_Connection_2"
46216751771.4352,2,1,64,149,,,,,,,,,"7/13/2026 6:02:33 PM","Cutting Unit - Cut startet","HMI_Connection_2"
46216751794.5833,2,1,64,150,,,,,,,,,"7/13/2026 6:02:35 PM","Cutting Unit - Cut finished","HMI_Connection_2"
46216751817.7431,2,0,64,149,,,,,,,,,"7/13/2026 6:02:37 PM","Cutting Unit - Cut startet","HMI_Connection_2"
46216751817.7431,2,0,64,150,,,,,,,,,"7/13/2026 6:02:37 PM","Cutting Unit - Cut finished","HMI_Connection_2"
46216751823.5185,2,1,65,2000,"2","3",,,,,,,"7/13/2026 6:02:38 PM","Layer Nr:2 Next Layer Nr : 3  ","<internal>"
46216751829.3403,2,1,64,37,,,,,,,,,"7/13/2026 6:02:38 PM","Wagon waiting for Feeder","HMI_Connection_2"
46216751829.3403,2,1,64,72,,,,,,,,,"7/13/2026 6:02:38 PM","Unwinder Material Tension","HMI_Connection_2"
46216751841.3195,2,1,64,36,,,,,,,,,"7/13/2026 6:02:39 PM","Wagon to start position","HMI_Connection_2"
46216751841.3195,2,1,64,112,,,,,,,,,"7/13/2026 6:02:39 PM","Lowering Pallet","HMI_Connection_2"
46216751864.4444,2,0,64,37,,,,,,,,,"7/13/2026 6:02:41 PM","Wagon waiting for Feeder","HMI_Connection_2"
46216751864.4444,2,0,64,72,,,,,,,,,"7/13/2026 6:02:41 PM","Unwinder Material Tension","HMI_Connection_2"
46216751875.6134,2,1,64,74,"2","8",,,,,,,"7/13/2026 6:02:42 PM","Deployment in Progress - Layer Nr. 2 Matt. No.8","HMI_Connection_2"
46216751887.1991,2,0,64,36,,,,,,,,,"7/13/2026 6:02:43 PM","Wagon to start position","HMI_Connection_2"
46216751887.1991,2,0,64,112,,,,,,,,,"7/13/2026 6:02:43 PM","Lowering Pallet","HMI_Connection_2"
46216751921.9213,2,0,64,74,"2","8",,,,,,,"7/13/2026 6:02:46 PM","Deployment in Progress - Layer Nr. 2 Matt. No.8","HMI_Connection_2"
46216752014.5255,2,1,64,149,,,,,,,,,"7/13/2026 6:02:54 PM","Cutting Unit - Cut startet","HMI_Connection_2"
46216752038.0671,2,1,64,150,,,,,,,,,"7/13/2026 6:02:56 PM","Cutting Unit - Cut finished","HMI_Connection_2"
46216752049.6643,2,0,64,149,,,,,,,,,"7/13/2026 6:02:57 PM","Cutting Unit - Cut startet","HMI_Connection_2"
46216752049.6643,2,0,64,150,,,,,,,,,"7/13/2026 6:02:57 PM","Cutting Unit - Cut finished","HMI_Connection_2"
46216752060.8218,2,1,64,37,,,,,,,,,"7/13/2026 6:02:58 PM","Wagon waiting for Feeder","HMI_Connection_2"
46216752060.8218,2,1,64,72,,,,,,,,,"7/13/2026 6:02:58 PM","Unwinder Material Tension","HMI_Connection_2"
46216752060.9144,2,0,65,2000,"3","4",,,,,,,"7/13/2026 6:02:58 PM","Layer Nr:3 Next Layer Nr : 4  ","<internal>"
46216752072.3958,2,1,64,112,,,,,,,,,"7/13/2026 6:02:59 PM","Lowering Pallet","HMI_Connection_2"
46216752084.3171,2,1,64,36,,,,,,,,,"7/13/2026 6:03:00 PM","Wagon to start position","HMI_Connection_2"
46216752095.9838,2,0,64,37,,,,,,,,,"7/13/2026 6:03:01 PM","Wagon waiting for Feeder","HMI_Connection_2"
46216752095.9838,2,0,64,72,,,,,,,,,"7/13/2026 6:03:01 PM","Unwinder Material Tension","HMI_Connection_2"
46216752107.1065,2,1,64,74,"3","7",,,,,,,"7/13/2026 6:03:02 PM","Deployment in Progress - Layer Nr. 3 Matt. No.7","HMI_Connection_2"
46216752118.7037,2,0,64,36,,,,,,,,,"7/13/2026 6:03:03 PM","Wagon to start position","HMI_Connection_2"
46216752118.7037,2,0,64,112,,,,,,,,,"7/13/2026 6:03:03 PM","Lowering Pallet","HMI_Connection_2"
46216752153.4144,2,0,64,74,"3","7",,,,,,,"7/13/2026 6:03:06 PM","Deployment in Progress - Layer Nr. 3 Matt. No.7","HMI_Connection_2"
46216752246.0185,2,1,64,149,,,,,,,,,"7/13/2026 6:03:14 PM","Cutting Unit - Cut startet","HMI_Connection_2"
46216752269.5949,2,1,64,150,,,,,,,,,"7/13/2026 6:03:16 PM","Cutting Unit - Cut finished","HMI_Connection_2"
46216752292.3264,2,0,64,149,,,,,,,,,"7/13/2026 6:03:18 PM","Cutting Unit - Cut startet","HMI_Connection_2"
46216752292.3264,2,0,64,150,,,,,,,,,"7/13/2026 6:03:18 PM","Cutting Unit - Cut finished","HMI_Connection_2"
46216752292.4074,2,1,65,2000,"4","5",,,,,,,"7/13/2026 6:03:18 PM","Layer Nr:4 Next Layer Nr : 5  ","<internal>"
46216752303.8773,2,1,64,37,,,,,,,,,"7/13/2026 6:03:19 PM","Wagon waiting for Feeder","HMI_Connection_2"
46216752303.8773,2,1,64,72,,,,,,,,,"7/13/2026 6:03:19 PM","Unwinder Material Tension","HMI_Connection_2"
46216752315.463,2,1,64,112,,,,,,,,,"7/13/2026 6:03:20 PM","Lowering Pallet","HMI_Connection_2"
46216752327.0486,2,0,64,37,,,,,,,,,"7/13/2026 6:03:21 PM","Wagon waiting for Feeder","HMI_Connection_2"
46216752327.0486,2,0,64,72,,,,,,,,,"7/13/2026 6:03:21 PM","Unwinder Material Tension","HMI_Connection_2"
46216752339.0394,2,1,64,36,,,,,,,,,"7/13/2026 6:03:22 PM","Wagon to start position","HMI_Connection_2"
46216752339.0394,2,1,64,37,,,,,,,,,"7/13/2026 6:03:22 PM","Wagon waiting for Feeder","HMI_Connection_2"
46216752361.7708,2,0,64,112,,,,,,,,,"7/13/2026 6:03:24 PM","Lowering Pallet","HMI_Connection_2"
46216752373.3333,2,1,64,74,"4","6",,,,,,,"7/13/2026 6:03:25 PM","Deployment in Progress - Layer Nr. 4 Matt. No.6","HMI_Connection_2"
46216752384.9074,2,0,64,36,,,,,,,,,"7/13/2026 6:03:26 PM","Wagon to start position","HMI_Connection_2"
46216752384.9074,2,0,64,37,,,,,,,,,"7/13/2026 6:03:26 PM","Wagon waiting for Feeder","HMI_Connection_2"
46216752419.6296,2,0,64,74,"4","6",,,,,,,"7/13/2026 6:03:29 PM","Deployment in Progress - Layer Nr. 4 Matt. No.6","HMI_Connection_2"
46216752500.6597,2,1,64,149,,,,,,,,,"7/13/2026 6:03:36 PM","Cutting Unit - Cut startet","HMI_Connection_2"
46216752523.8079,2,1,64,150,,,,,,,,,"7/13/2026 6:03:38 PM","Cutting Unit - Cut finished","HMI_Connection_2"
46216752547.3727,2,0,64,149,,,,,,,,,"7/13/2026 6:03:40 PM","Cutting Unit - Cut startet","HMI_Connection_2"
46216752547.3727,2,0,64,150,,,,,,,,,"7/13/2026 6:03:40 PM","Cutting Unit - Cut finished","HMI_Connection_2"
46216752552.7315,2,0,65,2000,"5","6",,,,,,,"7/13/2026 6:03:41 PM","Layer Nr:5 Next Layer Nr : 6  ","<internal>"
46216752558.5417,2,1,64,37,,,,,,,,,"7/13/2026 6:03:41 PM","Wagon waiting for Feeder","HMI_Connection_2"
46216752558.5417,2,1,64,72,,,,,,,,,"7/13/2026 6:03:41 PM","Unwinder Material Tension","HMI_Connection_2"
46216752570.1042,2,1,64,112,,,,,,,,,"7/13/2026 6:03:42 PM","Lowering Pallet","HMI_Connection_2"
46216752582.0949,2,1,64,36,,,,,,,,,"7/13/2026 6:03:43 PM","Wagon to start position","HMI_Connection_2"
46216752593.6921,2,0,64,37,,,,,,,,,"7/13/2026 6:03:44 PM","Wagon waiting for Feeder","HMI_Connection_2"
46216752593.6921,2,0,64,72,,,,,,,,,"7/13/2026 6:03:44 PM","Unwinder Material Tension","HMI_Connection_2"
46216752604.8264,2,1,64,74,"5","5",,,,,,,"7/13/2026 6:03:45 PM","Deployment in Progress - Layer Nr. 5 Matt. No.5","HMI_Connection_2"
46216752616.412,2,0,64,36,,,,,,,,,"7/13/2026 6:03:46 PM","Wagon to start position","HMI_Connection_2"
46216752616.412,2,0,64,112,,,,,,,,,"7/13/2026 6:03:46 PM","Lowering Pallet","HMI_Connection_2"
46216752651.1343,2,0,64,74,"5","5",,,,,,,"7/13/2026 6:03:49 PM","Deployment in Progress - Layer Nr. 5 Matt. No.5","HMI_Connection_2"
46216752743.7269,2,1,64,149,,,,,,,,,"7/13/2026 6:03:57 PM","Cutting Unit - Cut startet","HMI_Connection_2"
46216752766.875,2,1,64,150,,,,,,,,,"7/13/2026 6:03:59 PM","Cutting Unit - Cut finished","HMI_Connection_2"
46216752790.0347,2,0,64,149,,,,,,,,,"7/13/2026 6:04:01 PM","Cutting Unit - Cut startet","HMI_Connection_2"
46216752790.0347,2,0,64,150,,,,,,,,,"7/13/2026 6:04:01 PM","Cutting Unit - Cut finished","HMI_Connection_2"
46216752795.7986,2,1,65,2000,"6","7",,,,,,,"7/13/2026 6:04:02 PM","Layer Nr:6 Next Layer Nr : 7  ","<internal>"
46216752801.5972,2,1,64,37,,,,,,,,,"7/13/2026 6:04:02 PM","Wagon waiting for Feeder","HMI_Connection_2"
46216752801.5972,2,1,64,72,,,,,,,,,"7/13/2026 6:04:02 PM","Unwinder Material Tension","HMI_Connection_2"
46216752813.1597,2,1,64,112,,,,,,,,,"7/13/2026 6:04:03 PM","Lowering Pallet","HMI_Connection_2"
46216752824.7569,2,0,64,37,,,,,,,,,"7/13/2026 6:04:04 PM","Wagon waiting for Feeder","HMI_Connection_2"
46216752824.7569,2,0,64,72,,,,,,,,,"7/13/2026 6:04:04 PM","Unwinder Material Tension","HMI_Connection_2"
46216752836.7708,2,1,64,36,,,,,,,,,"7/13/2026 6:04:05 PM","Wagon to start position","HMI_Connection_2"
46216752836.7708,2,1,64,37,,,,,,,,,"7/13/2026 6:04:05 PM","Wagon waiting for Feeder","HMI_Connection_2"
46216752859.5255,2,0,64,112,,,,,,,,,"7/13/2026 6:04:07 PM","Lowering Pallet","HMI_Connection_2"
46216752871.0532,2,1,64,74,"6","4",,,,,,,"7/13/2026 6:04:08 PM","Deployment in Progress - Layer Nr. 6 Matt. No.4","HMI_Connection_2"
46216752894.213,2,0,64,36,,,,,,,,,"7/13/2026 6:04:10 PM","Wagon to start position","HMI_Connection_2"
46216752894.213,2,0,64,37,,,,,,,,,"7/13/2026 6:04:10 PM","Wagon waiting for Feeder","HMI_Connection_2"
46216752917.3611,2,0,64,74,"6","4",,,,,,,"7/13/2026 6:04:12 PM","Deployment in Progress - Layer Nr. 6 Matt. No.4","HMI_Connection_2"
46216753009.9306,2,1,64,149,,,,,,,,,"7/13/2026 6:04:20 PM","Cutting Unit - Cut startet","HMI_Connection_2"
46216753033.4954,2,1,64,150,,,,,,,,,"7/13/2026 6:04:22 PM","Cutting Unit - Cut finished","HMI_Connection_2"
46216753056.2616,2,0,64,149,,,,,,,,,"7/13/2026 6:04:24 PM","Cutting Unit - Cut startet","HMI_Connection_2"
46216753056.2616,2,0,64,150,,,,,,,,,"7/13/2026 6:04:24 PM","Cutting Unit - Cut finished","HMI_Connection_2"
46216753056.2616,2,1,64,37,,,,,,,,,"7/13/2026 6:04:24 PM","Wagon waiting for Feeder","HMI_Connection_2"
46216753056.2616,2,1,64,72,,,,,,,,,"7/13/2026 6:04:24 PM","Unwinder Material Tension","HMI_Connection_2"
46216753056.331,2,0,65,2000,"7","8",,,,,,,"7/13/2026 6:04:24 PM","Layer Nr:7 Next Layer Nr : 8  ","<internal>"
46216753079.8264,2,1,64,36,,,,,,,,,"7/13/2026 6:04:26 PM","Wagon to start position","HMI_Connection_2"
46216753079.8264,2,1,64,112,,,,,,,,,"7/13/2026 6:04:26 PM","Lowering Pallet","HMI_Connection_2"
46216753091.4236,2,0,64,37,,,,,,,,,"7/13/2026 6:04:27 PM","Wagon waiting for Feeder","HMI_Connection_2"
46216753091.4236,2,0,64,72,,,,,,,,,"7/13/2026 6:04:27 PM","Unwinder Material Tension","HMI_Connection_2"
46216753114.1088,2,1,64,74,"7","3",,,,,,,"7/13/2026 6:04:29 PM","Deployment in Progress - Layer Nr. 7 Matt. No.3","HMI_Connection_2"
46216753125.706,2,0,64,36,,,,,,,,,"7/13/2026 6:04:30 PM","Wagon to start position","HMI_Connection_2"
46216753125.706,2,0,64,112,,,,,,,,,"7/13/2026 6:04:30 PM","Lowering Pallet","HMI_Connection_2"
46216753148.831,2,0,64,74,"7","3",,,,,,,"7/13/2026 6:04:32 PM","Deployment in Progress - Layer Nr. 7 Matt. No.3","HMI_Connection_2"
46216753253.0324,2,1,64,149,,,,,,,,,"7/13/2026 6:04:41 PM","Cutting Unit - Cut startet","HMI_Connection_2"
46216753276.5625,2,1,64,150,,,,,,,,,"7/13/2026 6:04:43 PM","Cutting Unit - Cut finished","HMI_Connection_2"
46216753299.3171,2,0,64,149,,,,,,,,,"7/13/2026 6:04:45 PM","Cutting Unit - Cut startet","HMI_Connection_2"
46216753299.3171,2,0,64,150,,,,,,,,,"7/13/2026 6:04:45 PM","Cutting Unit - Cut finished","HMI_Connection_2"
46216753299.3171,2,1,64,37,,,,,,,,,"7/13/2026 6:04:45 PM","Wagon waiting for Feeder","HMI_Connection_2"
46216753299.3171,2,1,64,72,,,,,,,,,"7/13/2026 6:04:45 PM","Unwinder Material Tension","HMI_Connection_2"
46216753299.4097,2,1,65,2000,"8","9",,,,,,,"7/13/2026 6:04:45 PM","Layer Nr:8 Next Layer Nr : 9  ","<internal>"
46216753322.8819,2,1,64,36,,,,,,,,,"7/13/2026 6:04:47 PM","Wagon to start position","HMI_Connection_2"
46216753322.8819,2,1,64,112,,,,,,,,,"7/13/2026 6:04:47 PM","Lowering Pallet","HMI_Connection_2"
46216753334.4792,2,0,64,37,,,,,,,,,"7/13/2026 6:04:48 PM","Wagon waiting for Feeder","HMI_Connection_2"
46216753334.4792,2,0,64,72,,,,,,,,,"7/13/2026 6:04:48 PM","Unwinder Material Tension","HMI_Connection_2"
46216753357.1991,2,1,64,74,"8","2",,,,,,,"7/13/2026 6:04:50 PM","Deployment in Progress - Layer Nr. 8 Matt. No.2","HMI_Connection_2"
46216753368.7616,2,0,64,36,,,,,,,,,"7/13/2026 6:04:51 PM","Wagon to start position","HMI_Connection_2"
46216753368.7616,2,0,64,112,,,,,,,,,"7/13/2026 6:04:51 PM","Lowering Pallet","HMI_Connection_2"
46216753391.9213,2,0,64,74,"8","2",,,,,,,"7/13/2026 6:04:53 PM","Deployment in Progress - Layer Nr. 8 Matt. No.2","HMI_Connection_2"
46216753507.662,2,1,64,149,,,,,,,,,"7/13/2026 6:05:03 PM","Cutting Unit - Cut startet","HMI_Connection_2"
46216753531.25,2,1,64,150,,,,,,,,,"7/13/2026 6:05:05 PM","Cutting Unit - Cut finished","HMI_Connection_2"
46216753548.1713,2,0,65,2000,"9","10",,,,,,,"7/13/2026 6:05:07 PM","Layer Nr:9 Next Layer Nr : 10  ","<internal>"
46216753553.9699,2,0,64,149,,,,,,,,,"7/13/2026 6:05:07 PM","Cutting Unit - Cut startet","HMI_Connection_2"
46216753553.9699,2,0,64,150,,,,,,,,,"7/13/2026 6:05:07 PM","Cutting Unit - Cut finished","HMI_Connection_2"
46216753553.9699,2,1,64,37,,,,,,,,,"7/13/2026 6:05:07 PM","Wagon waiting for Feeder","HMI_Connection_2"
46216753553.9699,2,1,64,72,,,,,,,,,"7/13/2026 6:05:07 PM","Unwinder Material Tension","HMI_Connection_2"
46216753565.544,2,1,64,112,,,,,,,,,"7/13/2026 6:05:08 PM","Lowering Pallet","HMI_Connection_2"
46216753577.1065,2,0,64,37,,,,,,,,,"7/13/2026 6:05:09 PM","Wagon waiting for Feeder","HMI_Connection_2"
46216753577.1065,2,0,64,72,,,,,,,,,"7/13/2026 6:05:09 PM","Unwinder Material Tension","HMI_Connection_2"
46216753589.0972,2,1,64,36,,,,,,,,,"7/13/2026 6:05:10 PM","Wagon to start position","HMI_Connection_2"
46216753589.0972,2,1,64,37,,,,,,,,,"7/13/2026 6:05:10 PM","Wagon waiting for Feeder","HMI_Connection_2"
46216753612.2917,2,0,64,112,,,,,,,,,"7/13/2026 6:05:12 PM","Lowering Pallet","HMI_Connection_2"
46216753623.4144,2,1,64,74,"9","1",,,,,,,"7/13/2026 6:05:13 PM","Deployment in Progress - Layer Nr. 9 Matt. No.1","HMI_Connection_2"
46216753646.5856,2,0,64,36,,,,,,,,,"7/13/2026 6:05:15 PM","Wagon to start position","HMI_Connection_2"
46216753646.5856,2,0,64,37,,,,,,,,,"7/13/2026 6:05:15 PM","Wagon waiting for Feeder","HMI_Connection_2"
46216753669.7338,2,0,64,74,"9","1",,,,,,,"7/13/2026 6:05:17 PM","Deployment in Progress - Layer Nr. 9 Matt. No.1","HMI_Connection_2"
46216753773.912,2,1,64,149,,,,,,,,,"7/13/2026 6:05:26 PM","Cutting Unit - Cut startet","HMI_Connection_2"
46216753797.5,2,1,64,150,,,,,,,,,"7/13/2026 6:05:28 PM","Cutting Unit - Cut finished","HMI_Connection_2"
46216753814.4213,2,1,65,2000,"10","11",,,,,,,"7/13/2026 6:05:30 PM","Layer Nr:10 Next Layer Nr : 11  ","<internal>"
46216753820.2199,2,0,64,149,,,,,,,,,"7/13/2026 6:05:30 PM","Cutting Unit - Cut startet","HMI_Connection_2"
46216753820.2199,2,0,64,150,,,,,,,,,"7/13/2026 6:05:30 PM","Cutting Unit - Cut finished","HMI_Connection_2"
46216753820.2199,2,1,64,37,,,,,,,,,"7/13/2026 6:05:30 PM","Wagon waiting for Feeder","HMI_Connection_2"
46216753820.2199,2,1,64,72,,,,,,,,,"7/13/2026 6:05:30 PM","Unwinder Material Tension","HMI_Connection_2"
46216753831.8519,2,1,64,112,,,,,,,,,"7/13/2026 6:05:31 PM","Lowering Pallet","HMI_Connection_2"
46216753843.831,2,1,64,36,,,,,,,,,"7/13/2026 6:05:32 PM","Wagon to start position","HMI_Connection_2"
46216753855.4282,2,0,64,37,,,,,,,,,"7/13/2026 6:05:33 PM","Wagon waiting for Feeder","HMI_Connection_2"
46216753855.4282,2,0,64,72,,,,,,,,,"7/13/2026 6:05:33 PM","Unwinder Material Tension","HMI_Connection_2"
46216753866.5856,2,1,64,74,"10","6",,,,,,,"7/13/2026 6:05:34 PM","Deployment in Progress - Layer Nr. 10 Matt. No.6","HMI_Connection_2"
46216753878.1481,2,0,64,36,,,,,,,,,"7/13/2026 6:05:35 PM","Wagon to start position","HMI_Connection_2"
46216753878.1481,2,0,64,112,,,,,,,,,"7/13/2026 6:05:35 PM","Lowering Pallet","HMI_Connection_2"
46216753912.8704,2,0,64,74,"10","6",,,,,,,"7/13/2026 6:05:38 PM","Deployment in Progress - Layer Nr. 10 Matt. No.6","HMI_Connection_2"
46216754005.4745,2,1,64,149,,,,,,,,,"7/13/2026 6:05:46 PM","Cutting Unit - Cut startet","HMI_Connection_2"
46216754029.0394,2,1,64,150,,,,,,,,,"7/13/2026 6:05:48 PM","Cutting Unit - Cut finished","HMI_Connection_2"
46216754051.7708,2,0,64,149,,,,,,,,,"7/13/2026 6:05:50 PM","Cutting Unit - Cut startet","HMI_Connection_2"
46216754051.7708,2,0,64,150,,,,,,,,,"7/13/2026 6:05:50 PM","Cutting Unit - Cut finished","HMI_Connection_2"
46216754057.5347,2,0,65,2000,"11","12",,,,,,,"7/13/2026 6:05:51 PM","Layer Nr:11 Next Layer Nr : 12  ","<internal>"
46216754063.3565,2,1,64,37,,,,,,,,,"7/13/2026 6:05:51 PM","Wagon waiting for Feeder","HMI_Connection_2"
46216754063.3565,2,1,64,72,,,,,,,,,"7/13/2026 6:05:51 PM","Unwinder Material Tension","HMI_Connection_2"
46216754074.9306,2,1,64,36,,,,,,,,,"7/13/2026 6:05:52 PM","Wagon to start position","HMI_Connection_2"
46216754074.9306,2,1,64,112,,,,,,,,,"7/13/2026 6:05:52 PM","Lowering Pallet","HMI_Connection_2"
46216754086.8982,2,0,64,37,,,,,,,,,"7/13/2026 6:05:53 PM","Wagon waiting for Feeder","HMI_Connection_2"
46216754086.8982,2,0,64,72,,,,,,,,,"7/13/2026 6:05:53 PM","Unwinder Material Tension","HMI_Connection_2"
46216754109.6528,2,1,64,74,"11","5",,,,,,,"7/13/2026 6:05:55 PM","Deployment in Progress - Layer Nr. 11 Matt. No.5","HMI_Connection_2"
46216754121.2153,2,0,64,36,,,,,,,,,"7/13/2026 6:05:56 PM","Wagon to start position","HMI_Connection_2"
46216754121.2153,2,0,64,112,,,,,,,,,"7/13/2026 6:05:56 PM","Lowering Pallet","HMI_Connection_2"
46216754144.375,2,0,64,74,"11","5",,,,,,,"7/13/2026 6:05:58 PM","Deployment in Progress - Layer Nr. 11 Matt. No.5","HMI_Connection_2"
46216754248.5532,2,1,64,149,,,,,,,,,"7/13/2026 6:06:07 PM","Cutting Unit - Cut startet","HMI_Connection_2"
46216754272.1065,2,1,64,150,,,,,,,,,"7/13/2026 6:06:09 PM","Cutting Unit - Cut finished","HMI_Connection_2"
46216754283.7037,2,0,64,149,,,,,,,,,"7/13/2026 6:06:10 PM","Cutting Unit - Cut startet","HMI_Connection_2"
46216754283.7037,2,0,64,150,,,,,,,,,"7/13/2026 6:06:10 PM","Cutting Unit - Cut finished","HMI_Connection_2"
46216754289.0394,2,1,65,2000,"11","12",,,,,,,"7/13/2026 6:06:11 PM","Layer Nr:11 Next Layer Nr : 12  ","<internal>"
46216754294.838,2,1,64,37,,,,,,,,,"7/13/2026 6:06:11 PM","Wagon waiting for Feeder","HMI_Connection_2"
46216754294.838,2,1,64,72,,,,,,,,,"7/13/2026 6:06:11 PM","Unwinder Material Tension","HMI_Connection_2"
46216754306.412,2,1,64,112,,,,,,,,,"7/13/2026 6:06:12 PM","Lowering Pallet","HMI_Connection_2"
46216754318.4259,2,1,64,36,,,,,,,,,"7/13/2026 6:06:13 PM","Wagon to start position","HMI_Connection_2"
46216754329.9537,2,0,64,37,,,,,,,,,"7/13/2026 6:06:14 PM","Wagon waiting for Feeder","HMI_Connection_2"
46216754329.9537,2,0,64,72,,,,,,,,,"7/13/2026 6:06:14 PM","Unwinder Material Tension","HMI_Connection_2"
46216754341.1343,2,1,64,74,"12","4",,,,,,,"7/13/2026 6:06:15 PM","Deployment in Progress - Layer Nr. 12 Matt. No.4","HMI_Connection_2"
46216754352.7199,2,0,64,36,,,,,,,,,"7/13/2026 6:06:16 PM","Wagon to start position","HMI_Connection_2"
46216754352.7199,2,0,64,112,,,,,,,,,"7/13/2026 6:06:16 PM","Lowering Pallet","HMI_Connection_2"
46216754387.4537,2,0,64,74,"12","4",,,,,,,"7/13/2026 6:06:19 PM","Deployment in Progress - Layer Nr. 12 Matt. No.4","HMI_Connection_2"
46216754480.0347,2,1,64,149,,,,,,,,,"7/13/2026 6:06:27 PM","Cutting Unit - Cut startet","HMI_Connection_2"
46216754503.1829,2,1,64,150,,,,,,,,,"7/13/2026 6:06:29 PM","Cutting Unit - Cut finished","HMI_Connection_2"
46216754526.331,2,0,64,149,,,,,,,,,"7/13/2026 6:06:31 PM","Cutting Unit - Cut startet","HMI_Connection_2"
46216754526.331,2,0,64,150,,,,,,,,,"7/13/2026 6:06:31 PM","Cutting Unit - Cut finished","HMI_Connection_2"
46216754532.1181,2,0,65,2000,"13","14",,,,,,,"7/13/2026 6:06:32 PM","Layer Nr:13 Next Layer Nr : 14  ","<internal>"
46216754537.9167,2,1,64,37,,,,,,,,,"7/13/2026 6:06:32 PM","Wagon waiting for Feeder","HMI_Connection_2"
46216754537.9167,2,1,64,72,,,,,,,,,"7/13/2026 6:06:32 PM","Unwinder Material Tension","HMI_Connection_2"
46216754549.4792,2,1,64,112,,,,,,,,,"7/13/2026 6:06:33 PM","Lowering Pallet","HMI_Connection_2"
46216754561.4815,2,1,64,36,,,,,,,,,"7/13/2026 6:06:34 PM","Wagon to start position","HMI_Connection_2"
46216754573.0787,2,0,64,37,,,,,,,,,"7/13/2026 6:06:35 PM","Wagon waiting for Feeder","HMI_Connection_2"
46216754573.0787,2,0,64,72,,,,,,,,,"7/13/2026 6:06:35 PM","Unwinder Material Tension","HMI_Connection_2"
46216754584.2014,2,1,64,74,"13","3",,,,,,,"7/13/2026 6:06:36 PM","Deployment in Progress - Layer Nr. 13 Matt. No.3","HMI_Connection_2"
46216754595.787,2,0,64,36,,,,,,,,,"7/13/2026 6:06:37 PM","Wagon to start position","HMI_Connection_2"
46216754595.787,2,0,64,112,,,,,,,,,"7/13/2026 6:06:37 PM","Lowering Pallet","HMI_Connection_2"
46216754630.4977,2,0,64,74,"13","3",,,,,,,"7/13/2026 6:06:40 PM","Deployment in Progress - Layer Nr. 13 Matt. No.3","HMI_Connection_2"
46216754723.1018,2,1,64,149,,,,,,,,,"7/13/2026 6:06:48 PM","Cutting Unit - Cut startet","HMI_Connection_2"
46216754746.2616,2,1,64,150,,,,,,,,,"7/13/2026 6:06:50 PM","Cutting Unit - Cut finished","HMI_Connection_2"
46216754769.3866,2,0,64,149,,,,,,,,,"7/13/2026 6:06:52 PM","Cutting Unit - Cut startet","HMI_Connection_2"
46216754769.3866,2,0,64,150,,,,,,,,,"7/13/2026 6:06:52 PM","Cutting Unit - Cut finished","HMI_Connection_2"
46216754775.1736,2,1,65,2000,"14","15",,,,,,,"7/13/2026 6:06:53 PM","Layer Nr:14 Next Layer Nr : 15  ","<internal>"
46216754780.9722,2,1,64,37,,,,,,,,,"7/13/2026 6:06:53 PM","Wagon waiting for Feeder","HMI_Connection_2"
46216754780.9722,2,1,64,72,,,,,,,,,"7/13/2026 6:06:53 PM","Unwinder Material Tension","HMI_Connection_2"
46216754792.5463,2,1,64,112,,,,,,,,,"7/13/2026 6:06:54 PM","Lowering Pallet","HMI_Connection_2"
46216754804.1088,2,0,64,37,,,,,,,,,"7/13/2026 6:06:55 PM","Wagon waiting for Feeder","HMI_Connection_2"
46216754804.1088,2,0,64,72,,,,,,,,,"7/13/2026 6:06:55 PM","Unwinder Material Tension","HMI_Connection_2"
46216754815.6944,2,1,64,36,,,,,,,,,"7/13/2026 6:06:56 PM","Wagon to start position","HMI_Connection_2"
46216754815.6944,2,1,64,37,,,,,,,,,"7/13/2026 6:06:56 PM","Wagon waiting for Feeder","HMI_Connection_2"
46216754839.2593,2,0,64,112,,,,,,,,,"7/13/2026 6:06:58 PM","Lowering Pallet","HMI_Connection_2"
46216754850.4282,2,1,64,74,"14","2",,,,,,,"7/13/2026 6:06:59 PM","Deployment in Progress - Layer Nr. 14 Matt. No.2","HMI_Connection_2"
46216754862.0023,2,0,64,36,,,,,,,,,"7/13/2026 6:07:00 PM","Wagon to start position","HMI_Connection_2"
46216754862.0023,2,0,64,37,,,,,,,,,"7/13/2026 6:07:00 PM","Wagon waiting for Feeder","HMI_Connection_2"
46216754896.7245,2,0,64,74,"14","2",,,,,,,"7/13/2026 6:07:03 PM","Deployment in Progress - Layer Nr. 14 Matt. No.2","HMI_Connection_2"
46216754989.3287,2,1,64,149,,,,,,,,,"7/13/2026 6:07:11 PM","Cutting Unit - Cut startet","HMI_Connection_2"
46216755012.8819,2,1,64,150,,,,,,,,,"7/13/2026 6:07:13 PM","Cutting Unit - Cut finished","HMI_Connection_2"
46216755035.6134,2,0,64,149,,,,,,,,,"7/13/2026 6:07:15 PM","Cutting Unit - Cut startet","HMI_Connection_2"
46216755035.6134,2,0,64,150,,,,,,,,,"7/13/2026 6:07:15 PM","Cutting Unit - Cut finished","HMI_Connection_2"
46216755035.6134,2,1,64,37,,,,,,,,,"7/13/2026 6:07:15 PM","Wagon waiting for Feeder","HMI_Connection_2"
46216755035.6134,2,1,64,72,,,,,,,,,"7/13/2026 6:07:15 PM","Unwinder Material Tension","HMI_Connection_2"
46216755035.6944,2,0,65,2000,"15","16",,,,,,,"7/13/2026 6:07:15 PM","Layer Nr:15 Next Layer Nr : 16  ","<internal>"
46216755058.7732,2,1,64,112,,,,,,,,,"7/13/2026 6:07:17 PM","Lowering Pallet","HMI_Connection_2"
46216755070.3356,2,0,64,37,,,,,,,,,"7/13/2026 6:07:18 PM","Wagon waiting for Feeder","HMI_Connection_2"
46216755070.3356,2,0,64,72,,,,,,,,,"7/13/2026 6:07:18 PM","Unwinder Material Tension","HMI_Connection_2"
46216755082.338,2,1,64,36,,,,,,,,,"7/13/2026 6:07:19 PM","Wagon to start position","HMI_Connection_2"
46216755082.338,2,1,64,37,,,,,,,,,"7/13/2026 6:07:19 PM","Wagon waiting for Feeder","HMI_Connection_2"
46216755093.9352,2,0,64,112,,,,,,,,,"7/13/2026 6:07:20 PM","Lowering Pallet","HMI_Connection_2"
46216755105.0579,2,1,64,74,"15","1",,,,,,,"7/13/2026 6:07:21 PM","Deployment in Progress - Layer Nr. 15 Matt. No.1","HMI_Connection_2"
46216755128.2176,2,0,64,36,,,,,,,,,"7/13/2026 6:07:23 PM","Wagon to start position","HMI_Connection_2"
46216755128.2176,2,0,64,37,,,,,,,,,"7/13/2026 6:07:23 PM","Wagon waiting for Feeder","HMI_Connection_2"
46216755151.3657,2,0,64,74,"15","1",,,,,,,"7/13/2026 6:07:25 PM","Deployment in Progress - Layer Nr. 15 Matt. No.1","HMI_Connection_2"
46216755243.9699,2,1,64,149,,,,,,,,,"7/13/2026 6:07:33 PM","Cutting Unit - Cut startet","HMI_Connection_2"
46216755267.5463,2,1,64,150,,,,,,,,,"7/13/2026 6:07:35 PM","Cutting Unit - Cut finished","HMI_Connection_2"
46216755290.2662,2,0,64,149,,,,,,,,,"7/13/2026 6:07:37 PM","Cutting Unit - Cut startet","HMI_Connection_2"
46216755290.2662,2,0,64,150,,,,,,,,,"7/13/2026 6:07:37 PM","Cutting Unit - Cut finished","HMI_Connection_2"
46216755290.2662,2,1,64,37,,,,,,,,,"7/13/2026 6:07:37 PM","Wagon waiting for Feeder","HMI_Connection_2"
46216755290.2662,2,1,64,72,,,,,,,,,"7/13/2026 6:07:37 PM","Unwinder Material Tension","HMI_Connection_2"
46216755290.3704,2,1,65,2000,"16","17",,,,,,,"7/13/2026 6:07:37 PM","Layer Nr:16 Next Layer Nr : 17  ","<internal>"
46216755313.8657,2,1,64,36,,,,,,,,,"7/13/2026 6:07:39 PM","Wagon to start position","HMI_Connection_2"
46216755313.8657,2,1,64,112,,,,,,,,,"7/13/2026 6:07:39 PM","Lowering Pallet","HMI_Connection_2"
46216755325.3241,2,0,64,37,,,,,,,,,"7/13/2026 6:07:40 PM","Wagon waiting for Feeder","HMI_Connection_2"
46216755325.3241,2,0,64,72,,,,,,,,,"7/13/2026 6:07:40 PM","Unwinder Material Tension","HMI_Connection_2"
46216755348.1481,2,1,64,74,"16","999",,,,,,,"7/13/2026 6:07:42 PM","Deployment in Progress - Layer Nr. 16 Matt. No.999","HMI_Connection_2"
46216755359.7107,2,0,64,36,,,,,,,,,"7/13/2026 6:07:43 PM","Wagon to start position","HMI_Connection_2"
46216755359.7107,2,0,64,112,,,,,,,,,"7/13/2026 6:07:43 PM","Lowering Pallet","HMI_Connection_2"
46216755371.2731,2,1,64,149,,,,,,,,,"7/13/2026 6:07:44 PM","Cutting Unit - Cut startet","HMI_Connection_2"
46216755382.8704,2,1,64,150,,,,,,,,,"7/13/2026 6:07:45 PM","Cutting Unit - Cut finished","HMI_Connection_2"
46216755382.8704,2,0,64,74,"16","999",,,,,,,"7/13/2026 6:07:45 PM","Deployment in Progress - Layer Nr. 16 Matt. No.999","HMI_Connection_2"
46216755405.9954,2,0,64,149,,,,,,,,,"7/13/2026 6:07:47 PM","Cutting Unit - Cut startet","HMI_Connection_2"
46216755405.9954,2,0,64,150,,,,,,,,,"7/13/2026 6:07:47 PM","Cutting Unit - Cut finished","HMI_Connection_2"
46216755411.794,2,0,65,2000,"17","18",,,,,,,"7/13/2026 6:07:48 PM","Layer Nr:17 Next Layer Nr : 18  ","<internal>"
46216755417.5926,2,1,64,36,,,,,,,,,"7/13/2026 6:07:48 PM","Wagon to start position","HMI_Connection_2"
46216755417.5926,2,1,64,37,,,,,,,,,"7/13/2026 6:07:48 PM","Wagon waiting for Feeder","HMI_Connection_2"
46216755417.5926,2,1,64,72,,,,,,,,,"7/13/2026 6:07:48 PM","Unwinder Material Tension","HMI_Connection_2"
46216755441.1921,2,0,64,37,,,,,,,,,"7/13/2026 6:07:50 PM","Wagon waiting for Feeder","HMI_Connection_2"
46216755441.1921,2,0,64,72,,,,,,,,,"7/13/2026 6:07:50 PM","Unwinder Material Tension","HMI_Connection_2"
46216755452.3148,2,1,64,74,"17","6",,,,,,,"7/13/2026 6:07:51 PM","Deployment in Progress - Layer Nr. 17 Matt. No.6","HMI_Connection_2"
46216755475.4514,2,0,64,36,,,,,,,,,"7/13/2026 6:07:53 PM","Wagon to start position","HMI_Connection_2"
46216755498.6111,2,0,64,74,"17","6",,,,,,,"7/13/2026 6:07:55 PM","Deployment in Progress - Layer Nr. 17 Matt. No.6","HMI_Connection_2"
46216755591.2037,2,1,64,149,,,,,,,,,"7/13/2026 6:08:03 PM","Cutting Unit - Cut startet","HMI_Connection_2"
46216755614.8032,2,1,64,150,,,,,,,,,"7/13/2026 6:08:05 PM","Cutting Unit - Cut finished","HMI_Connection_2"
46216755637.4884,2,0,64,149,,,,,,,,,"7/13/2026 6:08:07 PM","Cutting Unit - Cut startet","HMI_Connection_2"
46216755637.4884,2,0,64,150,,,,,,,,,"7/13/2026 6:08:07 PM","Cutting Unit - Cut finished","HMI_Connection_2"
46216755637.4884,2,1,64,37,,,,,,,,,"7/13/2026 6:08:07 PM","Wagon waiting for Feeder","HMI_Connection_2"
46216755637.4884,2,1,64,72,,,,,,,,,"7/13/2026 6:08:07 PM","Unwinder Material Tension","HMI_Connection_2"
46216755637.581,2,1,65,2000,"18","19",,,,,,,"7/13/2026 6:08:07 PM","Layer Nr:18 Next Layer Nr : 19  ","<internal>"
46216755661.0532,2,1,64,36,,,,,,,,,"7/13/2026 6:08:09 PM","Wagon to start position","HMI_Connection_2"
46216755661.0532,2,1,64,112,,,,,,,,,"7/13/2026 6:08:09 PM","Lowering Pallet","HMI_Connection_2"
46216755672.5926,2,0,64,37,,,,,,,,,"7/13/2026 6:08:10 PM","Wagon waiting for Feeder","HMI_Connection_2"
46216755672.5926,2,0,64,72,,,,,,,,,"7/13/2026 6:08:10 PM","Unwinder Material Tension","HMI_Connection_2"
46216755695.3819,2,1,64,74,"18","5",,,,,,,"7/13/2026 6:08:12 PM","Deployment in Progress - Layer Nr. 18 Matt. No.5","HMI_Connection_2"
46216755706.956,2,0,64,36,,,,,,,,,"7/13/2026 6:08:13 PM","Wagon to start position","HMI_Connection_2"
46216755706.956,2,0,64,112,,,,,,,,,"7/13/2026 6:08:13 PM","Lowering Pallet","HMI_Connection_2"
46216755730.1042,2,0,64,74,"18","5",,,,,,,"7/13/2026 6:08:15 PM","Deployment in Progress - Layer Nr. 18 Matt. No.5","HMI_Connection_2"
46216755822.6968,2,1,64,149,,,,,,,,,"7/13/2026 6:08:23 PM","Cutting Unit - Cut startet","HMI_Connection_2"
46216755846.2616,2,1,64,150,,,,,,,,,"7/13/2026 6:08:25 PM","Cutting Unit - Cut finished","HMI_Connection_2"
46216755869.0278,2,0,64,149,,,,,,,,,"7/13/2026 6:08:27 PM","Cutting Unit - Cut startet","HMI_Connection_2"
46216755869.0278,2,0,64,150,,,,,,,,,"7/13/2026 6:08:27 PM","Cutting Unit - Cut finished","HMI_Connection_2"
46216755874.7917,2,0,65,2000,"19","20",,,,,,,"7/13/2026 6:08:28 PM","Layer Nr:19 Next Layer Nr : 20  ","<internal>"
46216755880.5787,2,1,64,37,,,,,,,,,"7/13/2026 6:08:28 PM","Wagon waiting for Feeder","HMI_Connection_2"
46216755880.5787,2,1,64,72,,,,,,,,,"7/13/2026 6:08:28 PM","Unwinder Material Tension","HMI_Connection_2"
46216755892.1528,2,1,64,36,,,,,,,,,"7/13/2026 6:08:29 PM","Wagon to start position","HMI_Connection_2"
46216755892.1528,2,1,64,112,,,,,,,,,"7/13/2026 6:08:29 PM","Lowering Pallet","HMI_Connection_2"
46216755904.1204,2,0,64,37,,,,,,,,,"7/13/2026 6:08:30 PM","Wagon waiting for Feeder","HMI_Connection_2"
46216755904.1204,2,0,64,72,,,,,,,,,"7/13/2026 6:08:30 PM","Unwinder Material Tension","HMI_Connection_2"
46216755926.875,2,1,64,74,"19","4",,,,,,,"7/13/2026 6:08:32 PM","Deployment in Progress - Layer Nr. 19 Matt. No.4","HMI_Connection_2"
46216755938.4375,2,0,64,36,,,,,,,,,"7/13/2026 6:08:33 PM","Wagon to start position","HMI_Connection_2"
46216755938.4375,2,0,64,112,,,,,,,,,"7/13/2026 6:08:33 PM","Lowering Pallet","HMI_Connection_2"
46216755961.6088,2,0,64,74,"19","4",,,,,,,"7/13/2026 6:08:35 PM","Deployment in Progress - Layer Nr. 19 Matt. No.4","HMI_Connection_2"
46216756065.7639,2,1,64,149,,,,,,,,,"7/13/2026 6:08:44 PM","Cutting Unit - Cut startet","HMI_Connection_2"
46216756089.3403,2,1,64,150,,,,,,,,,"7/13/2026 6:08:46 PM","Cutting Unit - Cut finished","HMI_Connection_2"
46216756100.9375,2,0,64,149,,,,,,,,,"7/13/2026 6:08:47 PM","Cutting Unit - Cut startet","HMI_Connection_2"
46216756100.9375,2,0,64,150,,,,,,,,,"7/13/2026 6:08:47 PM","Cutting Unit - Cut finished","HMI_Connection_2"
46216756106.2847,2,1,65,2000,"19","20",,,,,,,"7/13/2026 6:08:48 PM","Layer Nr:19 Next Layer Nr : 20  ","<internal>"
46216756112.0833,2,1,64,37,,,,,,,,,"7/13/2026 6:08:48 PM","Wagon waiting for Feeder","HMI_Connection_2"
46216756112.0833,2,1,64,72,,,,,,,,,"7/13/2026 6:08:48 PM","Unwinder Material Tension","HMI_Connection_2"
46216756123.6458,2,1,64,112,,,,,,,,,"7/13/2026 6:08:49 PM","Lowering Pallet","HMI_Connection_2"
46216756135.6597,2,1,64,36,,,,,,,,,"7/13/2026 6:08:50 PM","Wagon to start position","HMI_Connection_2"
46216756147.2454,2,0,64,37,,,,,,,,,"7/13/2026 6:08:51 PM","Wagon waiting for Feeder","HMI_Connection_2"
46216756147.2454,2,0,64,72,,,,,,,,,"7/13/2026 6:08:51 PM","Unwinder Material Tension","HMI_Connection_2"
46216756158.3796,2,1,64,74,"20","3",,,,,,,"7/13/2026 6:08:52 PM","Deployment in Progress - Layer Nr. 20 Matt. No.3","HMI_Connection_2"
46216756169.9421,2,0,64,36,,,,,,,,,"7/13/2026 6:08:53 PM","Wagon to start position","HMI_Connection_2"
46216756169.9421,2,0,64,112,,,,,,,,,"7/13/2026 6:08:53 PM","Lowering Pallet","HMI_Connection_2"
46216756204.6528,2,0,64,74,"20","3",,,,,,,"7/13/2026 6:08:56 PM","Deployment in Progress - Layer Nr. 20 Matt. No.3","HMI_Connection_2"
46216756297.2685,2,1,64,149,,,,,,,,,"7/13/2026 6:09:04 PM","Cutting Unit - Cut startet","HMI_Connection_2"
46216756320.8681,2,1,64,150,,,,,,,,,"7/13/2026 6:09:06 PM","Cutting Unit - Cut finished","HMI_Connection_2"
46216756343.5532,2,0,64,149,,,,,,,,,"7/13/2026 6:09:08 PM","Cutting Unit - Cut startet","HMI_Connection_2"
46216756343.5532,2,0,64,150,,,,,,,,,"7/13/2026 6:09:08 PM","Cutting Unit - Cut finished","HMI_Connection_2"
46216756349.3519,2,0,65,2000,"21","22",,,,,,,"7/13/2026 6:09:09 PM","Layer Nr:21 Next Layer Nr : 22  ","<internal>"
46216756355.1389,2,1,64,37,,,,,,,,,"7/13/2026 6:09:09 PM","Wagon waiting for Feeder","HMI_Connection_2"
46216756355.1389,2,1,64,72,,,,,,,,,"7/13/2026 6:09:09 PM","Unwinder Material Tension","HMI_Connection_2"
46216756367.1181,2,1,64,36,,,,,,,,,"7/13/2026 6:09:10 PM","Wagon to start position","HMI_Connection_2"
46216756367.1181,2,1,64,112,,,,,,,,,"7/13/2026 6:09:10 PM","Lowering Pallet","HMI_Connection_2"
46216756378.7153,2,0,64,37,,,,,,,,,"7/13/2026 6:09:11 PM","Wagon waiting for Feeder","HMI_Connection_2"
46216756378.7153,2,0,64,72,,,,,,,,,"7/13/2026 6:09:11 PM","Unwinder Material Tension","HMI_Connection_2"
46216756401.4352,2,1,64,74,"21","2",,,,,,,"7/13/2026 6:09:13 PM","Deployment in Progress - Layer Nr. 21 Matt. No.2","HMI_Connection_2"
46216756413.0208,2,0,64,36,,,,,,,,,"7/13/2026 6:09:14 PM","Wagon to start position","HMI_Connection_2"
46216756413.0208,2,0,64,112,,,,,,,,,"7/13/2026 6:09:14 PM","Lowering Pallet","HMI_Connection_2"
46216756436.1574,2,0,64,74,"21","2",,,,,,,"7/13/2026 6:09:16 PM","Deployment in Progress - Layer Nr. 21 Matt. No.2","HMI_Connection_2"
46216756540.3356,2,1,64,149,,,,,,,,,"7/13/2026 6:09:25 PM","Cutting Unit - Cut startet","HMI_Connection_2"
46216756551.9097,2,1,64,150,,,,,,,,,"7/13/2026 6:09:26 PM","Cutting Unit - Cut finished","HMI_Connection_2"
46216756575.4514,2,0,64,149,,,,,,,,,"7/13/2026 6:09:28 PM","Cutting Unit - Cut startet","HMI_Connection_2"
46216756575.4514,2,0,64,150,,,,,,,,,"7/13/2026 6:09:28 PM","Cutting Unit - Cut finished","HMI_Connection_2"
46216756580.8333,2,1,65,2000,"22","23",,,,,,,"7/13/2026 6:09:29 PM","Layer Nr:22 Next Layer Nr : 23  ","<internal>"
46216756586.6435,2,1,64,37,,,,,,,,,"7/13/2026 6:09:29 PM","Wagon waiting for Feeder","HMI_Connection_2"
46216756586.6435,2,1,64,72,,,,,,,,,"7/13/2026 6:09:29 PM","Unwinder Material Tension","HMI_Connection_2"
46216756598.206,2,1,64,112,,,,,,,,,"7/13/2026 6:09:30 PM","Lowering Pallet","HMI_Connection_2"
46216756610.1736,2,1,64,36,,,,,,,,,"7/13/2026 6:09:31 PM","Wagon to start position","HMI_Connection_2"
46216756621.7708,2,0,64,37,,,,,,,,,"7/13/2026 6:09:32 PM","Wagon waiting for Feeder","HMI_Connection_2"
46216756621.7708,2,0,64,72,,,,,,,,,"7/13/2026 6:09:32 PM","Unwinder Material Tension","HMI_Connection_2"
46216756632.9282,2,1,64,74,"22","1",,,,,,,"7/13/2026 6:09:33 PM","Deployment in Progress - Layer Nr. 22 Matt. No.1","HMI_Connection_2"
46216756644.5023,2,0,64,36,,,,,,,,,"7/13/2026 6:09:34 PM","Wagon to start position","HMI_Connection_2"
46216756644.5023,2,0,64,112,,,,,,,,,"7/13/2026 6:09:34 PM","Lowering Pallet","HMI_Connection_2"
46216756679.2361,2,0,64,74,"22","1",,,,,,,"7/13/2026 6:09:37 PM","Deployment in Progress - Layer Nr. 22 Matt. No.1","HMI_Connection_2"
46216756771.8287,2,1,64,149,,,,,,,,,"7/13/2026 6:09:45 PM","Cutting Unit - Cut startet","HMI_Connection_2"
46216756795.3125,2,1,64,150,,,,,,,,,"7/13/2026 6:09:47 PM","Cutting Unit - Cut finished","HMI_Connection_2"
46216756818.125,2,0,64,149,,,,,,,,,"7/13/2026 6:09:49 PM","Cutting Unit - Cut startet","HMI_Connection_2"
46216756818.125,2,0,64,150,,,,,,,,,"7/13/2026 6:09:49 PM","Cutting Unit - Cut finished","HMI_Connection_2"
46216756818.206,2,0,65,2000,"23","24",,,,,,,"7/13/2026 6:09:49 PM","Layer Nr:23 Next Layer Nr : 24  ","<internal>"
46216756829.7106,2,1,64,37,,,,,,,,,"7/13/2026 6:09:50 PM","Wagon waiting for Feeder","HMI_Connection_2"
46216756829.7106,2,1,64,72,,,,,,,,,"7/13/2026 6:09:50 PM","Unwinder Material Tension","HMI_Connection_2"
46216756841.7014,2,1,64,36,,,,,,,,,"7/13/2026 6:09:51 PM","Wagon to start position","HMI_Connection_2"
46216756841.7014,2,1,64,112,,,,,,,,,"7/13/2026 6:09:51 PM","Lowering Pallet","HMI_Connection_2"
46216756853.2986,2,0,64,37,,,,,,,,,"7/13/2026 6:09:52 PM","Wagon waiting for Feeder","HMI_Connection_2"
46216756853.2986,2,0,64,72,,,,,,,,,"7/13/2026 6:09:52 PM","Unwinder Material Tension","HMI_Connection_2"
46216756875.9954,2,1,64,74,"23","7",,,,,,,"7/13/2026 6:09:54 PM","Deployment in Progress - Layer Nr. 23 Matt. No.7","HMI_Connection_2"
46216756887.581,2,0,64,36,,,,,,,,,"7/13/2026 6:09:55 PM","Wagon to start position","HMI_Connection_2"
46216756887.581,2,0,64,112,,,,,,,,,"7/13/2026 6:09:55 PM","Lowering Pallet","HMI_Connection_2"
46216756910.7292,2,0,64,74,"23","7",,,,,,,"7/13/2026 6:09:57 PM","Deployment in Progress - Layer Nr. 23 Matt. No.7","HMI_Connection_2"
46216757014.8843,2,1,64,149,,,,,,,,,"7/13/2026 6:10:06 PM","Cutting Unit - Cut startet","HMI_Connection_2"
46216757038.4838,2,1,64,150,,,,,,,,,"7/13/2026 6:10:08 PM","Cutting Unit - Cut finished","HMI_Connection_2"
46216757061.2037,2,0,64,149,,,,,,,,,"7/13/2026 6:10:10 PM","Cutting Unit - Cut startet","HMI_Connection_2"
46216757061.2037,2,0,64,150,,,,,,,,,"7/13/2026 6:10:10 PM","Cutting Unit - Cut finished","HMI_Connection_2"
46216757061.2037,2,1,64,37,,,,,,,,,"7/13/2026 6:10:10 PM","Wagon waiting for Feeder","HMI_Connection_2"
46216757061.2037,2,1,64,72,,,,,,,,,"7/13/2026 6:10:10 PM","Unwinder Material Tension","HMI_Connection_2"
46216757061.2963,2,1,65,2000,"24","25",,,,,,,"7/13/2026 6:10:10 PM","Layer Nr:24 Next Layer Nr : 25  ","<internal>"
46216757084.8032,2,1,64,36,,,,,,,,,"7/13/2026 6:10:12 PM","Wagon to start position","HMI_Connection_2"
46216757084.8032,2,1,64,112,,,,,,,,,"7/13/2026 6:10:12 PM","Lowering Pallet","HMI_Connection_2"
46216757096.3426,2,0,64,37,,,,,,,,,"7/13/2026 6:10:13 PM","Wagon waiting for Feeder","HMI_Connection_2"
46216757096.3426,2,0,64,72,,,,,,,,,"7/13/2026 6:10:13 PM","Unwinder Material Tension","HMI_Connection_2"
46216757119.0856,2,1,64,74,"24","6",,,,,,,"7/13/2026 6:10:15 PM","Deployment in Progress - Layer Nr. 24 Matt. No.6","HMI_Connection_2"
46216757130.6481,2,0,64,36,,,,,,,,,"7/13/2026 6:10:16 PM","Wagon to start position","HMI_Connection_2"
46216757130.6481,2,0,64,112,,,,,,,,,"7/13/2026 6:10:16 PM","Lowering Pallet","HMI_Connection_2"
46216757153.8079,2,0,64,74,"24","6",,,,,,,"7/13/2026 6:10:18 PM","Deployment in Progress - Layer Nr. 24 Matt. No.6","HMI_Connection_2"
46216757257.9745,2,1,64,149,,,,,,,,,"7/13/2026 6:10:27 PM","Cutting Unit - Cut startet","HMI_Connection_2"
46216757269.537,2,1,64,150,,,,,,,,,"7/13/2026 6:10:28 PM","Cutting Unit - Cut finished","HMI_Connection_2"
46216757292.7083,2,0,64,149,,,,,,,,,"7/13/2026 6:10:30 PM","Cutting Unit - Cut startet","HMI_Connection_2"
46216757292.7083,2,0,64,150,,,,,,,,,"7/13/2026 6:10:30 PM","Cutting Unit - Cut finished","HMI_Connection_2"
46216757298.4722,2,0,65,2000,"25","26",,,,,,,"7/13/2026 6:10:31 PM","Layer Nr:25 Next Layer Nr : 26  ","<internal>"
46216757304.2824,2,1,64,37,,,,,,,,,"7/13/2026 6:10:31 PM","Wagon waiting for Feeder","HMI_Connection_2"
46216757304.2824,2,1,64,72,,,,,,,,,"7/13/2026 6:10:31 PM","Unwinder Material Tension","HMI_Connection_2"
46216757315.8681,2,1,64,36,,,,,,,,,"7/13/2026 6:10:32 PM","Wagon to start position","HMI_Connection_2"
46216757315.8681,2,1,64,112,,,,,,,,,"7/13/2026 6:10:32 PM","Lowering Pallet","HMI_Connection_2"
46216757339.3866,2,0,64,37,,,,,,,,,"7/13/2026 6:10:34 PM","Wagon waiting for Feeder","HMI_Connection_2"
46216757339.3866,2,0,64,72,,,,,,,,,"7/13/2026 6:10:34 PM","Unwinder Material Tension","HMI_Connection_2"
46216757350.5671,2,1,64,74,"25","5",,,,,,,"7/13/2026 6:10:35 PM","Deployment in Progress - Layer Nr. 25 Matt. No.5","HMI_Connection_2"
46216757362.1528,2,0,64,36,,,,,,,,,"7/13/2026 6:10:36 PM","Wagon to start position","HMI_Connection_2"
46216757362.1528,2,0,64,112,,,,,,,,,"7/13/2026 6:10:36 PM","Lowering Pallet","HMI_Connection_2"
46216757385.3009,2,0,64,74,"25","5",,,,,,,"7/13/2026 6:10:38 PM","Deployment in Progress - Layer Nr. 25 Matt. No.5","HMI_Connection_2"
46216757489.4676,2,1,64,149,,,,,,,,,"7/13/2026 6:10:47 PM","Cutting Unit - Cut startet","HMI_Connection_2"
46216757513.0093,2,1,64,150,,,,,,,,,"7/13/2026 6:10:49 PM","Cutting Unit - Cut finished","HMI_Connection_2"
46216757535.7755,2,0,64,149,,,,,,,,,"7/13/2026 6:10:51 PM","Cutting Unit - Cut startet","HMI_Connection_2"
46216757535.7755,2,0,64,150,,,,,,,,,"7/13/2026 6:10:51 PM","Cutting Unit - Cut finished","HMI_Connection_2"
46216757541.5394,2,1,65,2000,"26","27",,,,,,,"7/13/2026 6:10:52 PM","Layer Nr:26 Next Layer Nr : 27  ","<internal>"
46216757547.3495,2,1,64,37,,,,,,,,,"7/13/2026 6:10:52 PM","Wagon waiting for Feeder","HMI_Connection_2"
46216757547.3495,2,1,64,72,,,,,,,,,"7/13/2026 6:10:52 PM","Unwinder Material Tension","HMI_Connection_2"
46216757559.3287,2,1,64,36,,,,,,,,,"7/13/2026 6:10:53 PM","Wagon to start position","HMI_Connection_2"
46216757559.3287,2,1,64,112,,,,,,,,,"7/13/2026 6:10:53 PM","Lowering Pallet","HMI_Connection_2"
46216757570.9259,2,0,64,37,,,,,,,,,"7/13/2026 6:10:54 PM","Wagon waiting for Feeder","HMI_Connection_2"
46216757570.9259,2,0,64,72,,,,,,,,,"7/13/2026 6:10:54 PM","Unwinder Material Tension","HMI_Connection_2"
46216757593.6343,2,1,64,74,"26","4",,,,,,,"7/13/2026 6:10:56 PM","Deployment in Progress - Layer Nr. 26 Matt. No.4","HMI_Connection_2"
46216757605.2083,2,0,64,36,,,,,,,,,"7/13/2026 6:10:57 PM","Wagon to start position","HMI_Connection_2"
46216757605.2083,2,0,64,112,,,,,,,,,"7/13/2026 6:10:57 PM","Lowering Pallet","HMI_Connection_2"
46216757628.3565,2,0,64,74,"26","4",,,,,,,"7/13/2026 6:10:59 PM","Deployment in Progress - Layer Nr. 26 Matt. No.4","HMI_Connection_2"
46216757732.5347,2,1,64,149,,,,,,,,,"7/13/2026 6:11:08 PM","Cutting Unit - Cut startet","HMI_Connection_2"
46216757756.1343,2,1,64,150,,,,,,,,,"7/13/2026 6:11:10 PM","Cutting Unit - Cut finished","HMI_Connection_2"
46216757778.831,2,0,64,149,,,,,,,,,"7/13/2026 6:11:12 PM","Cutting Unit - Cut startet","HMI_Connection_2"
46216757778.831,2,0,64,150,,,,,,,,,"7/13/2026 6:11:12 PM","Cutting Unit - Cut finished","HMI_Connection_2"
46216757778.912,2,0,65,2000,"27","28",,,,,,,"7/13/2026 6:11:12 PM","Layer Nr:27 Next Layer Nr : 28  ","<internal>"
46216757790.4051,2,1,64,37,,,,,,,,,"7/13/2026 6:11:13 PM","Wagon waiting for Feeder","HMI_Connection_2"
46216757790.4051,2,1,64,72,,,,,,,,,"7/13/2026 6:11:13 PM","Unwinder Material Tension","HMI_Connection_2"
46216757802.3843,2,1,64,36,,,,,,,,,"7/13/2026 6:11:14 PM","Wagon to start position","HMI_Connection_2"
46216757802.3843,2,1,64,112,,,,,,,,,"7/13/2026 6:11:14 PM","Lowering Pallet","HMI_Connection_2"
46216757813.9815,2,0,64,37,,,,,,,,,"7/13/2026 6:11:15 PM","Wagon waiting for Feeder","HMI_Connection_2"
46216757813.9815,2,0,64,72,,,,,,,,,"7/13/2026 6:11:15 PM","Unwinder Material Tension","HMI_Connection_2"
46216757836.7014,2,1,64,74,"27","3",,,,,,,"7/13/2026 6:11:17 PM","Deployment in Progress - Layer Nr. 27 Matt. No.3","HMI_Connection_2"
46216757848.2755,2,0,64,36,,,,,,,,,"7/13/2026 6:11:18 PM","Wagon to start position","HMI_Connection_2"
46216757848.2755,2,0,64,112,,,,,,,,,"7/13/2026 6:11:18 PM","Lowering Pallet","HMI_Connection_2"
46216757871.4236,2,0,64,74,"27","3",,,,,,,"7/13/2026 6:11:20 PM","Deployment in Progress - Layer Nr. 27 Matt. No.3","HMI_Connection_2"
46216757975.6019,2,1,64,149,,,,,,,,,"7/13/2026 6:11:29 PM","Cutting Unit - Cut startet","HMI_Connection_2"
46216757999.1898,2,1,64,150,,,,,,,,,"7/13/2026 6:11:31 PM","Cutting Unit - Cut finished","HMI_Connection_2"
46216758021.9097,2,0,64,149,,,,,,,,,"7/13/2026 6:11:33 PM","Cutting Unit - Cut startet","HMI_Connection_2"
46216758021.9097,2,0,64,150,,,,,,,,,"7/13/2026 6:11:33 PM","Cutting Unit - Cut finished","HMI_Connection_2"
46216758021.9097,2,1,64,37,,,,,,,,,"7/13/2026 6:11:33 PM","Wagon waiting for Feeder","HMI_Connection_2"
46216758021.9097,2,1,64,72,,,,,,,,,"7/13/2026 6:11:33 PM","Unwinder Material Tension","HMI_Connection_2"
46216758021.9907,2,1,65,2000,"28","29",,,,,,,"7/13/2026 6:11:33 PM","Layer Nr:28 Next Layer Nr : 29  ","<internal>"
46216758045.4514,2,1,64,36,,,,,,,,,"7/13/2026 6:11:35 PM","Wagon to start position","HMI_Connection_2"
46216758045.4514,2,1,64,112,,,,,,,,,"7/13/2026 6:11:35 PM","Lowering Pallet","HMI_Connection_2"
46216758057.037,2,0,64,37,,,,,,,,,"7/13/2026 6:11:36 PM","Wagon waiting for Feeder","HMI_Connection_2"
46216758057.037,2,0,64,72,,,,,,,,,"7/13/2026 6:11:36 PM","Unwinder Material Tension","HMI_Connection_2"
46216758079.7685,2,1,64,74,"28","2",,,,,,,"7/13/2026 6:11:38 PM","Deployment in Progress - Layer Nr. 28 Matt. No.2","HMI_Connection_2"
46216758091.3426,2,0,64,36,,,,,,,,,"7/13/2026 6:11:39 PM","Wagon to start position","HMI_Connection_2"
46216758091.3426,2,0,64,112,,,,,,,,,"7/13/2026 6:11:39 PM","Lowering Pallet","HMI_Connection_2"
46216758114.5023,2,0,64,74,"28","2",,,,,,,"7/13/2026 6:11:41 PM","Deployment in Progress - Layer Nr. 28 Matt. No.2","HMI_Connection_2"
46216758230.2546,2,1,64,149,,,,,,,,,"7/13/2026 6:11:51 PM","Cutting Unit - Cut startet","HMI_Connection_2"
46216758253.8195,2,1,64,150,,,,,,,,,"7/13/2026 6:11:53 PM","Cutting Unit - Cut finished","HMI_Connection_2"
46216758270.7407,2,0,65,2000,"29","30",,,,,,,"7/13/2026 6:11:55 PM","Layer Nr:29 Next Layer Nr : 30  ","<internal>"
46216758276.5625,2,0,64,149,,,,,,,,,"7/13/2026 6:11:55 PM","Cutting Unit - Cut startet","HMI_Connection_2"
46216758276.5625,2,0,64,150,,,,,,,,,"7/13/2026 6:11:55 PM","Cutting Unit - Cut finished","HMI_Connection_2"
46216758276.5625,2,1,64,37,,,,,,,,,"7/13/2026 6:11:55 PM","Wagon waiting for Feeder","HMI_Connection_2"
46216758276.5625,2,1,64,72,,,,,,,,,"7/13/2026 6:11:55 PM","Unwinder Material Tension","HMI_Connection_2"
46216758288.1019,2,1,64,112,,,,,,,,,"7/13/2026 6:11:56 PM","Lowering Pallet","HMI_Connection_2"
46216758299.6991,2,0,64,37,,,,,,,,,"7/13/2026 6:11:57 PM","Wagon waiting for Feeder","HMI_Connection_2"
46216758299.6991,2,0,64,72,,,,,,,,,"7/13/2026 6:11:57 PM","Unwinder Material Tension","HMI_Connection_2"
46216758311.6782,2,1,64,36,,,,,,,,,"7/13/2026 6:11:58 PM","Wagon to start position","HMI_Connection_2"
46216758311.6782,2,1,64,37,,,,,,,,,"7/13/2026 6:11:58 PM","Wagon waiting for Feeder","HMI_Connection_2"
46216758334.4329,2,0,64,112,,,,,,,,,"7/13/2026 6:12:00 PM","Lowering Pallet","HMI_Connection_2"
46216758334.4329,2,1,64,74,"29","1",,,,,,,"7/13/2026 6:12:00 PM","Deployment in Progress - Layer Nr. 29 Matt. No.1","HMI_Connection_2"
46216758357.5579,2,0,64,36,,,,,,,,,"7/13/2026 6:12:02 PM","Wagon to start position","HMI_Connection_2"
46216758357.5579,2,0,64,37,,,,,,,,,"7/13/2026 6:12:02 PM","Wagon waiting for Feeder","HMI_Connection_2"
46216758392.3032,2,0,64,74,"29","1",,,,,,,"7/13/2026 6:12:05 PM","Deployment in Progress - Layer Nr. 29 Matt. No.1","HMI_Connection_2"
46216758496.4583,2,1,64,149,,,,,,,,,"7/13/2026 6:12:14 PM","Cutting Unit - Cut startet","HMI_Connection_2"
46216758520.0116,2,1,64,150,,,,,,,,,"7/13/2026 6:12:16 PM","Cutting Unit - Cut finished","HMI_Connection_2"
46216758531.2963,2,1,65,2000,"30","31",,,,,,,"7/13/2026 6:12:17 PM","Layer Nr:30 Next Layer Nr : 31  ","<internal>"
46216758542.7662,2,0,64,149,,,,,,,,,"7/13/2026 6:12:18 PM","Cutting Unit - Cut startet","HMI_Connection_2"
46216758542.7662,2,0,64,150,,,,,,,,,"7/13/2026 6:12:18 PM","Cutting Unit - Cut finished","HMI_Connection_2"
46216758542.7662,2,1,64,37,,,,,,,,,"7/13/2026 6:12:18 PM","Wagon waiting for Feeder","HMI_Connection_2"
46216758542.7662,2,1,64,72,,,,,,,,,"7/13/2026 6:12:18 PM","Unwinder Material Tension","HMI_Connection_2"
46216758554.7338,2,1,64,36,,,,,,,,,"7/13/2026 6:12:19 PM","Wagon to start position","HMI_Connection_2"
46216758554.7338,2,1,64,112,,,,,,,,,"7/13/2026 6:12:19 PM","Lowering Pallet","HMI_Connection_2"
46216758566.331,2,0,64,37,,,,,,,,,"7/13/2026 6:12:20 PM","Wagon waiting for Feeder","HMI_Connection_2"
46216758566.331,2,0,64,72,,,,,,,,,"7/13/2026 6:12:20 PM","Unwinder Material Tension","HMI_Connection_2"
46216758589.0741,2,1,64,74,"30","31",,,,,,,"7/13/2026 6:12:22 PM","Deployment in Progress - Layer Nr. 30 Matt. No.31","HMI_Connection_2"
46216758600.6481,2,0,64,36,,,,,,,,,"7/13/2026 6:12:23 PM","Wagon to start position","HMI_Connection_2"
46216758600.6481,2,0,64,112,,,,,,,,,"7/13/2026 6:12:23 PM","Lowering Pallet","HMI_Connection_2"
46216758612.2222,2,1,64,149,,,,,,,,,"7/13/2026 6:12:24 PM","Cutting Unit - Cut startet","HMI_Connection_2"
46216758623.7731,2,1,64,150,,,,,,,,,"7/13/2026 6:12:25 PM","Cutting Unit - Cut finished","HMI_Connection_2"
46216758623.7731,2,0,64,74,"30","31",,,,,,,"7/13/2026 6:12:25 PM","Deployment in Progress - Layer Nr. 30 Matt. No.31","HMI_Connection_2"
46216758647.3727,2,0,64,149,,,,,,,,,"7/13/2026 6:12:27 PM","Cutting Unit - Cut startet","HMI_Connection_2"
46216758647.3727,2,0,64,150,,,,,,,,,"7/13/2026 6:12:27 PM","Cutting Unit - Cut finished","HMI_Connection_2"
46216758658.4954,2,1,64,37,,,,,,,,,"7/13/2026 6:12:28 PM","Wagon waiting for Feeder","HMI_Connection_2"
46216758658.4954,2,1,64,72,,,,,,,,,"7/13/2026 6:12:28 PM","Unwinder Material Tension","HMI_Connection_2"
46216758658.588,2,0,65,2000,"31","32",,,,,,,"7/13/2026 6:12:28 PM","Layer Nr:31 Next Layer Nr : 32  ","<internal>"
46216758670.4977,2,1,64,36,,,,,,,,,"7/13/2026 6:12:29 PM","Wagon to start position","HMI_Connection_2"
46216758693.2407,2,0,64,37,,,,,,,,,"7/13/2026 6:12:31 PM","Wagon waiting for Feeder","HMI_Connection_2"
46216758693.2407,2,0,64,72,,,,,,,,,"7/13/2026 6:12:31 PM","Unwinder Material Tension","HMI_Connection_2"
46216758693.2407,2,1,64,74,"31","30",,,,,,,"7/13/2026 6:12:31 PM","Deployment in Progress - Layer Nr. 31 Matt. No.30","HMI_Connection_2"
46216758716.3889,2,1,64,149,,,,,,,,,"7/13/2026 6:12:33 PM","Cutting Unit - Cut startet","HMI_Connection_2"
46216758716.3889,2,0,64,36,,,,,,,,,"7/13/2026 6:12:33 PM","Wagon to start position","HMI_Connection_2"
46216758739.5486,2,1,64,150,,,,,,,,,"7/13/2026 6:12:35 PM","Cutting Unit - Cut finished","HMI_Connection_2"
46216758751.5509,2,0,64,74,"31","30",,,,,,,"7/13/2026 6:12:36 PM","Deployment in Progress - Layer Nr. 31 Matt. No.30","HMI_Connection_2"
46216758762.6852,2,0,64,149,,,,,,,,,"7/13/2026 6:12:37 PM","Cutting Unit - Cut startet","HMI_Connection_2"
46216758762.6852,2,0,64,150,,,,,,,,,"7/13/2026 6:12:37 PM","Cutting Unit - Cut finished","HMI_Connection_2"
46216758768.4607,2,1,65,2000,"32","33",,,,,,,"7/13/2026 6:12:38 PM","Layer Nr:32 Next Layer Nr : 33  ","<internal>"
46216758774.6643,2,1,64,36,,,,,,,,,"7/13/2026 6:12:38 PM","Wagon to start position","HMI_Connection_2"
46216758774.6643,2,1,64,37,,,,,,,,,"7/13/2026 6:12:38 PM","Wagon waiting for Feeder","HMI_Connection_2"
46216758774.6643,2,1,64,72,,,,,,,,,"7/13/2026 6:12:38 PM","Unwinder Material Tension","HMI_Connection_2"
46216758797.8009,2,0,64,37,,,,,,,,,"7/13/2026 6:12:40 PM","Wagon waiting for Feeder","HMI_Connection_2"
46216758797.8009,2,0,64,72,,,,,,,,,"7/13/2026 6:12:40 PM","Unwinder Material Tension","HMI_Connection_2"
46216758808.9931,2,1,64,74,"32","29",,,,,,,"7/13/2026 6:12:41 PM","Deployment in Progress - Layer Nr. 32 Matt. No.29","HMI_Connection_2"
46216758832.1296,2,1,64,149,,,,,,,,,"7/13/2026 6:12:43 PM","Cutting Unit - Cut startet","HMI_Connection_2"
46216758832.1296,2,0,64,36,,,,,,,,,"7/13/2026 6:12:43 PM","Wagon to start position","HMI_Connection_2"
46216758855.706,2,1,64,150,,,,,,,,,"7/13/2026 6:12:45 PM","Cutting Unit - Cut finished","HMI_Connection_2"
46216758855.706,2,0,64,74,"32","29",,,,,,,"7/13/2026 6:12:45 PM","Deployment in Progress - Layer Nr. 32 Matt. No.29","HMI_Connection_2"
46216758878.4375,2,0,64,149,,,,,,,,,"7/13/2026 6:12:47 PM","Cutting Unit - Cut startet","HMI_Connection_2"
46216758878.4375,2,0,64,150,,,,,,,,,"7/13/2026 6:12:47 PM","Cutting Unit - Cut finished","HMI_Connection_2"
46216758878.4375,2,1,64,37,,,,,,,,,"7/13/2026 6:12:47 PM","Wagon waiting for Feeder","HMI_Connection_2"
46216758878.4375,2,1,64,72,,,,,,,,,"7/13/2026 6:12:47 PM","Unwinder Material Tension","HMI_Connection_2"
46216758878.5069,2,0,65,2000,"33","34",,,,,,,"7/13/2026 6:12:47 PM","Layer Nr:33 Next Layer Nr : 34  ","<internal>"
46216758890.3588,2,1,64,36,,,,,,,,,"7/13/2026 6:12:48 PM","Wagon to start position","HMI_Connection_2"
46216758913.1713,2,0,64,37,,,,,,,,,"7/13/2026 6:12:50 PM","Wagon waiting for Feeder","HMI_Connection_2"
46216758913.1713,2,0,64,72,,,,,,,,,"7/13/2026 6:12:50 PM","Unwinder Material Tension","HMI_Connection_2"
46216758913.1713,2,1,64,74,"33","28",,,,,,,"7/13/2026 6:12:50 PM","Deployment in Progress - Layer Nr. 33 Matt. No.28","HMI_Connection_2"
46216758936.3079,2,0,64,36,,,,,,,,,"7/13/2026 6:12:52 PM","Wagon to start position","HMI_Connection_2"
46216758947.882,2,1,64,149,,,,,,,,,"7/13/2026 6:12:53 PM","Cutting Unit - Cut startet","HMI_Connection_2"
46216758959.4444,2,1,64,150,,,,,,,,,"7/13/2026 6:12:54 PM","Cutting Unit - Cut finished","HMI_Connection_2"
46216758971.4815,2,0,64,74,"33","28",,,,,,,"7/13/2026 6:12:55 PM","Deployment in Progress - Layer Nr. 33 Matt. No.28","HMI_Connection_2"
46216758982.6157,2,0,64,149,,,,,,,,,"7/13/2026 6:12:56 PM","Cutting Unit - Cut startet","HMI_Connection_2"
46216758982.6157,2,0,64,150,,,,,,,,,"7/13/2026 6:12:56 PM","Cutting Unit - Cut finished","HMI_Connection_2"
46216758988.3796,2,1,65,2000,"34","35",,,,,,,"7/13/2026 6:12:57 PM","Layer Nr:34 Next Layer Nr : 35  ","<internal>"
46216758994.1667,2,1,64,36,,,,,,,,,"7/13/2026 6:12:57 PM","Wagon to start position","HMI_Connection_2"
46216758994.1667,2,1,64,37,,,,,,,,,"7/13/2026 6:12:57 PM","Wagon waiting for Feeder","HMI_Connection_2"
46216758994.1667,2,1,64,72,,,,,,,,,"7/13/2026 6:12:57 PM","Unwinder Material Tension","HMI_Connection_2"
46216759017.7315,2,0,64,37,,,,,,,,,"7/13/2026 6:12:59 PM","Wagon waiting for Feeder","HMI_Connection_2"
46216759017.7315,2,0,64,72,,,,,,,,,"7/13/2026 6:12:59 PM","Unwinder Material Tension","HMI_Connection_2"
46216759028.8889,2,1,64,74,"34","27",,,,,,,"7/13/2026 6:13:00 PM","Deployment in Progress - Layer Nr. 34 Matt. No.27","HMI_Connection_2"
46216759052.0486,2,1,64,149,,,,,,,,,"7/13/2026 6:13:02 PM","Cutting Unit - Cut startet","HMI_Connection_2"
46216759052.0486,2,0,64,36,,,,,,,,,"7/13/2026 6:13:02 PM","Wagon to start position","HMI_Connection_2"
46216759075.6366,2,1,64,150,,,,,,,,,"7/13/2026 6:13:04 PM","Cutting Unit - Cut finished","HMI_Connection_2"
46216759087.1643,2,0,64,74,"34","27",,,,,,,"7/13/2026 6:13:05 PM","Deployment in Progress - Layer Nr. 34 Matt. No.27","HMI_Connection_2"
46216759098.3449,2,0,64,149,,,,,,,,,"7/13/2026 6:13:06 PM","Cutting Unit - Cut startet","HMI_Connection_2"
46216759098.3449,2,0,64,150,,,,,,,,,"7/13/2026 6:13:06 PM","Cutting Unit - Cut finished","HMI_Connection_2"
46216759098.3449,2,1,64,37,,,,,,,,,"7/13/2026 6:13:06 PM","Wagon waiting for Feeder","HMI_Connection_2"
46216759098.3449,2,1,64,72,,,,,,,,,"7/13/2026 6:13:06 PM","Unwinder Material Tension","HMI_Connection_2"
46216759098.4259,2,0,65,2000,"35","36",,,,,,,"7/13/2026 6:13:06 PM","Layer Nr:35 Next Layer Nr : 36  ","<internal>"
46216759121.8981,2,1,64,36,,,,,,,,,"7/13/2026 6:13:08 PM","Wagon to start position","HMI_Connection_2"
46216759121.8981,2,1,64,112,,,,,,,,,"7/13/2026 6:13:08 PM","Lowering Pallet","HMI_Connection_2"
46216759133.4954,2,0,64,37,,,,,,,,,"7/13/2026 6:13:09 PM","Wagon waiting for Feeder","HMI_Connection_2"
46216759133.4954,2,0,64,72,,,,,,,,,"7/13/2026 6:13:09 PM","Unwinder Material Tension","HMI_Connection_2"
46216759156.2269,2,1,64,74,"35","26",,,,,,,"7/13/2026 6:13:11 PM","Deployment in Progress - Layer Nr. 35 Matt. No.26","HMI_Connection_2"
46216759167.7894,2,0,64,36,,,,,,,,,"7/13/2026 6:13:12 PM","Wagon to start position","HMI_Connection_2"
46216759167.7894,2,0,64,112,,,,,,,,,"7/13/2026 6:13:12 PM","Lowering Pallet","HMI_Connection_2"
46216759179.375,2,1,64,149,,,,,,,,,"7/13/2026 6:13:13 PM","Cutting Unit - Cut startet","HMI_Connection_2"
46216759190.9491,2,1,64,150,,,,,,,,,"7/13/2026 6:13:14 PM","Cutting Unit - Cut finished","HMI_Connection_2"
46216759190.9491,2,0,64,74,"35","26",,,,,,,"7/13/2026 6:13:14 PM","Deployment in Progress - Layer Nr. 35 Matt. No.26","HMI_Connection_2"
46216759214.4676,2,0,64,149,,,,,,,,,"7/13/2026 6:13:16 PM","Cutting Unit - Cut startet","HMI_Connection_2"
46216759214.4676,2,0,64,150,,,,,,,,,"7/13/2026 6:13:16 PM","Cutting Unit - Cut finished","HMI_Connection_2"
46216759219.8727,2,1,65,2000,"36","37",,,,,,,"7/13/2026 6:13:17 PM","Layer Nr:36 Next Layer Nr : 37  ","<internal>"
46216759225.6829,2,1,64,37,,,,,,,,,"7/13/2026 6:13:17 PM","Wagon waiting for Feeder","HMI_Connection_2"
46216759225.6829,2,1,64,72,,,,,,,,,"7/13/2026 6:13:17 PM","Unwinder Material Tension","HMI_Connection_2"
46216759237.662,2,1,64,36,,,,,,,,,"7/13/2026 6:13:18 PM","Wagon to start position","HMI_Connection_2"
46216759260.3935,2,0,64,37,,,,,,,,,"7/13/2026 6:13:20 PM","Wagon waiting for Feeder","HMI_Connection_2"
46216759260.3935,2,0,64,72,,,,,,,,,"7/13/2026 6:13:20 PM","Unwinder Material Tension","HMI_Connection_2"
46216759260.3935,2,1,64,74,"36","25",,,,,,,"7/13/2026 6:13:20 PM","Deployment in Progress - Layer Nr. 36 Matt. No.25","HMI_Connection_2"
46216759283.5417,2,1,64,149,,,,,,,,,"7/13/2026 6:13:22 PM","Cutting Unit - Cut startet","HMI_Connection_2"
46216759283.5417,2,0,64,36,,,,,,,,,"7/13/2026 6:13:22 PM","Wagon to start position","HMI_Connection_2"
46216759306.7014,2,1,64,150,,,,,,,,,"7/13/2026 6:13:24 PM","Cutting Unit - Cut finished","HMI_Connection_2"
46216759318.7153,2,0,64,74,"36","25",,,,,,,"7/13/2026 6:13:25 PM","Deployment in Progress - Layer Nr. 36 Matt. No.25","HMI_Connection_2"
46216759329.838,2,0,64,149,,,,,,,,,"7/13/2026 6:13:26 PM","Cutting Unit - Cut startet","HMI_Connection_2"
46216759329.838,2,0,64,150,,,,,,,,,"7/13/2026 6:13:26 PM","Cutting Unit - Cut finished","HMI_Connection_2"
46216759335.6366,2,0,65,2000,"37","38",,,,,,,"7/13/2026 6:13:27 PM","Layer Nr:37 Next Layer Nr : 38  ","<internal>"
46216759341.8403,2,1,64,36,,,,,,,,,"7/13/2026 6:13:27 PM","Wagon to start position","HMI_Connection_2"
46216759341.8403,2,1,64,37,,,,,,,,,"7/13/2026 6:13:27 PM","Wagon waiting for Feeder","HMI_Connection_2"
46216759341.8403,2,1,64,72,,,,,,,,,"7/13/2026 6:13:27 PM","Unwinder Material Tension","HMI_Connection_2"
46216759365.0347,2,0,64,37,,,,,,,,,"7/13/2026 6:13:29 PM","Wagon waiting for Feeder","HMI_Connection_2"
46216759365.0347,2,0,64,72,,,,,,,,,"7/13/2026 6:13:29 PM","Unwinder Material Tension","HMI_Connection_2"
46216759376.1574,2,1,64,74,"37","24",,,,,,,"7/13/2026 6:13:30 PM","Deployment in Progress - Layer Nr. 37 Matt. No.24","HMI_Connection_2"
46216759399.294,2,1,64,149,,,,,,,,,"7/13/2026 6:13:32 PM","Cutting Unit - Cut startet","HMI_Connection_2"
46216759399.294,2,0,64,36,,,,,,,,,"7/13/2026 6:13:32 PM","Wagon to start position","HMI_Connection_2"
46216759422.8125,2,1,64,150,,,,,,,,,"7/13/2026 6:13:34 PM","Cutting Unit - Cut finished","HMI_Connection_2"
46216759422.8125,2,0,64,74,"37","24",,,,,,,"7/13/2026 6:13:34 PM","Deployment in Progress - Layer Nr. 37 Matt. No.24","HMI_Connection_2"
46216759445.6019,2,0,64,149,,,,,,,,,"7/13/2026 6:13:36 PM","Cutting Unit - Cut startet","HMI_Connection_2"
46216759445.6019,2,0,64,150,,,,,,,,,"7/13/2026 6:13:36 PM","Cutting Unit - Cut finished","HMI_Connection_2"
46216759445.6019,2,1,64,37,,,,,,,,,"7/13/2026 6:13:36 PM","Wagon waiting for Feeder","HMI_Connection_2"
46216759445.6019,2,1,64,72,,,,,,,,,"7/13/2026 6:13:36 PM","Unwinder Material Tension","HMI_Connection_2"
46216759445.6829,2,1,65,2000,"38","39",,,,,,,"7/13/2026 6:13:36 PM","Layer Nr:38 Next Layer Nr : 39  ","<internal>"
46216759457.5926,2,1,64,36,,,,,,,,,"7/13/2026 6:13:37 PM","Wagon to start position","HMI_Connection_2"
46216759480.3241,2,0,64,37,,,,,,,,,"7/13/2026 6:13:39 PM","Wagon waiting for Feeder","HMI_Connection_2"
46216759480.3241,2,0,64,72,,,,,,,,,"7/13/2026 6:13:39 PM","Unwinder Material Tension","HMI_Connection_2"
46216759480.3241,2,1,64,74,"38","23",,,,,,,"7/13/2026 6:13:39 PM","Deployment in Progress - Layer Nr. 38 Matt. No.23","HMI_Connection_2"
46216759503.4722,2,0,64,36,,,,,,,,,"7/13/2026 6:13:41 PM","Wagon to start position","HMI_Connection_2"
46216759515.0579,2,1,64,149,,,,,,,,,"7/13/2026 6:13:42 PM","Cutting Unit - Cut startet","HMI_Connection_2"
46216759526.6204,2,1,64,150,,,,,,,,,"7/13/2026 6:13:43 PM","Cutting Unit - Cut finished","HMI_Connection_2"
46216759538.6458,2,0,64,74,"38","23",,,,,,,"7/13/2026 6:13:44 PM","Deployment in Progress - Layer Nr. 38 Matt. No.23","HMI_Connection_2"
46216759549.7801,2,0,64,149,,,,,,,,,"7/13/2026 6:13:45 PM","Cutting Unit - Cut startet","HMI_Connection_2"
46216759549.7801,2,0,64,150,,,,,,,,,"7/13/2026 6:13:45 PM","Cutting Unit - Cut finished","HMI_Connection_2"
46216759555.544,2,0,65,2000,"39","40",,,,,,,"7/13/2026 6:13:46 PM","Layer Nr:39 Next Layer Nr : 40  ","<internal>"
46216759561.331,2,1,64,36,,,,,,,,,"7/13/2026 6:13:46 PM","Wagon to start position","HMI_Connection_2"
46216759561.331,2,1,64,37,,,,,,,,,"7/13/2026 6:13:46 PM","Wagon waiting for Feeder","HMI_Connection_2"
46216759561.331,2,1,64,72,,,,,,,,,"7/13/2026 6:13:46 PM","Unwinder Material Tension","HMI_Connection_2"
46216759584.8958,2,0,64,37,,,,,,,,,"7/13/2026 6:13:48 PM","Wagon waiting for Feeder","HMI_Connection_2"
46216759584.8958,2,0,64,72,,,,,,,,,"7/13/2026 6:13:48 PM","Unwinder Material Tension","HMI_Connection_2"
46216759596.0648,2,1,64,74,"39","22",,,,,,,"7/13/2026 6:13:49 PM","Deployment in Progress - Layer Nr. 39 Matt. No.22","HMI_Connection_2"
46216759619.213,2,1,64,149,,,,,,,,,"7/13/2026 6:13:51 PM","Cutting Unit - Cut startet","HMI_Connection_2"
46216759619.213,2,0,64,36,,,,,,,,,"7/13/2026 6:13:51 PM","Wagon to start position","HMI_Connection_2"
46216759642.8125,2,1,64,150,,,,,,,,,"7/13/2026 6:13:53 PM","Cutting Unit - Cut finished","HMI_Connection_2"
46216759654.3403,2,0,64,74,"39","22",,,,,,,"7/13/2026 6:13:54 PM","Deployment in Progress - Layer Nr. 39 Matt. No.22","HMI_Connection_2"
46216759665.4977,2,0,64,149,,,,,,,,,"7/13/2026 6:13:55 PM","Cutting Unit - Cut startet","HMI_Connection_2"
46216759665.4977,2,0,64,150,,,,,,,,,"7/13/2026 6:13:55 PM","Cutting Unit - Cut finished","HMI_Connection_2"
46216759665.4977,2,1,64,37,,,,,,,,,"7/13/2026 6:13:55 PM","Wagon waiting for Feeder","HMI_Connection_2"
46216759665.4977,2,1,64,72,,,,,,,,,"7/13/2026 6:13:55 PM","Unwinder Material Tension","HMI_Connection_2"
46216759665.5903,2,1,65,2000,"40","41",,,,,,,"7/13/2026 6:13:55 PM","Layer Nr:40 Next Layer Nr : 41  ","<internal>"
46216759688.6574,2,1,64,112,,,,,,,,,"7/13/2026 6:13:57 PM","Lowering Pallet","HMI_Connection_2"
46216759700.2199,2,0,64,37,,,,,,,,,"7/13/2026 6:13:58 PM","Wagon waiting for Feeder","HMI_Connection_2"
46216759700.2199,2,0,64,72,,,,,,,,,"7/13/2026 6:13:58 PM","Unwinder Material Tension","HMI_Connection_2"
46216759712.2569,2,1,64,36,,,,,,,,,"7/13/2026 6:13:59 PM","Wagon to start position","HMI_Connection_2"
46216759712.2569,2,1,64,37,,,,,,,,,"7/13/2026 6:13:59 PM","Wagon waiting for Feeder","HMI_Connection_2"
46216759723.7847,2,0,64,112,,,,,,,,,"7/13/2026 6:14:00 PM","Lowering Pallet","HMI_Connection_2"
46216759746.5509,2,1,64,74,"40","21",,,,,,,"7/13/2026 6:14:02 PM","Deployment in Progress - Layer Nr. 40 Matt. No.21","HMI_Connection_2"
46216759758.1134,2,1,64,149,,,,,,,,,"7/13/2026 6:14:03 PM","Cutting Unit - Cut startet","HMI_Connection_2"
46216759758.1134,2,0,64,36,,,,,,,,,"7/13/2026 6:14:03 PM","Wagon to start position","HMI_Connection_2"
46216759758.1134,2,0,64,37,,,,,,,,,"7/13/2026 6:14:03 PM","Wagon waiting for Feeder","HMI_Connection_2"
46216759781.7014,2,1,64,150,,,,,,,,,"7/13/2026 6:14:05 PM","Cutting Unit - Cut finished","HMI_Connection_2"
46216759781.7014,2,0,64,74,"40","21",,,,,,,"7/13/2026 6:14:05 PM","Deployment in Progress - Layer Nr. 40 Matt. No.21","HMI_Connection_2"
46216759804.4329,2,0,64,149,,,,,,,,,"7/13/2026 6:14:07 PM","Cutting Unit - Cut startet","HMI_Connection_2"
46216759804.4329,2,0,64,150,,,,,,,,,"7/13/2026 6:14:07 PM","Cutting Unit - Cut finished","HMI_Connection_2"
46216759810.1852,2,0,65,2000,"41","42",,,,,,,"7/13/2026 6:14:08 PM","Layer Nr:41 Next Layer Nr : 42  ","<internal>"
46216759816.4236,2,1,64,36,,,,,,,,,"7/13/2026 6:14:08 PM","Wagon to start position","HMI_Connection_2"
46216759816.4236,2,1,64,37,,,,,,,,,"7/13/2026 6:14:08 PM","Wagon waiting for Feeder","HMI_Connection_2"
46216759816.4236,2,1,64,72,,,,,,,,,"7/13/2026 6:14:08 PM","Unwinder Material Tension","HMI_Connection_2"
46216759839.5486,2,0,64,37,,,,,,,,,"7/13/2026 6:14:10 PM","Wagon waiting for Feeder","HMI_Connection_2"
46216759839.5486,2,0,64,72,,,,,,,,,"7/13/2026 6:14:10 PM","Unwinder Material Tension","HMI_Connection_2"
46216759850.7176,2,1,64,74,"41","20",,,,,,,"7/13/2026 6:14:11 PM","Deployment in Progress - Layer Nr. 41 Matt. No.20","HMI_Connection_2"
46216759873.8773,2,1,64,149,,,,,,,,,"7/13/2026 6:14:13 PM","Cutting Unit - Cut startet","HMI_Connection_2"
46216759873.8773,2,0,64,36,,,,,,,,,"7/13/2026 6:14:13 PM","Wagon to start position","HMI_Connection_2"
46216759897.4653,2,1,64,150,,,,,,,,,"7/13/2026 6:14:15 PM","Cutting Unit - Cut finished","HMI_Connection_2"
46216759908.9931,2,0,64,149,,,,,,,,,"7/13/2026 6:14:16 PM","Cutting Unit - Cut startet","HMI_Connection_2"
46216759908.9931,2,0,64,150,,,,,,,,,"7/13/2026 6:14:16 PM","Cutting Unit - Cut finished","HMI_Connection_2"
46216759908.9931,2,0,64,74,"41","20",,,,,,,"7/13/2026 6:14:16 PM","Deployment in Progress - Layer Nr. 41 Matt. No.20","HMI_Connection_2"
46216759920.162,2,1,64,37,,,,,,,,,"7/13/2026 6:14:17 PM","Wagon waiting for Feeder","HMI_Connection_2"
46216759920.162,2,1,64,72,,,,,,,,,"7/13/2026 6:14:17 PM","Unwinder Material Tension","HMI_Connection_2"
46216759920.2431,2,1,65,2000,"42","43",,,,,,,"7/13/2026 6:14:17 PM","Layer Nr:42 Next Layer Nr : 43  ","<internal>"
46216759932.1991,2,1,64,36,,,,,,,,,"7/13/2026 6:14:18 PM","Wagon to start position","HMI_Connection_2"
46216759954.8843,2,0,64,37,,,,,,,,,"7/13/2026 6:14:20 PM","Wagon waiting for Feeder","HMI_Connection_2"
46216759954.8843,2,0,64,72,,,,,,,,,"7/13/2026 6:14:20 PM","Unwinder Material Tension","HMI_Connection_2"
46216759966.4815,2,1,64,74,"42","19",,,,,,,"7/13/2026 6:14:21 PM","Deployment in Progress - Layer Nr. 42 Matt. No.19","HMI_Connection_2"
46216759978.044,2,0,64,36,,,,,,,,,"7/13/2026 6:14:22 PM","Wagon to start position","HMI_Connection_2"
46216759989.6065,2,1,64,149,,,,,,,,,"7/13/2026 6:14:23 PM","Cutting Unit - Cut startet","HMI_Connection_2"
46216760001.1921,2,1,64,150,,,,,,,,,"7/13/2026 6:14:24 PM","Cutting Unit - Cut finished","HMI_Connection_2"
46216760013.1597,2,0,64,74,"42","19",,,,,,,"7/13/2026 6:14:25 PM","Deployment in Progress - Layer Nr. 42 Matt. No.19","HMI_Connection_2"
46216760024.3287,2,0,64,149,,,,,,,,,"7/13/2026 6:14:26 PM","Cutting Unit - Cut startet","HMI_Connection_2"
46216760024.3287,2,0,64,150,,,,,,,,,"7/13/2026 6:14:26 PM","Cutting Unit - Cut finished","HMI_Connection_2"
46216760030.1273,2,0,65,2000,"43","44",,,,,,,"7/13/2026 6:14:27 PM","Layer Nr:43 Next Layer Nr : 44  ","<internal>"
46216760035.9144,2,1,64,36,,,,,,,,,"7/13/2026 6:14:27 PM","Wagon to start position","HMI_Connection_2"
46216760035.9144,2,1,64,37,,,,,,,,,"7/13/2026 6:14:27 PM","Wagon waiting for Feeder","HMI_Connection_2"
46216760035.9144,2,1,64,72,,,,,,,,,"7/13/2026 6:14:27 PM","Unwinder Material Tension","HMI_Connection_2"
46216760059.4907,2,0,64,37,,,,,,,,,"7/13/2026 6:14:29 PM","Wagon waiting for Feeder","HMI_Connection_2"
46216760059.4907,2,0,64,72,,,,,,,,,"7/13/2026 6:14:29 PM","Unwinder Material Tension","HMI_Connection_2"
46216760070.6481,2,1,64,74,"43","18",,,,,,,"7/13/2026 6:14:30 PM","Deployment in Progress - Layer Nr. 43 Matt. No.18","HMI_Connection_2"
46216760093.7847,2,1,64,149,,,,,,,,,"7/13/2026 6:14:32 PM","Cutting Unit - Cut startet","HMI_Connection_2"
46216760093.7963,2,0,64,36,,,,,,,,,"7/13/2026 6:14:32 PM","Wagon to start position","HMI_Connection_2"
46216760117.338,2,1,64,150,,,,,,,,,"7/13/2026 6:14:34 PM","Cutting Unit - Cut finished","HMI_Connection_2"
46216760128.9352,2,0,64,74,"43","18",,,,,,,"7/13/2026 6:14:35 PM","Deployment in Progress - Layer Nr. 43 Matt. No.18","HMI_Connection_2"
46216760140.0926,2,0,64,149,,,,,,,,,"7/13/2026 6:14:36 PM","Cutting Unit - Cut startet","HMI_Connection_2"
46216760140.0926,2,0,64,150,,,,,,,,,"7/13/2026 6:14:36 PM","Cutting Unit - Cut finished","HMI_Connection_2"
46216760140.0926,2,1,64,37,,,,,,,,,"7/13/2026 6:14:36 PM","Wagon waiting for Feeder","HMI_Connection_2"
46216760140.0926,2,1,64,72,,,,,,,,,"7/13/2026 6:14:36 PM","Unwinder Material Tension","HMI_Connection_2"
46216760140.1968,2,1,65,2000,"44","45",,,,,,,"7/13/2026 6:14:36 PM","Layer Nr:44 Next Layer Nr : 45  ","<internal>"
46216760152.0602,2,1,64,36,,,,,,,,,"7/13/2026 6:14:37 PM","Wagon to start position","HMI_Connection_2"
46216760174.9537,2,0,64,37,,,,,,,,,"7/13/2026 6:14:39 PM","Wagon waiting for Feeder","HMI_Connection_2"
46216760174.9537,2,0,64,72,,,,,,,,,"7/13/2026 6:14:39 PM","Unwinder Material Tension","HMI_Connection_2"
46216760186.3889,2,1,64,74,"44","17",,,,,,,"7/13/2026 6:14:40 PM","Deployment in Progress - Layer Nr. 44 Matt. No.17","HMI_Connection_2"
46216760209.537,2,1,64,149,,,,,,,,,"7/13/2026 6:14:42 PM","Cutting Unit - Cut startet","HMI_Connection_2"
46216760209.537,2,0,64,36,,,,,,,,,"7/13/2026 6:14:42 PM","Wagon to start position","HMI_Connection_2"
46216760221.1111,2,1,64,150,,,,,,,,,"7/13/2026 6:14:43 PM","Cutting Unit - Cut finished","HMI_Connection_2"
46216760233.1019,2,0,64,74,"44","17",,,,,,,"7/13/2026 6:14:44 PM","Deployment in Progress - Layer Nr. 44 Matt. No.17","HMI_Connection_2"
46216760244.6991,2,0,64,149,,,,,,,,,"7/13/2026 6:14:45 PM","Cutting Unit - Cut startet","HMI_Connection_2"
46216760244.6991,2,0,64,150,,,,,,,,,"7/13/2026 6:14:45 PM","Cutting Unit - Cut finished","HMI_Connection_2"
46216760250.0463,2,0,65,2000,"45","46",,,,,,,"7/13/2026 6:14:46 PM","Layer Nr:45 Next Layer Nr : 46  ","<internal>"
46216760255.8449,2,1,64,37,,,,,,,,,"7/13/2026 6:14:46 PM","Wagon waiting for Feeder","HMI_Connection_2"
46216760255.8449,2,1,64,72,,,,,,,,,"7/13/2026 6:14:46 PM","Unwinder Material Tension","HMI_Connection_2"
46216760267.4074,2,1,64,112,,,,,,,,,"7/13/2026 6:14:47 PM","Lowering Pallet","HMI_Connection_2"
46216760278.9815,2,0,64,37,,,,,,,,,"7/13/2026 6:14:48 PM","Wagon waiting for Feeder","HMI_Connection_2"
46216760278.9815,2,0,64,72,,,,,,,,,"7/13/2026 6:14:48 PM","Unwinder Material Tension","HMI_Connection_2"
46216760302.1412,2,1,64,36,,,,,,,,,"7/13/2026 6:14:50 PM","Wagon to start position","HMI_Connection_2"
46216760302.1412,2,1,64,37,,,,,,,,,"7/13/2026 6:14:50 PM","Wagon waiting for Feeder","HMI_Connection_2"
46216760314.1435,2,0,64,112,,,,,,,,,"7/13/2026 6:14:51 PM","Lowering Pallet","HMI_Connection_2"
46216760336.8634,2,1,64,74,"45","16",,,,,,,"7/13/2026 6:14:53 PM","Deployment in Progress - Layer Nr. 45 Matt. No.16","HMI_Connection_2"
46216760348.4375,2,0,64,36,,,,,,,,,"7/13/2026 6:14:54 PM","Wagon to start position","HMI_Connection_2"
46216760348.4375,2,0,64,37,,,,,,,,,"7/13/2026 6:14:54 PM","Wagon waiting for Feeder","HMI_Connection_2"
46216760360,2,1,64,149,,,,,,,,,"7/13/2026 6:14:55 PM","Cutting Unit - Cut startet","HMI_Connection_2"
46216760371.5857,2,0,64,74,"45","16",,,,,,,"7/13/2026 6:14:56 PM","Deployment in Progress - Layer Nr. 45 Matt. No.16","HMI_Connection_2"
46216760383.588,2,1,64,150,,,,,,,,,"7/13/2026 6:14:57 PM","Cutting Unit - Cut finished","HMI_Connection_2"
46216760406.3194,2,0,64,149,,,,,,,,,"7/13/2026 6:14:59 PM","Cutting Unit - Cut startet","HMI_Connection_2"
46216760406.3194,2,0,64,150,,,,,,,,,"7/13/2026 6:14:59 PM","Cutting Unit - Cut finished","HMI_Connection_2"
46216760406.3194,2,1,64,37,,,,,,,,,"7/13/2026 6:14:59 PM","Wagon waiting for Feeder","HMI_Connection_2"
46216760406.3194,2,1,64,72,,,,,,,,,"7/13/2026 6:14:59 PM","Unwinder Material Tension","HMI_Connection_2"
46216760406.4005,2,1,65,2000,"46","47",,,,,,,"7/13/2026 6:14:59 PM","Layer Nr:46 Next Layer Nr : 47  ","<internal>"
46216760418.3102,2,1,64,36,,,,,,,,,"7/13/2026 6:15:00 PM","Wagon to start position","HMI_Connection_2"
46216760441.0301,2,0,64,37,,,,,,,,,"7/13/2026 6:15:02 PM","Wagon waiting for Feeder","HMI_Connection_2"
46216760441.0301,2,0,64,72,,,,,,,,,"7/13/2026 6:15:02 PM","Unwinder Material Tension","HMI_Connection_2"
46216760452.6042,2,1,64,74,"46","15",,,,,,,"7/13/2026 6:15:03 PM","Deployment in Progress - Layer Nr. 46 Matt. No.15","HMI_Connection_2"
46216760475.7639,2,1,64,149,,,,,,,,,"7/13/2026 6:15:05 PM","Cutting Unit - Cut startet","HMI_Connection_2"
46216760475.7639,2,0,64,36,,,,,,,,,"7/13/2026 6:15:05 PM","Wagon to start position","HMI_Connection_2"
46216760487.3264,2,1,64,150,,,,,,,,,"7/13/2026 6:15:06 PM","Cutting Unit - Cut finished","HMI_Connection_2"
46216760499.3519,2,0,64,74,"46","15",,,,,,,"7/13/2026 6:15:07 PM","Deployment in Progress - Layer Nr. 46 Matt. No.15","HMI_Connection_2"
46216760510.5556,2,0,64,149,,,,,,,,,"7/13/2026 6:15:08 PM","Cutting Unit - Cut startet","HMI_Connection_2"
46216760510.5556,2,0,64,150,,,,,,,,,"7/13/2026 6:15:08 PM","Cutting Unit - Cut finished","HMI_Connection_2"
46216760516.25,2,0,65,2000,"47","48",,,,,,,"7/13/2026 6:15:09 PM","Layer Nr:47 Next Layer Nr : 48  ","<internal>"
46216760522.0486,2,1,64,36,,,,,,,,,"7/13/2026 6:15:09 PM","Wagon to start position","HMI_Connection_2"
46216760522.0486,2,1,64,37,,,,,,,,,"7/13/2026 6:15:09 PM","Wagon waiting for Feeder","HMI_Connection_2"
46216760522.0486,2,1,64,72,,,,,,,,,"7/13/2026 6:15:09 PM","Unwinder Material Tension","HMI_Connection_2"
46216760556.7708,2,0,64,37,,,,,,,,,"7/13/2026 6:15:12 PM","Wagon waiting for Feeder","HMI_Connection_2"
46216760556.7708,2,0,64,72,,,,,,,,,"7/13/2026 6:15:12 PM","Unwinder Material Tension","HMI_Connection_2"
46216760556.7708,2,1,64,74,"47","14",,,,,,,"7/13/2026 6:15:12 PM","Deployment in Progress - Layer Nr. 47 Matt. No.14","HMI_Connection_2"
46216760579.9421,2,1,64,149,,,,,,,,,"7/13/2026 6:15:14 PM","Cutting Unit - Cut startet","HMI_Connection_2"
46216760579.9421,2,0,64,36,,,,,,,,,"7/13/2026 6:15:14 PM","Wagon to start position","HMI_Connection_2"
46216760603.5301,2,1,64,150,,,,,,,,,"7/13/2026 6:15:16 PM","Cutting Unit - Cut finished","HMI_Connection_2"
46216760615.0579,2,0,64,74,"47","14",,,,,,,"7/13/2026 6:15:17 PM","Deployment in Progress - Layer Nr. 47 Matt. No.14","HMI_Connection_2"
46216760626.2153,2,0,64,149,,,,,,,,,"7/13/2026 6:15:18 PM","Cutting Unit - Cut startet","HMI_Connection_2"
46216760626.2153,2,0,64,150,,,,,,,,,"7/13/2026 6:15:18 PM","Cutting Unit - Cut finished","HMI_Connection_2"
46216760632.0139,2,1,65,2000,"48","49",,,,,,,"7/13/2026 6:15:19 PM","Layer Nr:48 Next Layer Nr : 49  ","<internal>"
46216760638.2523,2,1,64,36,,,,,,,,,"7/13/2026 6:15:19 PM","Wagon to start position","HMI_Connection_2"
46216760638.2523,2,1,64,37,,,,,,,,,"7/13/2026 6:15:19 PM","Wagon waiting for Feeder","HMI_Connection_2"
46216760638.2523,2,1,64,72,,,,,,,,,"7/13/2026 6:15:19 PM","Unwinder Material Tension","HMI_Connection_2"
46216760661.3773,2,0,64,37,,,,,,,,,"7/13/2026 6:15:21 PM","Wagon waiting for Feeder","HMI_Connection_2"
46216760661.3773,2,0,64,72,,,,,,,,,"7/13/2026 6:15:21 PM","Unwinder Material Tension","HMI_Connection_2"
46216760672.5347,2,1,64,74,"48","13",,,,,,,"7/13/2026 6:15:22 PM","Deployment in Progress - Layer Nr. 48 Matt. No.13","HMI_Connection_2"
46216760695.6713,2,1,64,149,,,,,,,,,"7/13/2026 6:15:24 PM","Cutting Unit - Cut startet","HMI_Connection_2"
46216760695.6713,2,0,64,36,,,,,,,,,"7/13/2026 6:15:24 PM","Wagon to start position","HMI_Connection_2"
46216760719.213,2,1,64,150,,,,,,,,,"7/13/2026 6:15:26 PM","Cutting Unit - Cut finished","HMI_Connection_2"
46216760719.213,2,0,64,74,"48","13",,,,,,,"7/13/2026 6:15:26 PM","Deployment in Progress - Layer Nr. 48 Matt. No.13","HMI_Connection_2"
46216760741.9792,2,0,64,149,,,,,,,,,"7/13/2026 6:15:28 PM","Cutting Unit - Cut startet","HMI_Connection_2"
46216760741.9792,2,0,64,150,,,,,,,,,"7/13/2026 6:15:28 PM","Cutting Unit - Cut finished","HMI_Connection_2"
46216760741.9792,2,1,64,37,,,,,,,,,"7/13/2026 6:15:28 PM","Wagon waiting for Feeder","HMI_Connection_2"
46216760741.9792,2,1,64,72,,,,,,,,,"7/13/2026 6:15:28 PM","Unwinder Material Tension","HMI_Connection_2"
46216760742.0718,2,0,65,2000,"49","50",,,,,,,"7/13/2026 6:15:28 PM","Layer Nr:49 Next Layer Nr : 50  ","<internal>"
46216760753.9583,2,1,64,36,,,,,,,,,"7/13/2026 6:15:29 PM","Wagon to start position","HMI_Connection_2"
46216760776.713,2,0,64,37,,,,,,,,,"7/13/2026 6:15:31 PM","Wagon waiting for Feeder","HMI_Connection_2"
46216760776.713,2,0,64,72,,,,,,,,,"7/13/2026 6:15:31 PM","Unwinder Material Tension","HMI_Connection_2"
46216760776.713,2,1,64,74,"49","12",,,,,,,"7/13/2026 6:15:31 PM","Deployment in Progress - Layer Nr. 49 Matt. No.12","HMI_Connection_2"
46216760799.8611,2,1,64,149,,,,,,,,,"7/13/2026 6:15:33 PM","Cutting Unit - Cut startet","HMI_Connection_2"
46216760799.8611,2,0,64,36,,,,,,,,,"7/13/2026 6:15:33 PM","Wagon to start position","HMI_Connection_2"
46216760823.3912,2,1,64,150,,,,,,,,,"7/13/2026 6:15:35 PM","Cutting Unit - Cut finished","HMI_Connection_2"
46216760834.9884,2,0,64,74,"49","12",,,,,,,"7/13/2026 6:15:36 PM","Deployment in Progress - Layer Nr. 49 Matt. No.12","HMI_Connection_2"
46216760846.1458,2,0,64,149,,,,,,,,,"7/13/2026 6:15:37 PM","Cutting Unit - Cut startet","HMI_Connection_2"
46216760846.1458,2,0,64,150,,,,,,,,,"7/13/2026 6:15:37 PM","Cutting Unit - Cut finished","HMI_Connection_2"
46216760851.9213,2,1,65,2000,"50","51",,,,,,,"7/13/2026 6:15:38 PM","Layer Nr:50 Next Layer Nr : 51  ","<internal>"
46216760857.7199,2,1,64,37,,,,,,,,,"7/13/2026 6:15:38 PM","Wagon waiting for Feeder","HMI_Connection_2"
46216760857.7199,2,1,64,72,,,,,,,,,"7/13/2026 6:15:38 PM","Unwinder Material Tension","HMI_Connection_2"
46216760869.3056,2,1,64,36,,,,,,,,,"7/13/2026 6:15:39 PM","Wagon to start position","HMI_Connection_2"
46216760869.3056,2,1,64,112,,,,,,,,,"7/13/2026 6:15:39 PM","Lowering Pallet","HMI_Connection_2"
46216760881.3079,2,0,64,37,,,,,,,,,"7/13/2026 6:15:40 PM","Wagon waiting for Feeder","HMI_Connection_2"
46216760881.3079,2,0,64,72,,,,,,,,,"7/13/2026 6:15:40 PM","Unwinder Material Tension","HMI_Connection_2"
46216760904.0278,2,1,64,74,"50","11",,,,,,,"7/13/2026 6:15:42 PM","Deployment in Progress - Layer Nr. 50 Matt. No.11","HMI_Connection_2"
46216760915.5903,2,0,64,36,,,,,,,,,"7/13/2026 6:15:43 PM","Wagon to start position","HMI_Connection_2"
46216760915.5903,2,0,64,112,,,,,,,,,"7/13/2026 6:15:43 PM","Lowering Pallet","HMI_Connection_2"
46216760927.1644,2,1,64,149,,,,,,,,,"7/13/2026 6:15:44 PM","Cutting Unit - Cut startet","HMI_Connection_2"
46216760938.75,2,0,64,74,"50","11",,,,,,,"7/13/2026 6:15:45 PM","Deployment in Progress - Layer Nr. 50 Matt. No.11","HMI_Connection_2"
46216760950.7639,2,1,64,150,,,,,,,,,"7/13/2026 6:15:46 PM","Cutting Unit - Cut finished","HMI_Connection_2"
46216760962.3611,2,0,64,149,,,,,,,,,"7/13/2026 6:15:47 PM","Cutting Unit - Cut startet","HMI_Connection_2"
46216760962.3611,2,0,64,150,,,,,,,,,"7/13/2026 6:15:47 PM","Cutting Unit - Cut finished","HMI_Connection_2"
46216760967.6736,2,0,65,2000,"50","51",,,,,,,"7/13/2026 6:15:48 PM","Layer Nr:50 Next Layer Nr : 51  ","<internal>"
46216760973.4838,2,1,64,37,,,,,,,,,"7/13/2026 6:15:48 PM","Wagon waiting for Feeder","HMI_Connection_2"
46216760973.4838,2,1,64,72,,,,,,,,,"7/13/2026 6:15:48 PM","Unwinder Material Tension","HMI_Connection_2"
46216760985.4745,2,1,64,36,,,,,,,,,"7/13/2026 6:15:49 PM","Wagon to start position","HMI_Connection_2"
46216761008.206,2,0,64,37,,,,,,,,,"7/13/2026 6:15:51 PM","Wagon waiting for Feeder","HMI_Connection_2"
46216761008.206,2,0,64,72,,,,,,,,,"7/13/2026 6:15:51 PM","Unwinder Material Tension","HMI_Connection_2"
46216761008.206,2,1,64,74,"51","10",,,,,,,"7/13/2026 6:15:51 PM","Deployment in Progress - Layer Nr. 51 Matt. No.10","HMI_Connection_2"
46216761031.3426,2,1,64,149,,,,,,,,,"7/13/2026 6:15:53 PM","Cutting Unit - Cut startet","HMI_Connection_2"
46216761031.3426,2,0,64,36,,,,,,,,,"7/13/2026 6:15:53 PM","Wagon to start position","HMI_Connection_2"
46216761054.919,2,1,64,150,,,,,,,,,"7/13/2026 6:15:55 PM","Cutting Unit - Cut finished","HMI_Connection_2"
46216761066.5162,2,0,64,74,"51","10",,,,,,,"7/13/2026 6:15:56 PM","Deployment in Progress - Layer Nr. 51 Matt. No.10","HMI_Connection_2"
46216761077.6505,2,0,64,149,,,,,,,,,"7/13/2026 6:15:57 PM","Cutting Unit - Cut startet","HMI_Connection_2"
46216761077.6505,2,0,64,150,,,,,,,,,"7/13/2026 6:15:57 PM","Cutting Unit - Cut finished","HMI_Connection_2"
46216761083.4028,2,1,65,2000,"52","53",,,,,,,"7/13/2026 6:15:58 PM","Layer Nr:52 Next Layer Nr : 53  ","<internal>"
46216761089.6412,2,1,64,36,,,,,,,,,"7/13/2026 6:15:58 PM","Wagon to start position","HMI_Connection_2"
46216761089.6412,2,1,64,37,,,,,,,,,"7/13/2026 6:15:58 PM","Wagon waiting for Feeder","HMI_Connection_2"
46216761089.6412,2,1,64,72,,,,,,,,,"7/13/2026 6:15:58 PM","Unwinder Material Tension","HMI_Connection_2"
46216761112.7662,2,0,64,37,,,,,,,,,"7/13/2026 6:16:00 PM","Wagon waiting for Feeder","HMI_Connection_2"
46216761112.7662,2,0,64,72,,,,,,,,,"7/13/2026 6:16:00 PM","Unwinder Material Tension","HMI_Connection_2"
46216761123.9352,2,1,64,74,"52","9",,,,,,,"7/13/2026 6:16:01 PM","Deployment in Progress - Layer Nr. 52 Matt. No.9","HMI_Connection_2"
46216761147.0949,2,1,64,149,,,,,,,,,"7/13/2026 6:16:03 PM","Cutting Unit - Cut startet","HMI_Connection_2"
46216761147.0949,2,0,64,36,,,,,,,,,"7/13/2026 6:16:03 PM","Wagon to start position","HMI_Connection_2"
46216761170.6944,2,1,64,150,,,,,,,,,"7/13/2026 6:16:05 PM","Cutting Unit - Cut finished","HMI_Connection_2"
46216761170.6944,2,0,64,74,"52","9",,,,,,,"7/13/2026 6:16:05 PM","Deployment in Progress - Layer Nr. 52 Matt. No.9","HMI_Connection_2"
46216761182.2222,2,0,64,149,,,,,,,,,"7/13/2026 6:16:06 PM","Cutting Unit - Cut startet","HMI_Connection_2"
46216761182.2222,2,0,64,150,,,,,,,,,"7/13/2026 6:16:06 PM","Cutting Unit - Cut finished","HMI_Connection_2"
46216761193.3796,2,1,64,37,,,,,,,,,"7/13/2026 6:16:07 PM","Wagon waiting for Feeder","HMI_Connection_2"
46216761193.3796,2,1,64,72,,,,,,,,,"7/13/2026 6:16:07 PM","Unwinder Material Tension","HMI_Connection_2"
46216761193.4722,2,0,65,2000,"53","54",,,,,,,"7/13/2026 6:16:07 PM","Layer Nr:53 Next Layer Nr : 54  ","<internal>"
46216761205.4167,2,1,64,36,,,,,,,,,"7/13/2026 6:16:08 PM","Wagon to start position","HMI_Connection_2"
46216761228.125,2,0,64,37,,,,,,,,,"7/13/2026 6:16:10 PM","Wagon waiting for Feeder","HMI_Connection_2"
46216761228.125,2,0,64,72,,,,,,,,,"7/13/2026 6:16:10 PM","Unwinder Material Tension","HMI_Connection_2"
46216761228.125,2,1,64,74,"53","8",,,,,,,"7/13/2026 6:16:10 PM","Deployment in Progress - Layer Nr. 53 Matt. No.8","HMI_Connection_2"
46216761251.2616,2,0,64,36,,,,,,,,,"7/13/2026 6:16:12 PM","Wagon to start position","HMI_Connection_2"
46216761262.8241,2,1,64,149,,,,,,,,,"7/13/2026 6:16:13 PM","Cutting Unit - Cut startet","HMI_Connection_2"
46216761274.4097,2,1,64,150,,,,,,,,,"7/13/2026 6:16:14 PM","Cutting Unit - Cut finished","HMI_Connection_2"
46216761286.3889,2,0,64,74,"53","8",,,,,,,"7/13/2026 6:16:15 PM","Deployment in Progress - Layer Nr. 53 Matt. No.8","HMI_Connection_2"
46216761297.5463,2,0,64,149,,,,,,,,,"7/13/2026 6:16:16 PM","Cutting Unit - Cut startet","HMI_Connection_2"
46216761297.5463,2,0,64,150,,,,,,,,,"7/13/2026 6:16:16 PM","Cutting Unit - Cut finished","HMI_Connection_2"
46216761303.3449,2,1,65,2000,"54","55",,,,,,,"7/13/2026 6:16:17 PM","Layer Nr:54 Next Layer Nr : 55  ","<internal>"
46216761309.1319,2,1,64,36,,,,,,,,,"7/13/2026 6:16:17 PM","Wagon to start position","HMI_Connection_2"
46216761309.1319,2,1,64,37,,,,,,,,,"7/13/2026 6:16:17 PM","Wagon waiting for Feeder","HMI_Connection_2"
46216761309.1319,2,1,64,72,,,,,,,,,"7/13/2026 6:16:17 PM","Unwinder Material Tension","HMI_Connection_2"
46216761332.7083,2,0,64,37,,,,,,,,,"7/13/2026 6:16:19 PM","Wagon waiting for Feeder","HMI_Connection_2"
46216761332.7083,2,0,64,72,,,,,,,,,"7/13/2026 6:16:19 PM","Unwinder Material Tension","HMI_Connection_2"
46216761343.8657,2,1,64,74,"54","7",,,,,,,"7/13/2026 6:16:20 PM","Deployment in Progress - Layer Nr. 54 Matt. No.7","HMI_Connection_2"
46216761367.0139,2,1,64,149,,,,,,,,,"7/13/2026 6:16:22 PM","Cutting Unit - Cut startet","HMI_Connection_2"
46216761367.0139,2,0,64,36,,,,,,,,,"7/13/2026 6:16:22 PM","Wagon to start position","HMI_Connection_2"
46216761390.5556,2,1,64,150,,,,,,,,,"7/13/2026 6:16:24 PM","Cutting Unit - Cut finished","HMI_Connection_2"
46216761402.1528,2,0,64,74,"54","7",,,,,,,"7/13/2026 6:16:25 PM","Deployment in Progress - Layer Nr. 54 Matt. No.7","HMI_Connection_2"
46216761413.3102,2,0,64,149,,,,,,,,,"7/13/2026 6:16:26 PM","Cutting Unit - Cut startet","HMI_Connection_2"
46216761413.3102,2,0,64,150,,,,,,,,,"7/13/2026 6:16:26 PM","Cutting Unit - Cut finished","HMI_Connection_2"
46216761413.3102,2,1,64,37,,,,,,,,,"7/13/2026 6:16:26 PM","Wagon waiting for Feeder","HMI_Connection_2"
46216761413.3102,2,1,64,72,,,,,,,,,"7/13/2026 6:16:26 PM","Unwinder Material Tension","HMI_Connection_2"
46216761413.4028,2,0,65,2000,"55","56",,,,,,,"7/13/2026 6:16:26 PM","Layer Nr:55 Next Layer Nr : 56  ","<internal>"
46216761436.875,2,1,64,36,,,,,,,,,"7/13/2026 6:16:28 PM","Wagon to start position","HMI_Connection_2"
46216761436.875,2,1,64,112,,,,,,,,,"7/13/2026 6:16:28 PM","Lowering Pallet","HMI_Connection_2"
46216761448.4722,2,0,64,37,,,,,,,,,"7/13/2026 6:16:29 PM","Wagon waiting for Feeder","HMI_Connection_2"
46216761448.4722,2,0,64,72,,,,,,,,,"7/13/2026 6:16:29 PM","Unwinder Material Tension","HMI_Connection_2"
46216761471.1921,2,1,64,74,"55","6",,,,,,,"7/13/2026 6:16:31 PM","Deployment in Progress - Layer Nr. 55 Matt. No.6","HMI_Connection_2"
46216761482.7546,2,1,64,149,,,,,,,,,"7/13/2026 6:16:32 PM","Cutting Unit - Cut startet","HMI_Connection_2"
46216761482.7546,2,0,64,36,,,,,,,,,"7/13/2026 6:16:32 PM","Wagon to start position","HMI_Connection_2"
46216761482.7546,2,0,64,112,,,,,,,,,"7/13/2026 6:16:32 PM","Lowering Pallet","HMI_Connection_2"
46216761505.9144,2,1,64,150,,,,,,,,,"7/13/2026 6:16:34 PM","Cutting Unit - Cut finished","HMI_Connection_2"
46216761505.9144,2,0,64,74,"55","6",,,,,,,"7/13/2026 6:16:34 PM","Deployment in Progress - Layer Nr. 55 Matt. No.6","HMI_Connection_2"
46216761529.0509,2,0,64,149,,,,,,,,,"7/13/2026 6:16:36 PM","Cutting Unit - Cut startet","HMI_Connection_2"
46216761529.0509,2,0,64,150,,,,,,,,,"7/13/2026 6:16:36 PM","Cutting Unit - Cut finished","HMI_Connection_2"
46216761534.8495,2,1,65,2000,"56","57",,,,,,,"7/13/2026 6:16:37 PM","Layer Nr:56 Next Layer Nr : 57  ","<internal>"
46216761541.0532,2,1,64,36,,,,,,,,,"7/13/2026 6:16:37 PM","Wagon to start position","HMI_Connection_2"
46216761541.0532,2,1,64,37,,,,,,,,,"7/13/2026 6:16:37 PM","Wagon waiting for Feeder","HMI_Connection_2"
46216761541.0532,2,1,64,72,,,,,,,,,"7/13/2026 6:16:37 PM","Unwinder Material Tension","HMI_Connection_2"
46216761564.2477,2,0,64,37,,,,,,,,,"7/13/2026 6:16:39 PM","Wagon waiting for Feeder","HMI_Connection_2"
46216761564.2477,2,0,64,72,,,,,,,,,"7/13/2026 6:16:39 PM","Unwinder Material Tension","HMI_Connection_2"
46216761575.3704,2,1,64,74,"56","5",,,,,,,"7/13/2026 6:16:40 PM","Deployment in Progress - Layer Nr. 56 Matt. No.5","HMI_Connection_2"
46216761598.4954,2,1,64,149,,,,,,,,,"7/13/2026 6:16:42 PM","Cutting Unit - Cut startet","HMI_Connection_2"
46216761598.4954,2,0,64,36,,,,,,,,,"7/13/2026 6:16:42 PM","Wagon to start position","HMI_Connection_2"
46216761622.0949,2,1,64,150,,,,,,,,,"7/13/2026 6:16:44 PM","Cutting Unit - Cut finished","HMI_Connection_2"
46216761633.6921,2,0,64,74,"56","5",,,,,,,"7/13/2026 6:16:45 PM","Deployment in Progress - Layer Nr. 56 Matt. No.5","HMI_Connection_2"
46216761644.8148,2,0,64,149,,,,,,,,,"7/13/2026 6:16:46 PM","Cutting Unit - Cut startet","HMI_Connection_2"
46216761644.8148,2,0,64,150,,,,,,,,,"7/13/2026 6:16:46 PM","Cutting Unit - Cut finished","HMI_Connection_2"
46216761644.8843,2,0,65,2000,"57","58",,,,,,,"7/13/2026 6:16:46 PM","Layer Nr:57 Next Layer Nr : 58  ","<internal>"
46216761656.8056,2,1,64,36,,,,,,,,,"7/13/2026 6:16:47 PM","Wagon to start position","HMI_Connection_2"
46216761656.8056,2,1,64,37,,,,,,,,,"7/13/2026 6:16:47 PM","Wagon waiting for Feeder","HMI_Connection_2"
46216761656.8056,2,1,64,72,,,,,,,,,"7/13/2026 6:16:47 PM","Unwinder Material Tension","HMI_Connection_2"
46216761679.537,2,0,64,37,,,,,,,,,"7/13/2026 6:16:49 PM","Wagon waiting for Feeder","HMI_Connection_2"
46216761679.537,2,0,64,72,,,,,,,,,"7/13/2026 6:16:49 PM","Unwinder Material Tension","HMI_Connection_2"
46216761691.0995,2,1,64,74,"57","4",,,,,,,"7/13/2026 6:16:50 PM","Deployment in Progress - Layer Nr. 57 Matt. No.4","HMI_Connection_2"
46216761714.2593,2,1,64,149,,,,,,,,,"7/13/2026 6:16:52 PM","Cutting Unit - Cut startet","HMI_Connection_2"
46216761714.2593,2,0,64,36,,,,,,,,,"7/13/2026 6:16:52 PM","Wagon to start position","HMI_Connection_2"
46216761725.8218,2,1,64,150,,,,,,,,,"7/13/2026 6:16:53 PM","Cutting Unit - Cut finished","HMI_Connection_2"
46216761737.8588,2,0,64,74,"57","4",,,,,,,"7/13/2026 6:16:54 PM","Deployment in Progress - Layer Nr. 57 Matt. No.4","HMI_Connection_2"
46216761749.3866,2,0,64,149,,,,,,,,,"7/13/2026 6:16:55 PM","Cutting Unit - Cut startet","HMI_Connection_2"
46216761749.3866,2,0,64,150,,,,,,,,,"7/13/2026 6:16:55 PM","Cutting Unit - Cut finished","HMI_Connection_2"
46216761755.1852,2,1,65,2000,"57","58",,,,,,,"7/13/2026 6:16:56 PM","Layer Nr:57 Next Layer Nr : 58  ","<internal>"
46216763181.1921,2,0,65,1003,"58",,,,,,,,"7/13/2026 6:18:59 PM","Start layer - Nr: 58","<internal>"
46216763233.0903,2,1,65,1003,"58",,,,,,,,"7/13/2026 6:19:03 PM","Start layer - Nr: 58","<internal>"
46216763242.2107,2,1,64,37,,,,,,,,,"7/13/2026 6:19:04 PM","Wagon waiting for Feeder","HMI_Connection_2"
46216763242.2107,2,1,64,72,,,,,,,,,"7/13/2026 6:19:04 PM","Unwinder Material Tension","HMI_Connection_2"
46216763254.213,2,1,64,36,,,,,,,,,"7/13/2026 6:19:05 PM","Wagon to start position","HMI_Connection_2"
46216763277.1296,2,0,64,37,,,,,,,,,"7/13/2026 6:19:07 PM","Wagon waiting for Feeder","HMI_Connection_2"
46216763277.1296,2,0,64,72,,,,,,,,,"7/13/2026 6:19:07 PM","Unwinder Material Tension","HMI_Connection_2"
46216763288.4954,2,1,64,74,"58","1",,,,,,,"7/13/2026 6:19:08 PM","Deployment in Progress - Layer Nr. 58 Matt. No.1","HMI_Connection_2"
46216763300.081,2,0,64,36,,,,,,,,,"7/13/2026 6:19:09 PM","Wagon to start position","HMI_Connection_2"
46216763311.6551,2,1,64,149,,,,,,,,,"7/13/2026 6:19:10 PM","Cutting Unit - Cut startet","HMI_Connection_2"
46216763335.2431,2,1,64,150,,,,,,,,,"7/13/2026 6:19:12 PM","Cutting Unit - Cut finished","HMI_Connection_2"
46216763335.2431,2,0,64,74,"58","1",,,,,,,"7/13/2026 6:19:12 PM","Deployment in Progress - Layer Nr. 58 Matt. No.1","HMI_Connection_2"
46216763357.963,2,0,64,149,,,,,,,,,"7/13/2026 6:19:14 PM","Cutting Unit - Cut startet","HMI_Connection_2"
46216763357.963,2,0,64,150,,,,,,,,,"7/13/2026 6:19:14 PM","Cutting Unit - Cut finished","HMI_Connection_2"
46216763357.963,2,1,64,37,,,,,,,,,"7/13/2026 6:19:14 PM","Wagon waiting for Feeder","HMI_Connection_2"
46216763357.963,2,1,64,72,,,,,,,,,"7/13/2026 6:19:14 PM","Unwinder Material Tension","HMI_Connection_2"
46216763358.0556,2,0,65,2000,"59","60",,,,,,,"7/13/2026 6:19:14 PM","Layer Nr:59 Next Layer Nr : 60  ","<internal>"
46216763369.9769,2,1,64,36,,,,,,,,,"7/13/2026 6:19:15 PM","Wagon to start position","HMI_Connection_2"
46216763392.6968,2,0,64,37,,,,,,,,,"7/13/2026 6:19:17 PM","Wagon waiting for Feeder","HMI_Connection_2"
46216763392.6968,2,0,64,72,,,,,,,,,"7/13/2026 6:19:17 PM","Unwinder Material Tension","HMI_Connection_2"
46216763392.6968,2,1,64,74,"59","2",,,,,,,"7/13/2026 6:19:17 PM","Deployment in Progress - Layer Nr. 59 Matt. No.2","HMI_Connection_2"
46216763415.8333,2,1,64,149,,,,,,,,,"7/13/2026 6:19:19 PM","Cutting Unit - Cut startet","HMI_Connection_2"
46216763415.8333,2,0,64,36,,,,,,,,,"7/13/2026 6:19:19 PM","Wagon to start position","HMI_Connection_2"
46216763438.9815,2,1,64,150,,,,,,,,,"7/13/2026 6:19:21 PM","Cutting Unit - Cut finished","HMI_Connection_2"
46216763450.9491,2,0,64,74,"59","2",,,,,,,"7/13/2026 6:19:22 PM","Deployment in Progress - Layer Nr. 59 Matt. No.2","HMI_Connection_2"
46216763462.1412,2,0,64,149,,,,,,,,,"7/13/2026 6:19:23 PM","Cutting Unit - Cut startet","HMI_Connection_2"
46216763462.1412,2,0,64,150,,,,,,,,,"7/13/2026 6:19:23 PM","Cutting Unit - Cut finished","HMI_Connection_2"
46216763467.9051,2,1,65,2000,"60","0",,,,,,,"7/13/2026 6:19:24 PM","Layer Nr:60 Next Layer Nr : 0  ","<internal>"
46216763473.7037,2,1,64,37,,,,,,,,,"7/13/2026 6:19:24 PM","Wagon waiting for Feeder","HMI_Connection_2"
46216763473.7037,2,1,64,72,,,,,,,,,"7/13/2026 6:19:24 PM","Unwinder Material Tension","HMI_Connection_2"
46216763485.2894,2,1,64,112,,,,,,,,,"7/13/2026 6:19:25 PM","Lowering Pallet","HMI_Connection_2"
46216763497.2685,2,1,64,36,,,,,,,,,"7/13/2026 6:19:26 PM","Wagon to start position","HMI_Connection_2"
46216763508.8657,2,0,64,37,,,,,,,,,"7/13/2026 6:19:27 PM","Wagon waiting for Feeder","HMI_Connection_2"
46216763508.8657,2,0,64,72,,,,,,,,,"7/13/2026 6:19:27 PM","Unwinder Material Tension","HMI_Connection_2"
46216763520.0116,2,1,64,74,"60","3",,,,,,,"7/13/2026 6:19:28 PM","Deployment in Progress - Layer Nr. 60 Matt. No.3","HMI_Connection_2"
46216763531.5856,2,0,64,36,,,,,,,,,"7/13/2026 6:19:29 PM","Wagon to start position","HMI_Connection_2"
46216763531.5856,2,0,64,112,,,,,,,,,"7/13/2026 6:19:29 PM","Lowering Pallet","HMI_Connection_2"
46216763543.1481,2,1,64,149,,,,,,,,,"7/13/2026 6:19:30 PM","Cutting Unit - Cut startet","HMI_Connection_2"
46216763566.7245,2,1,64,150,,,,,,,,,"7/13/2026 6:19:32 PM","Cutting Unit - Cut finished","HMI_Connection_2"
46216763566.7245,2,0,64,74,"60","3",,,,,,,"7/13/2026 6:19:32 PM","Deployment in Progress - Layer Nr. 60 Matt. No.3","HMI_Connection_2"
46216763589.919,2,0,64,149,,,,,,,,,"7/13/2026 6:19:34 PM","Cutting Unit - Cut startet","HMI_Connection_2"
46216763589.919,2,0,64,150,,,,,,,,,"7/13/2026 6:19:34 PM","Cutting Unit - Cut finished","HMI_Connection_2"
46216763624.5949,2,1,64,125,,,,,,,,,"7/13/2026 6:19:37 PM","EndLayer finished","HMI_Connection_2"
46216763657.7546,2,1,65,1017,,,,,,,,,"7/13/2026 6:19:40 PM",,"<internal>"
46216763658.9468,2,0,64,125,,,,,,,,,"7/13/2026 6:19:40 PM","EndLayer finished","HMI_Connection_2"
46216771503.588,2,0,65,1017,,,,,,,,,"7/13/2026 6:30:58 PM",,"<internal>"
46216771566.6898,2,0,65,1022,,,,,,,,,"7/13/2026 6:31:03 PM",,"<internal>"
46216771602.7431,2,1,65,1006,,,,,,,,,"7/13/2026 6:31:06 PM","Start","<internal>"
46216771678.2639,2,0,65,1003,"0",,,,,,,,"7/13/2026 6:31:13 PM","Start layer - Nr: 0","<internal>"
46216771686.0417,2,0,65,2000,"975","976",,,,,,,"7/13/2026 6:31:14 PM","Layer Nr:975 Next Layer Nr : 976  ","<internal>"
46216771691.8403,2,1,64,73,,,,,,,,,"7/13/2026 6:31:14 PM","+A11.G4: Waiting for Pallet out","HMI_Connection_2"
46216771703.4028,2,1,64,43,,,,,,,,,"7/13/2026 6:31:15 PM","+A11.G4: Waiting for Pallet","HMI_Connection_2"
46216771703.4028,2,0,64,73,,,,,,,,,"7/13/2026 6:31:15 PM","+A11.G4: Waiting for Pallet out","HMI_Connection_2"
46216771749.7106,2,0,64,43,,,,,,,,,"7/13/2026 6:31:19 PM","+A11.G4: Waiting for Pallet","HMI_Connection_2"
46216771981.2037,2,1,64,37,,,,,,,,,"7/13/2026 6:31:39 PM","Wagon waiting for Feeder","HMI_Connection_2"
46216771981.2037,2,1,64,72,,,,,,,,,"7/13/2026 6:31:39 PM","Unwinder Material Tension","HMI_Connection_2"
46216771993.5301,2,1,64,36,,,,,,,,,"7/13/2026 6:31:40 PM","Wagon to start position","HMI_Connection_2"
46216772016.8634,2,0,64,37,,,,,,,,,"7/13/2026 6:31:42 PM","Wagon waiting for Feeder","HMI_Connection_2"
46216772016.8634,2,0,64,72,,,,,,,,,"7/13/2026 6:31:42 PM","Unwinder Material Tension","HMI_Connection_2"
46216772039.0741,2,1,64,37,,,,,,,,,"7/13/2026 6:31:44 PM","Wagon waiting for Feeder","HMI_Connection_2"
46216772039.0741,2,1,64,74,"975","39",,,,,,,"7/13/2026 6:31:44 PM","Deployment in Progress - Layer Nr. 975 Matt. No.39","HMI_Connection_2"
46216772050.6597,2,0,64,36,,,,,,,,,"7/13/2026 6:31:45 PM","Wagon to start position","HMI_Connection_2"
46216772085.3935,2,0,64,37,,,,,,,,,"7/13/2026 6:31:48 PM","Wagon waiting for Feeder","HMI_Connection_2"
46216772085.3935,2,0,64,74,"975","39",,,,,,,"7/13/2026 6:31:48 PM","Deployment in Progress - Layer Nr. 975 Matt. No.39","HMI_Connection_2"
46216772201.1227,2,1,64,149,,,,,,,,,"7/13/2026 6:31:58 PM","Cutting Unit - Cut startet","HMI_Connection_2"
46216772224.6412,2,1,64,150,,,,,,,,,"7/13/2026 6:32:00 PM","Cutting Unit - Cut finished","HMI_Connection_2"
46216772235.8449,2,0,64,149,,,,,,,,,"7/13/2026 6:32:01 PM","Cutting Unit - Cut startet","HMI_Connection_2"
46216772235.8449,2,0,64,150,,,,,,,,,"7/13/2026 6:32:01 PM","Cutting Unit - Cut finished","HMI_Connection_2"
46216772235.8449,2,1,64,37,,,,,,,,,"7/13/2026 6:32:01 PM","Wagon waiting for Feeder","HMI_Connection_2"
46216772235.8449,2,1,64,72,,,,,,,,,"7/13/2026 6:32:01 PM","Unwinder Material Tension","HMI_Connection_2"
46216772235.9375,2,1,65,2000,"976","977",,,,,,,"7/13/2026 6:32:01 PM","Layer Nr:976 Next Layer Nr : 977  ","<internal>"
46216772259.0046,2,1,64,112,,,,,,,,,"7/13/2026 6:32:03 PM","Lowering Pallet","HMI_Connection_2"
46216772270.5787,2,1,64,36,,,,,,,,,"7/13/2026 6:32:04 PM","Wagon to start position","HMI_Connection_2"
46216772270.5787,2,0,64,72,,,,,,,,,"7/13/2026 6:32:04 PM","Unwinder Material Tension","HMI_Connection_2"
46216772294.1667,2,0,64,112,,,,,,,,,"7/13/2026 6:32:06 PM","Lowering Pallet","HMI_Connection_2"
46216772305.3009,2,1,64,74,"976","38",,,,,,,"7/13/2026 6:32:07 PM","Deployment in Progress - Layer Nr. 976 Matt. No.38","HMI_Connection_2"
46216772328.4606,2,0,64,36,,,,,,,,,"7/13/2026 6:32:09 PM","Wagon to start position","HMI_Connection_2"
46216772328.4606,2,0,64,37,,,,,,,,,"7/13/2026 6:32:09 PM","Wagon waiting for Feeder","HMI_Connection_2"
46216772351.5972,2,0,64,74,"976","38",,,,,,,"7/13/2026 6:32:11 PM","Deployment in Progress - Layer Nr. 976 Matt. No.38","HMI_Connection_2"
46216772467.3611,2,1,64,149,,,,,,,,,"7/13/2026 6:32:21 PM","Cutting Unit - Cut startet","HMI_Connection_2"
46216772490.9028,2,1,64,150,,,,,,,,,"7/13/2026 6:32:23 PM","Cutting Unit - Cut finished","HMI_Connection_2"
46216772502.1528,2,0,65,2000,"977","978",,,,,,,"7/13/2026 6:32:24 PM","Layer Nr:977 Next Layer Nr : 978  ","<internal>"
46216772513.6458,2,0,64,149,,,,,,,,,"7/13/2026 6:32:25 PM","Cutting Unit - Cut startet","HMI_Connection_2"
46216772513.6458,2,0,64,150,,,,,,,,,"7/13/2026 6:32:25 PM","Cutting Unit - Cut finished","HMI_Connection_2"
46216772513.6458,2,1,64,37,,,,,,,,,"7/13/2026 6:32:25 PM","Wagon waiting for Feeder","HMI_Connection_2"
46216772513.6458,2,1,64,72,,,,,,,,,"7/13/2026 6:32:25 PM","Unwinder Material Tension","HMI_Connection_2"
46216772525.625,2,1,64,36,,,,,,,,,"7/13/2026 6:32:26 PM","Wagon to start position","HMI_Connection_2"
46216772525.625,2,1,64,112,,,,,,,,,"7/13/2026 6:32:26 PM","Lowering Pallet","HMI_Connection_2"
46216772537.1528,2,0,64,37,,,,,,,,,"7/13/2026 6:32:27 PM","Wagon waiting for Feeder","HMI_Connection_2"
46216772537.1528,2,0,64,72,,,,,,,,,"7/13/2026 6:32:27 PM","Unwinder Material Tension","HMI_Connection_2"
46216772559.9537,2,1,64,74,"977","37",,,,,,,"7/13/2026 6:32:29 PM","Deployment in Progress - Layer Nr. 977 Matt. No.37","HMI_Connection_2"
46216772571.5278,2,0,64,36,,,,,,,,,"7/13/2026 6:32:30 PM","Wagon to start position","HMI_Connection_2"
46216772571.5278,2,0,64,112,,,,,,,,,"7/13/2026 6:32:30 PM","Lowering Pallet","HMI_Connection_2"
46216772594.6759,2,0,64,74,"977","37",,,,,,,"7/13/2026 6:32:32 PM","Deployment in Progress - Layer Nr. 977 Matt. No.37","HMI_Connection_2"
46216772722.0023,2,1,64,149,,,,,,,,,"7/13/2026 6:32:43 PM","Cutting Unit - Cut startet","HMI_Connection_2"
46216772745.5671,2,1,64,150,,,,,,,,,"7/13/2026 6:32:45 PM","Cutting Unit - Cut finished","HMI_Connection_2"
46216772756.8056,2,1,65,2000,"978","979",,,,,,,"7/13/2026 6:32:46 PM","Layer Nr:978 Next Layer Nr : 979  ","<internal>"
46216772768.287,2,0,64,149,,,,,,,,,"7/13/2026 6:32:47 PM","Cutting Unit - Cut startet","HMI_Connection_2"
46216772768.287,2,0,64,150,,,,,,,,,"7/13/2026 6:32:47 PM","Cutting Unit - Cut finished","HMI_Connection_2"
46216772768.287,2,1,64,37,,,,,,,,,"7/13/2026 6:32:47 PM","Wagon waiting for Feeder","HMI_Connection_2"
46216772768.287,2,1,64,72,,,,,,,,,"7/13/2026 6:32:47 PM","Unwinder Material Tension","HMI_Connection_2"
46216772779.8727,2,1,64,112,,,,,,,,,"7/13/2026 6:32:48 PM","Lowering Pallet","HMI_Connection_2"
46216772791.4468,2,0,64,37,,,,,,,,,"7/13/2026 6:32:49 PM","Wagon waiting for Feeder","HMI_Connection_2"
46216772791.4468,2,0,64,72,,,,,,,,,"7/13/2026 6:32:49 PM","Unwinder Material Tension","HMI_Connection_2"
46216772803.4144,2,1,64,36,,,,,,,,,"7/13/2026 6:32:50 PM","Wagon to start position","HMI_Connection_2"
46216772803.4144,2,1,64,37,,,,,,,,,"7/13/2026 6:32:50 PM","Wagon waiting for Feeder","HMI_Connection_2"
46216772814.9306,2,0,64,112,,,,,,,,,"7/13/2026 6:32:51 PM","Lowering Pallet","HMI_Connection_2"
46216772837.7315,2,1,64,74,"978","36",,,,,,,"7/13/2026 6:32:53 PM","Deployment in Progress - Layer Nr. 978 Matt. No.36","HMI_Connection_2"
46216772849.3171,2,0,64,36,,,,,,,,,"7/13/2026 6:32:54 PM","Wagon to start position","HMI_Connection_2"
46216772849.3171,2,0,64,37,,,,,,,,,"7/13/2026 6:32:54 PM","Wagon waiting for Feeder","HMI_Connection_2"
46216772872.4769,2,0,64,74,"978","36",,,,,,,"7/13/2026 6:32:56 PM","Deployment in Progress - Layer Nr. 978 Matt. No.36","HMI_Connection_2"
46216772999.8032,2,1,64,149,,,,,,,,,"7/13/2026 6:33:07 PM","Cutting Unit - Cut startet","HMI_Connection_2"
46216773011.3773,2,1,64,150,,,,,,,,,"7/13/2026 6:33:08 PM","Cutting Unit - Cut finished","HMI_Connection_2"
46216773034.5255,2,0,64,149,,,,,,,,,"7/13/2026 6:33:10 PM","Cutting Unit - Cut startet","HMI_Connection_2"
46216773034.5255,2,0,64,150,,,,,,,,,"7/13/2026 6:33:10 PM","Cutting Unit - Cut finished","HMI_Connection_2"
46216773034.5255,2,1,64,37,,,,,,,,,"7/13/2026 6:33:10 PM","Wagon waiting for Feeder","HMI_Connection_2"
46216773034.5255,2,1,64,72,,,,,,,,,"7/13/2026 6:33:10 PM","Unwinder Material Tension","HMI_Connection_2"
46216773034.6065,2,0,65,2000,"979","980",,,,,,,"7/13/2026 6:33:10 PM","Layer Nr:979 Next Layer Nr : 980  ","<internal>"
46216773058.0556,2,1,64,36,,,,,,,,,"7/13/2026 6:33:12 PM","Wagon to start position","HMI_Connection_2"
46216773058.0556,2,1,64,112,,,,,,,,,"7/13/2026 6:33:12 PM","Lowering Pallet","HMI_Connection_2"
46216773069.6759,2,0,64,37,,,,,,,,,"7/13/2026 6:33:13 PM","Wagon waiting for Feeder","HMI_Connection_2"
46216773069.6759,2,0,64,72,,,,,,,,,"7/13/2026 6:33:13 PM","Unwinder Material Tension","HMI_Connection_2"
46216773092.3958,2,1,64,74,"979","35",,,,,,,"7/13/2026 6:33:15 PM","Deployment in Progress - Layer Nr. 979 Matt. No.35","HMI_Connection_2"
46216773103.9699,2,0,64,36,,,,,,,,,"7/13/2026 6:33:16 PM","Wagon to start position","HMI_Connection_2"
46216773103.9699,2,0,64,112,,,,,,,,,"7/13/2026 6:33:16 PM","Lowering Pallet","HMI_Connection_2"
46216773127.1181,2,0,64,74,"979","35",,,,,,,"7/13/2026 6:33:18 PM","Deployment in Progress - Layer Nr. 979 Matt. No.35","HMI_Connection_2"
46216773196.5625,2,1,64,149,,,,,,,,,"7/13/2026 6:33:24 PM","Cutting Unit - Cut startet","HMI_Connection_2"
46216773220.1505,2,1,64,150,,,,,,,,,"7/13/2026 6:33:26 PM","Cutting Unit - Cut finished","HMI_Connection_2"
46216773237.0833,2,1,65,2000,"979","980",,,,,,,"7/13/2026 6:33:28 PM","Layer Nr:979 Next Layer Nr : 980  ","<internal>"
46216773242.8704,2,0,64,149,,,,,,,,,"7/13/2026 6:33:28 PM","Cutting Unit - Cut startet","HMI_Connection_2"
46216773242.8704,2,0,64,150,,,,,,,,,"7/13/2026 6:33:28 PM","Cutting Unit - Cut finished","HMI_Connection_2"
46216773242.8704,2,1,64,37,,,,,,,,,"7/13/2026 6:33:28 PM","Wagon waiting for Feeder","HMI_Connection_2"
46216773242.8704,2,1,64,72,,,,,,,,,"7/13/2026 6:33:28 PM","Unwinder Material Tension","HMI_Connection_2"
46216773254.8727,2,1,64,36,,,,,,,,,"7/13/2026 6:33:29 PM","Wagon to start position","HMI_Connection_2"
46216773277.6042,2,0,64,37,,,,,,,,,"7/13/2026 6:33:31 PM","Wagon waiting for Feeder","HMI_Connection_2"
46216773277.6042,2,0,64,72,,,,,,,,,"7/13/2026 6:33:31 PM","Unwinder Material Tension","HMI_Connection_2"
46216773277.6042,2,1,64,74,"980","34",,,,,,,"7/13/2026 6:33:31 PM","Deployment in Progress - Layer Nr. 980 Matt. No.34","HMI_Connection_2"
46216773300.7407,2,0,64,36,,,,,,,,,"7/13/2026 6:33:33 PM","Wagon to start position","HMI_Connection_2"
46216773335.4514,2,0,64,74,"980","34",,,,,,,"7/13/2026 6:33:36 PM","Deployment in Progress - Layer Nr. 980 Matt. No.34","HMI_Connection_2"
46216773404.8958,2,1,64,149,,,,,,,,,"7/13/2026 6:33:42 PM","Cutting Unit - Cut startet","HMI_Connection_2"
46216773428.4259,2,1,64,150,,,,,,,,,"7/13/2026 6:33:44 PM","Cutting Unit - Cut finished","HMI_Connection_2"
46216773451.2037,2,0,64,149,,,,,,,,,"7/13/2026 6:33:46 PM","Cutting Unit - Cut startet","HMI_Connection_2"
46216773451.2037,2,0,64,150,,,,,,,,,"7/13/2026 6:33:46 PM","Cutting Unit - Cut finished","HMI_Connection_2"
46216773451.2037,2,1,64,37,,,,,,,,,"7/13/2026 6:33:46 PM","Wagon waiting for Feeder","HMI_Connection_2"
46216773451.2037,2,1,64,72,,,,,,,,,"7/13/2026 6:33:46 PM","Unwinder Material Tension","HMI_Connection_2"
46216773451.2847,2,0,65,2000,"981","982",,,,,,,"7/13/2026 6:33:46 PM","Layer Nr:981 Next Layer Nr : 982  ","<internal>"
46216773474.3519,2,1,64,112,,,,,,,,,"7/13/2026 6:33:48 PM","Lowering Pallet","HMI_Connection_2"
46216773486.3426,2,1,64,36,,,,,,,,,"7/13/2026 6:33:49 PM","Wagon to start position","HMI_Connection_2"
46216773486.3426,2,0,64,72,,,,,,,,,"7/13/2026 6:33:49 PM","Unwinder Material Tension","HMI_Connection_2"
46216773509.537,2,0,64,112,,,,,,,,,"7/13/2026 6:33:51 PM","Lowering Pallet","HMI_Connection_2"
46216773520.6597,2,1,64,74,"981","33",,,,,,,"7/13/2026 6:33:52 PM","Deployment in Progress - Layer Nr. 981 Matt. No.33","HMI_Connection_2"
46216773543.8195,2,0,64,36,,,,,,,,,"7/13/2026 6:33:54 PM","Wagon to start position","HMI_Connection_2"
46216773543.8195,2,0,64,37,,,,,,,,,"7/13/2026 6:33:54 PM","Wagon waiting for Feeder","HMI_Connection_2"
46216773566.956,2,0,64,74,"981","33",,,,,,,"7/13/2026 6:33:56 PM","Deployment in Progress - Layer Nr. 981 Matt. No.33","HMI_Connection_2"
46216773647.9745,2,1,64,149,,,,,,,,,"7/13/2026 6:34:03 PM","Cutting Unit - Cut startet","HMI_Connection_2"
46216773671.5162,2,1,64,150,,,,,,,,,"7/13/2026 6:34:05 PM","Cutting Unit - Cut finished","HMI_Connection_2"
46216773694.2824,2,0,64,149,,,,,,,,,"7/13/2026 6:34:07 PM","Cutting Unit - Cut startet","HMI_Connection_2"
46216773694.2824,2,0,64,150,,,,,,,,,"7/13/2026 6:34:07 PM","Cutting Unit - Cut finished","HMI_Connection_2"
46216773694.2824,2,1,64,37,,,,,,,,,"7/13/2026 6:34:07 PM","Wagon waiting for Feeder","HMI_Connection_2"
46216773694.2824,2,1,64,72,,,,,,,,,"7/13/2026 6:34:07 PM","Unwinder Material Tension","HMI_Connection_2"
46216773694.375,2,1,65,2000,"982","983",,,,,,,"7/13/2026 6:34:07 PM","Layer Nr:982 Next Layer Nr : 983  ","<internal>"
46216773717.8472,2,1,64,36,,,,,,,,,"7/13/2026 6:34:09 PM","Wagon to start position","HMI_Connection_2"
46216773717.8472,2,1,64,112,,,,,,,,,"7/13/2026 6:34:09 PM","Lowering Pallet","HMI_Connection_2"
46216773729.375,2,0,64,37,,,,,,,,,"7/13/2026 6:34:10 PM","Wagon waiting for Feeder","HMI_Connection_2"
46216773729.375,2,0,64,72,,,,,,,,,"7/13/2026 6:34:10 PM","Unwinder Material Tension","HMI_Connection_2"
46216773740.5671,2,1,64,74,"982","32",,,,,,,"7/13/2026 6:34:11 PM","Deployment in Progress - Layer Nr. 982 Matt. No.32","HMI_Connection_2"
46216773752.1528,2,0,64,36,,,,,,,,,"7/13/2026 6:34:12 PM","Wagon to start position","HMI_Connection_2"
46216773752.1528,2,0,64,112,,,,,,,,,"7/13/2026 6:34:12 PM","Lowering Pallet","HMI_Connection_2"
46216773786.875,2,0,64,74,"982","32",,,,,,,"7/13/2026 6:34:15 PM","Deployment in Progress - Layer Nr. 982 Matt. No.32","HMI_Connection_2"
46216773879.4792,2,1,64,149,,,,,,,,,"7/13/2026 6:34:23 PM","Cutting Unit - Cut startet","HMI_Connection_2"
46216773891.0648,2,1,64,150,,,,,,,,,"7/13/2026 6:34:24 PM","Cutting Unit - Cut finished","HMI_Connection_2"
46216773914.2014,2,0,64,149,,,,,,,,,"7/13/2026 6:34:26 PM","Cutting Unit - Cut startet","HMI_Connection_2"
46216773914.2014,2,0,64,150,,,,,,,,,"7/13/2026 6:34:26 PM","Cutting Unit - Cut finished","HMI_Connection_2"
46216773919.9769,2,0,65,2000,"983","984",,,,,,,"7/13/2026 6:34:27 PM","Layer Nr:983 Next Layer Nr : 984  ","<internal>"
46216773925.787,2,1,64,37,,,,,,,,,"7/13/2026 6:34:27 PM","Wagon waiting for Feeder","HMI_Connection_2"
46216773925.787,2,1,64,72,,,,,,,,,"7/13/2026 6:34:27 PM","Unwinder Material Tension","HMI_Connection_2"
46216773937.338,2,1,64,112,,,,,,,,,"7/13/2026 6:34:28 PM","Lowering Pallet","HMI_Connection_2"
46216773948.9236,2,0,64,37,,,,,,,,,"7/13/2026 6:34:29 PM","Wagon waiting for Feeder","HMI_Connection_2"
46216773948.9236,2,0,64,72,,,,,,,,,"7/13/2026 6:34:29 PM","Unwinder Material Tension","HMI_Connection_2"
46216773960.9028,2,1,64,36,,,,,,,,,"7/13/2026 6:34:30 PM","Wagon to start position","HMI_Connection_2"
46216773960.9028,2,1,64,37,,,,,,,,,"7/13/2026 6:34:30 PM","Wagon waiting for Feeder","HMI_Connection_2"
46216773984.0972,2,0,64,112,,,,,,,,,"7/13/2026 6:34:32 PM","Lowering Pallet","HMI_Connection_2"
46216773995.2315,2,1,64,74,"983","31",,,,,,,"7/13/2026 6:34:33 PM","Deployment in Progress - Layer Nr. 983 Matt. No.31","HMI_Connection_2"
46216774018.3681,2,0,64,36,,,,,,,,,"7/13/2026 6:34:35 PM","Wagon to start position","HMI_Connection_2"
46216774018.3681,2,0,64,37,,,,,,,,,"7/13/2026 6:34:35 PM","Wagon waiting for Feeder","HMI_Connection_2"
46216774041.5046,2,0,64,74,"983","31",,,,,,,"7/13/2026 6:34:37 PM","Deployment in Progress - Layer Nr. 983 Matt. No.31","HMI_Connection_2"
46216774099.3981,2,1,64,149,,,,,,,,,"7/13/2026 6:34:42 PM","Cutting Unit - Cut startet","HMI_Connection_2"
46216774122.5463,2,1,64,150,,,,,,,,,"7/13/2026 6:34:44 PM","Cutting Unit - Cut finished","HMI_Connection_2"
46216774145.6829,2,0,64,149,,,,,,,,,"7/13/2026 6:34:46 PM","Cutting Unit - Cut startet","HMI_Connection_2"
46216774145.6829,2,0,64,150,,,,,,,,,"7/13/2026 6:34:46 PM","Cutting Unit - Cut finished","HMI_Connection_2"
46216774145.6829,2,1,64,37,,,,,,,,,"7/13/2026 6:34:46 PM","Wagon waiting for Feeder","HMI_Connection_2"
46216774145.6829,2,1,64,72,,,,,,,,,"7/13/2026 6:34:46 PM","Unwinder Material Tension","HMI_Connection_2"
46216774145.7755,2,1,65,2000,"984","985",,,,,,,"7/13/2026 6:34:46 PM","Layer Nr:984 Next Layer Nr : 985  ","<internal>"
46216774157.7083,2,1,64,36,,,,,,,,,"7/13/2026 6:34:47 PM","Wagon to start position","HMI_Connection_2"
46216774180.4167,2,0,64,37,,,,,,,,,"7/13/2026 6:34:49 PM","Wagon waiting for Feeder","HMI_Connection_2"
46216774180.4167,2,0,64,72,,,,,,,,,"7/13/2026 6:34:49 PM","Unwinder Material Tension","HMI_Connection_2"
46216774180.4167,2,1,64,74,"984","30",,,,,,,"7/13/2026 6:34:49 PM","Deployment in Progress - Layer Nr. 984 Matt. No.30","HMI_Connection_2"
46216774203.5764,2,0,64,36,,,,,,,,,"7/13/2026 6:34:51 PM","Wagon to start position","HMI_Connection_2"
46216774238.287,2,0,64,74,"984","30",,,,,,,"7/13/2026 6:34:54 PM","Deployment in Progress - Layer Nr. 984 Matt. No.30","HMI_Connection_2"
46216774296.169,2,1,64,149,,,,,,,,,"7/13/2026 6:34:59 PM","Cutting Unit - Cut startet","HMI_Connection_2"
46216774307.7431,2,1,64,150,,,,,,,,,"7/13/2026 6:35:00 PM","Cutting Unit - Cut finished","HMI_Connection_2"
46216774330.8912,2,0,64,149,,,,,,,,,"7/13/2026 6:35:02 PM","Cutting Unit - Cut startet","HMI_Connection_2"
46216774330.8912,2,0,64,150,,,,,,,,,"7/13/2026 6:35:02 PM","Cutting Unit - Cut finished","HMI_Connection_2"
46216774330.8912,2,1,64,37,,,,,,,,,"7/13/2026 6:35:02 PM","Wagon waiting for Feeder","HMI_Connection_2"
46216774330.8912,2,1,64,72,,,,,,,,,"7/13/2026 6:35:02 PM","Unwinder Material Tension","HMI_Connection_2"
46216774330.9838,2,0,65,2000,"985","986",,,,,,,"7/13/2026 6:35:02 PM","Layer Nr:985 Next Layer Nr : 986  ","<internal>"
46216774354.4907,2,1,64,36,,,,,,,,,"7/13/2026 6:35:04 PM","Wagon to start position","HMI_Connection_2"
46216774354.4907,2,1,64,112,,,,,,,,,"7/13/2026 6:35:04 PM","Lowering Pallet","HMI_Connection_2"
46216774366.0185,2,0,64,37,,,,,,,,,"7/13/2026 6:35:05 PM","Wagon waiting for Feeder","HMI_Connection_2"
46216774366.0185,2,0,64,72,,,,,,,,,"7/13/2026 6:35:05 PM","Unwinder Material Tension","HMI_Connection_2"
46216774388.7731,2,1,64,74,"985","29",,,,,,,"7/13/2026 6:35:07 PM","Deployment in Progress - Layer Nr. 985 Matt. No.29","HMI_Connection_2"
46216774400.3356,2,0,64,36,,,,,,,,,"7/13/2026 6:35:08 PM","Wagon to start position","HMI_Connection_2"
46216774400.3356,2,0,64,112,,,,,,,,,"7/13/2026 6:35:08 PM","Lowering Pallet","HMI_Connection_2"
46216774423.4954,2,0,64,74,"985","29",,,,,,,"7/13/2026 6:35:10 PM","Deployment in Progress - Layer Nr. 985 Matt. No.29","HMI_Connection_2"
46216774492.9514,2,1,64,149,,,,,,,,,"7/13/2026 6:35:16 PM","Cutting Unit - Cut startet","HMI_Connection_2"
46216774516.5046,2,1,64,150,,,,,,,,,"7/13/2026 6:35:18 PM","Cutting Unit - Cut finished","HMI_Connection_2"
46216774533.4491,2,1,65,2000,"986","987",,,,,,,"7/13/2026 6:35:20 PM","Layer Nr:986 Next Layer Nr : 987  ","<internal>"
46216774539.6296,2,0,64,149,,,,,,,,,"7/13/2026 6:35:20 PM","Cutting Unit - Cut startet","HMI_Connection_2"
46216774539.6296,2,0,64,150,,,,,,,,,"7/13/2026 6:35:20 PM","Cutting Unit - Cut finished","HMI_Connection_2"
46216774539.6296,2,1,64,36,,,,,,,,,"7/13/2026 6:35:20 PM","Wagon to start position","HMI_Connection_2"
46216774539.6296,2,1,64,37,,,,,,,,,"7/13/2026 6:35:20 PM","Wagon waiting for Feeder","HMI_Connection_2"
46216774539.6296,2,1,64,72,,,,,,,,,"7/13/2026 6:35:20 PM","Unwinder Material Tension","HMI_Connection_2"
46216774562.8241,2,0,64,37,,,,,,,,,"7/13/2026 6:35:22 PM","Wagon waiting for Feeder","HMI_Connection_2"
46216774562.8241,2,0,64,72,,,,,,,,,"7/13/2026 6:35:22 PM","Unwinder Material Tension","HMI_Connection_2"
46216774573.9583,2,1,64,74,"986","999",,,,,,,"7/13/2026 6:35:23 PM","Deployment in Progress - Layer Nr. 986 Matt. No.999","HMI_Connection_2"
46216774597.1181,2,1,64,149,,,,,,,,,"7/13/2026 6:35:25 PM","Cutting Unit - Cut startet","HMI_Connection_2"
46216774597.1181,2,0,64,36,,,,,,,,,"7/13/2026 6:35:25 PM","Wagon to start position","HMI_Connection_2"
46216774608.6806,2,1,64,150,,,,,,,,,"7/13/2026 6:35:26 PM","Cutting Unit - Cut finished","HMI_Connection_2"
46216774620.706,2,0,64,74,"986","999",,,,,,,"7/13/2026 6:35:27 PM","Deployment in Progress - Layer Nr. 986 Matt. No.999","HMI_Connection_2"
46216774631.8403,2,0,64,149,,,,,,,,,"7/13/2026 6:35:28 PM","Cutting Unit - Cut startet","HMI_Connection_2"
46216774631.8403,2,0,64,150,,,,,,,,,"7/13/2026 6:35:28 PM","Cutting Unit - Cut finished","HMI_Connection_2"
46216774631.9213,2,0,65,2000,"986","987",,,,,,,"7/13/2026 6:35:28 PM","Layer Nr:986 Next Layer Nr : 987  ","<internal>"
46216774643.3912,2,1,64,37,,,,,,,,,"7/13/2026 6:35:29 PM","Wagon waiting for Feeder","HMI_Connection_2"
46216774643.3912,2,1,64,72,,,,,,,,,"7/13/2026 6:35:29 PM","Unwinder Material Tension","HMI_Connection_2"
46216774655.4282,2,1,64,36,,,,,,,,,"7/13/2026 6:35:30 PM","Wagon to start position","HMI_Connection_2"
46216774655.4282,2,1,64,112,,,,,,,,,"7/13/2026 6:35:30 PM","Lowering Pallet","HMI_Connection_2"
46216774666.956,2,0,64,37,,,,,,,,,"7/13/2026 6:35:31 PM","Wagon waiting for Feeder","HMI_Connection_2"
46216774666.956,2,0,64,72,,,,,,,,,"7/13/2026 6:35:31 PM","Unwinder Material Tension","HMI_Connection_2"
46216774689.7222,2,1,64,74,"987","33",,,,,,,"7/13/2026 6:35:33 PM","Deployment in Progress - Layer Nr. 987 Matt. No.33","HMI_Connection_2"
46216774701.2963,2,0,64,36,,,,,,,,,"7/13/2026 6:35:34 PM","Wagon to start position","HMI_Connection_2"
46216774701.2963,2,0,64,112,,,,,,,,,"7/13/2026 6:35:34 PM","Lowering Pallet","HMI_Connection_2"
46216774724.4445,2,0,64,74,"987","33",,,,,,,"7/13/2026 6:35:36 PM","Deployment in Progress - Layer Nr. 987 Matt. No.33","HMI_Connection_2"
46216774817.0255,2,1,64,149,,,,,,,,,"7/13/2026 6:35:44 PM","Cutting Unit - Cut startet","HMI_Connection_2"
46216774840.5671,2,1,64,150,,,,,,,,,"7/13/2026 6:35:46 PM","Cutting Unit - Cut finished","HMI_Connection_2"
46216774863.3218,2,0,64,149,,,,,,,,,"7/13/2026 6:35:48 PM","Cutting Unit - Cut startet","HMI_Connection_2"
46216774863.3218,2,0,64,150,,,,,,,,,"7/13/2026 6:35:48 PM","Cutting Unit - Cut finished","HMI_Connection_2"
46216774863.3218,2,1,64,37,,,,,,,,,"7/13/2026 6:35:48 PM","Wagon waiting for Feeder","HMI_Connection_2"
46216774863.3218,2,1,64,72,,,,,,,,,"7/13/2026 6:35:48 PM","Unwinder Material Tension","HMI_Connection_2"
46216774863.4028,2,1,65,2000,"988","989",,,,,,,"7/13/2026 6:35:48 PM","Layer Nr:988 Next Layer Nr : 989  ","<internal>"
46216774874.8958,2,1,64,112,,,,,,,,,"7/13/2026 6:35:49 PM","Lowering Pallet","HMI_Connection_2"
46216774886.8866,2,1,64,36,,,,,,,,,"7/13/2026 6:35:50 PM","Wagon to start position","HMI_Connection_2"
46216774898.4954,2,0,64,37,,,,,,,,,"7/13/2026 6:35:51 PM","Wagon waiting for Feeder","HMI_Connection_2"
46216774898.4954,2,0,64,72,,,,,,,,,"7/13/2026 6:35:51 PM","Unwinder Material Tension","HMI_Connection_2"
46216774909.6296,2,1,64,74,"988","32",,,,,,,"7/13/2026 6:35:52 PM","Deployment in Progress - Layer Nr. 988 Matt. No.32","HMI_Connection_2"
46216774921.2153,2,0,64,36,,,,,,,,,"7/13/2026 6:35:53 PM","Wagon to start position","HMI_Connection_2"
46216774921.2153,2,0,64,112,,,,,,,,,"7/13/2026 6:35:53 PM","Lowering Pallet","HMI_Connection_2"
46216774955.9375,2,0,64,74,"988","32",,,,,,,"7/13/2026 6:35:56 PM","Deployment in Progress - Layer Nr. 988 Matt. No.32","HMI_Connection_2"
46216775025.382,2,1,64,149,,,,,,,,,"7/13/2026 6:36:02 PM","Cutting Unit - Cut startet","HMI_Connection_2"
46216775048.9815,2,1,64,150,,,,,,,,,"7/13/2026 6:36:04 PM","Cutting Unit - Cut finished","HMI_Connection_2"
46216775065.8912,2,0,65,2000,"989","990",,,,,,,"7/13/2026 6:36:06 PM","Layer Nr:989 Next Layer Nr : 990  ","<internal>"
46216775072.1065,2,0,64,149,,,,,,,,,"7/13/2026 6:36:06 PM","Cutting Unit - Cut startet","HMI_Connection_2"
46216775072.1065,2,0,64,150,,,,,,,,,"7/13/2026 6:36:06 PM","Cutting Unit - Cut finished","HMI_Connection_2"
46216775072.1065,2,1,64,36,,,,,,,,,"7/13/2026 6:36:06 PM","Wagon to start position","HMI_Connection_2"
46216775072.1065,2,1,64,37,,,,,,,,,"7/13/2026 6:36:06 PM","Wagon waiting for Feeder","HMI_Connection_2"
46216775072.1065,2,1,64,72,,,,,,,,,"7/13/2026 6:36:06 PM","Unwinder Material Tension","HMI_Connection_2"
46216775095.2431,2,0,64,37,,,,,,,,,"7/13/2026 6:36:08 PM","Wagon waiting for Feeder","HMI_Connection_2"
46216775095.2431,2,0,64,72,,,,,,,,,"7/13/2026 6:36:08 PM","Unwinder Material Tension","HMI_Connection_2"
46216775106.4005,2,1,64,74,"989","31",,,,,,,"7/13/2026 6:36:09 PM","Deployment in Progress - Layer Nr. 989 Matt. No.31","HMI_Connection_2"
46216775129.5602,2,0,64,36,,,,,,,,,"7/13/2026 6:36:11 PM","Wagon to start position","HMI_Connection_2"
46216775152.6968,2,0,64,74,"989","31",,,,,,,"7/13/2026 6:36:13 PM","Deployment in Progress - Layer Nr. 989 Matt. No.31","HMI_Connection_2"
46216775210.5671,2,1,64,149,,,,,,,,,"7/13/2026 6:36:18 PM","Cutting Unit - Cut startet","HMI_Connection_2"
46216775222.1412,2,1,64,150,,,,,,,,,"7/13/2026 6:36:19 PM","Cutting Unit - Cut finished","HMI_Connection_2"
46216775245.2894,2,0,64,149,,,,,,,,,"7/13/2026 6:36:21 PM","Cutting Unit - Cut startet","HMI_Connection_2"
46216775245.2894,2,0,64,150,,,,,,,,,"7/13/2026 6:36:21 PM","Cutting Unit - Cut finished","HMI_Connection_2"
46216775245.2894,2,1,64,37,,,,,,,,,"7/13/2026 6:36:21 PM","Wagon waiting for Feeder","HMI_Connection_2"
46216775245.2894,2,1,64,72,,,,,,,,,"7/13/2026 6:36:21 PM","Unwinder Material Tension","HMI_Connection_2"
46216775245.3935,2,1,65,2000,"990","991",,,,,,,"7/13/2026 6:36:21 PM","Layer Nr:990 Next Layer Nr : 991  ","<internal>"
46216775268.4375,2,1,64,112,,,,,,,,,"7/13/2026 6:36:23 PM","Lowering Pallet","HMI_Connection_2"
46216775280,2,0,64,37,,,,,,,,,"7/13/2026 6:36:24 PM","Wagon waiting for Feeder","HMI_Connection_2"
46216775280,2,0,64,72,,,,,,,,,"7/13/2026 6:36:24 PM","Unwinder Material Tension","HMI_Connection_2"
46216775292.0023,2,1,64,36,,,,,,,,,"7/13/2026 6:36:25 PM","Wagon to start position","HMI_Connection_2"
46216775292.0023,2,1,64,37,,,,,,,,,"7/13/2026 6:36:25 PM","Wagon waiting for Feeder","HMI_Connection_2"
46216775303.6111,2,0,64,112,,,,,,,,,"7/13/2026 6:36:26 PM","Lowering Pallet","HMI_Connection_2"
46216775314.7338,2,1,64,74,"990","30",,,,,,,"7/13/2026 6:36:27 PM","Deployment in Progress - Layer Nr. 990 Matt. No.30","HMI_Connection_2"
46216775337.8935,2,0,64,36,,,,,,,,,"7/13/2026 6:36:29 PM","Wagon to start position","HMI_Connection_2"
46216775337.8935,2,0,64,37,,,,,,,,,"7/13/2026 6:36:29 PM","Wagon waiting for Feeder","HMI_Connection_2"
46216775361.0417,2,0,64,74,"990","30",,,,,,,"7/13/2026 6:36:31 PM","Deployment in Progress - Layer Nr. 990 Matt. No.30","HMI_Connection_2"
46216775430.4861,2,1,64,149,,,,,,,,,"7/13/2026 6:36:37 PM","Cutting Unit - Cut startet","HMI_Connection_2"
46216775442.0602,2,1,64,150,,,,,,,,,"7/13/2026 6:36:38 PM","Cutting Unit - Cut finished","HMI_Connection_2"
46216775465.2199,2,0,64,149,,,,,,,,,"7/13/2026 6:36:40 PM","Cutting Unit - Cut startet","HMI_Connection_2"
46216775465.2199,2,0,64,150,,,,,,,,,"7/13/2026 6:36:40 PM","Cutting Unit - Cut finished","HMI_Connection_2"
46216775465.3125,2,0,65,2000,"991","992",,,,,,,"7/13/2026 6:36:40 PM","Layer Nr:991 Next Layer Nr : 992  ","<internal>"
46216775477.2106,2,1,64,36,,,,,,,,,"7/13/2026 6:36:41 PM","Wagon to start position","HMI_Connection_2"
46216775477.2106,2,1,64,37,,,,,,,,,"7/13/2026 6:36:41 PM","Wagon waiting for Feeder","HMI_Connection_2"
46216775477.2106,2,1,64,72,,,,,,,,,"7/13/2026 6:36:41 PM","Unwinder Material Tension","HMI_Connection_2"
46216775500.3472,2,0,64,37,,,,,,,,,"7/13/2026 6:36:43 PM","Wagon waiting for Feeder","HMI_Connection_2"
46216775500.3472,2,0,64,72,,,,,,,,,"7/13/2026 6:36:43 PM","Unwinder Material Tension","HMI_Connection_2"
46216775511.5162,2,1,64,74,"991","29",,,,,,,"7/13/2026 6:36:44 PM","Deployment in Progress - Layer Nr. 991 Matt. No.29","HMI_Connection_2"
46216775534.6644,2,0,64,36,,,,,,,,,"7/13/2026 6:36:46 PM","Wagon to start position","HMI_Connection_2"
46216775557.8241,2,0,64,74,"991","29",,,,,,,"7/13/2026 6:36:48 PM","Deployment in Progress - Layer Nr. 991 Matt. No.29","HMI_Connection_2"
46216775615.6713,2,1,64,149,,,,,,,,,"7/13/2026 6:36:53 PM","Cutting Unit - Cut startet","HMI_Connection_2"
46216775639.2708,2,1,64,150,,,,,,,,,"7/13/2026 6:36:55 PM","Cutting Unit - Cut finished","HMI_Connection_2"
46216775656.1921,2,1,65,2000,"992","993",,,,,,,"7/13/2026 6:36:57 PM","Layer Nr:992 Next Layer Nr : 993  ","<internal>"
46216775661.9907,2,0,64,149,,,,,,,,,"7/13/2026 6:36:57 PM","Cutting Unit - Cut startet","HMI_Connection_2"
46216775661.9907,2,0,64,150,,,,,,,,,"7/13/2026 6:36:57 PM","Cutting Unit - Cut finished","HMI_Connection_2"
46216775661.9907,2,1,64,37,,,,,,,,,"7/13/2026 6:36:57 PM","Wagon waiting for Feeder","HMI_Connection_2"
46216775661.9907,2,1,64,72,,,,,,,,,"7/13/2026 6:36:57 PM","Unwinder Material Tension","HMI_Connection_2"
46216775673.9931,2,1,64,36,,,,,,,,,"7/13/2026 6:36:58 PM","Wagon to start position","HMI_Connection_2"
46216775673.9931,2,1,64,112,,,,,,,,,"7/13/2026 6:36:58 PM","Lowering Pallet","HMI_Connection_2"
46216775685.5903,2,0,64,37,,,,,,,,,"7/13/2026 6:36:59 PM","Wagon waiting for Feeder","HMI_Connection_2"
46216775685.5903,2,0,64,72,,,,,,,,,"7/13/2026 6:36:59 PM","Unwinder Material Tension","HMI_Connection_2"
46216775708.287,2,1,64,74,"992","28",,,,,,,"7/13/2026 6:37:01 PM","Deployment in Progress - Layer Nr. 992 Matt. No.28","HMI_Connection_2"
46216775719.8611,2,0,64,36,,,,,,,,,"7/13/2026 6:37:02 PM","Wagon to start position","HMI_Connection_2"
46216775719.8611,2,0,64,112,,,,,,,,,"7/13/2026 6:37:02 PM","Lowering Pallet","HMI_Connection_2"
46216775754.5718,2,0,64,74,"992","28",,,,,,,"7/13/2026 6:37:05 PM","Deployment in Progress - Layer Nr. 992 Matt. No.28","HMI_Connection_2"
46216775812.4537,2,1,64,149,,,,,,,,,"7/13/2026 6:37:10 PM","Cutting Unit - Cut startet","HMI_Connection_2"
46216775836.0069,2,1,64,150,,,,,,,,,"7/13/2026 6:37:12 PM","Cutting Unit - Cut finished","HMI_Connection_2"
46216775852.963,2,0,65,2000,"993","994",,,,,,,"7/13/2026 6:37:14 PM","Layer Nr:993 Next Layer Nr : 994  ","<internal>"
46216775858.75,2,0,64,149,,,,,,,,,"7/13/2026 6:37:14 PM","Cutting Unit - Cut startet","HMI_Connection_2"
46216775858.75,2,0,64,150,,,,,,,,,"7/13/2026 6:37:14 PM","Cutting Unit - Cut finished","HMI_Connection_2"
46216775858.75,2,1,64,37,,,,,,,,,"7/13/2026 6:37:14 PM","Wagon waiting for Feeder","HMI_Connection_2"
46216775858.75,2,1,64,72,,,,,,,,,"7/13/2026 6:37:14 PM","Unwinder Material Tension","HMI_Connection_2"
46216775870.7292,2,1,64,36,,,,,,,,,"7/13/2026 6:37:15 PM","Wagon to start position","HMI_Connection_2"
46216775893.4838,2,0,64,37,,,,,,,,,"7/13/2026 6:37:17 PM","Wagon waiting for Feeder","HMI_Connection_2"
46216775893.4838,2,0,64,72,,,,,,,,,"7/13/2026 6:37:17 PM","Unwinder Material Tension","HMI_Connection_2"
46216775893.4838,2,1,64,74,"993","27",,,,,,,"7/13/2026 6:37:17 PM","Deployment in Progress - Layer Nr. 993 Matt. No.27","HMI_Connection_2"
46216775916.6319,2,0,64,36,,,,,,,,,"7/13/2026 6:37:19 PM","Wagon to start position","HMI_Connection_2"
46216775951.3426,2,0,64,74,"993","27",,,,,,,"7/13/2026 6:37:22 PM","Deployment in Progress - Layer Nr. 993 Matt. No.27","HMI_Connection_2"
46216775997.6505,2,1,64,149,,,,,,,,,"7/13/2026 6:37:26 PM","Cutting Unit - Cut startet","HMI_Connection_2"
46216776021.2616,2,1,64,150,,,,,,,,,"7/13/2026 6:37:28 PM","Cutting Unit - Cut finished","HMI_Connection_2"
46216776038.1481,2,1,65,2000,"994","995",,,,,,,"7/13/2026 6:37:30 PM","Layer Nr:994 Next Layer Nr : 995  ","<internal>"
46216776043.9468,2,0,64,149,,,,,,,,,"7/13/2026 6:37:30 PM","Cutting Unit - Cut startet","HMI_Connection_2"
46216776043.9468,2,0,64,150,,,,,,,,,"7/13/2026 6:37:30 PM","Cutting Unit - Cut finished","HMI_Connection_2"
46216776043.9468,2,1,64,37,,,,,,,,,"7/13/2026 6:37:30 PM","Wagon waiting for Feeder","HMI_Connection_2"
46216776043.9468,2,1,64,72,,,,,,,,,"7/13/2026 6:37:30 PM","Unwinder Material Tension","HMI_Connection_2"
46216776055.5324,2,1,64,112,,,,,,,,,"7/13/2026 6:37:31 PM","Lowering Pallet","HMI_Connection_2"
46216776067.4421,2,1,64,36,,,,,,,,,"7/13/2026 6:37:32 PM","Wagon to start position","HMI_Connection_2"
46216776079.0972,2,0,64,37,,,,,,,,,"7/13/2026 6:37:33 PM","Wagon waiting for Feeder","HMI_Connection_2"
46216776079.0972,2,0,64,72,,,,,,,,,"7/13/2026 6:37:33 PM","Unwinder Material Tension","HMI_Connection_2"
46216776090.2315,2,1,64,74,"994","26",,,,,,,"7/13/2026 6:37:34 PM","Deployment in Progress - Layer Nr. 994 Matt. No.26","HMI_Connection_2"
46216776101.8287,2,0,64,36,,,,,,,,,"7/13/2026 6:37:35 PM","Wagon to start position","HMI_Connection_2"
46216776101.8287,2,0,64,112,,,,,,,,,"7/13/2026 6:37:35 PM","Lowering Pallet","HMI_Connection_2"
46216776136.5509,2,0,64,74,"994","26",,,,,,,"7/13/2026 6:37:38 PM","Deployment in Progress - Layer Nr. 994 Matt. No.26","HMI_Connection_2"
46216776205.9954,2,1,64,149,,,,,,,,,"7/13/2026 6:37:44 PM","Cutting Unit - Cut startet","HMI_Connection_2"
46216776217.5694,2,1,64,150,,,,,,,,,"7/13/2026 6:37:45 PM","Cutting Unit - Cut finished","HMI_Connection_2"
46216776240.7292,2,0,64,149,,,,,,,,,"7/13/2026 6:37:47 PM","Cutting Unit - Cut startet","HMI_Connection_2"
46216776240.7292,2,0,64,150,,,,,,,,,"7/13/2026 6:37:47 PM","Cutting Unit - Cut finished","HMI_Connection_2"
46216776240.7292,2,1,64,37,,,,,,,,,"7/13/2026 6:37:47 PM","Wagon waiting for Feeder","HMI_Connection_2"
46216776240.7292,2,1,64,72,,,,,,,,,"7/13/2026 6:37:47 PM","Unwinder Material Tension","HMI_Connection_2"
46216776240.8102,2,0,65,2000,"995","996",,,,,,,"7/13/2026 6:37:47 PM","Layer Nr:995 Next Layer Nr : 996  ","<internal>"
46216776252.7199,2,1,64,36,,,,,,,,,"7/13/2026 6:37:48 PM","Wagon to start position","HMI_Connection_2"
46216776275.4398,2,0,64,37,,,,,,,,,"7/13/2026 6:37:50 PM","Wagon waiting for Feeder","HMI_Connection_2"
46216776275.4398,2,0,64,72,,,,,,,,,"7/13/2026 6:37:50 PM","Unwinder Material Tension","HMI_Connection_2"
46216776275.4398,2,1,64,74,"995","25",,,,,,,"7/13/2026 6:37:50 PM","Deployment in Progress - Layer Nr. 995 Matt. No.25","HMI_Connection_2"
46216776310.1736,2,0,64,36,,,,,,,,,"7/13/2026 6:37:53 PM","Wagon to start position","HMI_Connection_2"
46216776333.3333,2,0,64,74,"995","25",,,,,,,"7/13/2026 6:37:55 PM","Deployment in Progress - Layer Nr. 995 Matt. No.25","HMI_Connection_2"
46216776391.1806,2,1,64,149,,,,,,,,,"7/13/2026 6:38:00 PM","Cutting Unit - Cut startet","HMI_Connection_2"
46216776402.7778,2,1,64,150,,,,,,,,,"7/13/2026 6:38:01 PM","Cutting Unit - Cut finished","HMI_Connection_2"
46216776425.9259,2,0,64,149,,,,,,,,,"7/13/2026 6:38:03 PM","Cutting Unit - Cut startet","HMI_Connection_2"
46216776425.9259,2,0,64,150,,,,,,,,,"7/13/2026 6:38:03 PM","Cutting Unit - Cut finished","HMI_Connection_2"
46216776425.9259,2,1,64,37,,,,,,,,,"7/13/2026 6:38:03 PM","Wagon waiting for Feeder","HMI_Connection_2"
46216776425.9259,2,1,64,72,,,,,,,,,"7/13/2026 6:38:03 PM","Unwinder Material Tension","HMI_Connection_2"
46216776425.9954,2,1,65,2000,"996","997",,,,,,,"7/13/2026 6:38:03 PM","Layer Nr:996 Next Layer Nr : 997  ","<internal>"
46216776449.4907,2,1,64,36,,,,,,,,,"7/13/2026 6:38:05 PM","Wagon to start position","HMI_Connection_2"
46216776449.4907,2,1,64,112,,,,,,,,,"7/13/2026 6:38:05 PM","Lowering Pallet","HMI_Connection_2"
46216776461.088,2,0,64,37,,,,,,,,,"7/13/2026 6:38:06 PM","Wagon waiting for Feeder","HMI_Connection_2"
46216776461.088,2,0,64,72,,,,,,,,,"7/13/2026 6:38:06 PM","Unwinder Material Tension","HMI_Connection_2"
46216776483.8079,2,1,64,74,"996","24",,,,,,,"7/13/2026 6:38:08 PM","Deployment in Progress - Layer Nr. 996 Matt. No.24","HMI_Connection_2"
46216776495.3704,2,0,64,36,,,,,,,,,"7/13/2026 6:38:09 PM","Wagon to start position","HMI_Connection_2"
46216776495.3704,2,0,64,112,,,,,,,,,"7/13/2026 6:38:09 PM","Lowering Pallet","HMI_Connection_2"
46216776518.5417,2,0,64,74,"996","24",,,,,,,"7/13/2026 6:38:11 PM","Deployment in Progress - Layer Nr. 996 Matt. No.24","HMI_Connection_2"
46216776587.9861,2,1,64,149,,,,,,,,,"7/13/2026 6:38:17 PM","Cutting Unit - Cut startet","HMI_Connection_2"
46216776599.5486,2,1,64,150,,,,,,,,,"7/13/2026 6:38:18 PM","Cutting Unit - Cut finished","HMI_Connection_2"
46216776622.7315,2,0,64,149,,,,,,,,,"7/13/2026 6:38:20 PM","Cutting Unit - Cut startet","HMI_Connection_2"
46216776622.7315,2,0,64,150,,,,,,,,,"7/13/2026 6:38:20 PM","Cutting Unit - Cut finished","HMI_Connection_2"
46216776622.8125,2,0,65,2000,"996","997",,,,,,,"7/13/2026 6:38:20 PM","Layer Nr:996 Next Layer Nr : 997  ","<internal>"
46216776634.7106,2,1,64,36,,,,,,,,,"7/13/2026 6:38:21 PM","Wagon to start position","HMI_Connection_2"
46216776634.7106,2,1,64,37,,,,,,,,,"7/13/2026 6:38:21 PM","Wagon waiting for Feeder","HMI_Connection_2"
46216776634.7106,2,1,64,72,,,,,,,,,"7/13/2026 6:38:21 PM","Unwinder Material Tension","HMI_Connection_2"
46216776657.8357,2,0,64,37,,,,,,,,,"7/13/2026 6:38:23 PM","Wagon waiting for Feeder","HMI_Connection_2"
46216776657.8357,2,0,64,72,,,,,,,,,"7/13/2026 6:38:23 PM","Unwinder Material Tension","HMI_Connection_2"
46216776668.9931,2,1,64,74,"997","23",,,,,,,"7/13/2026 6:38:24 PM","Deployment in Progress - Layer Nr. 997 Matt. No.23","HMI_Connection_2"
46216776692.1759,2,0,64,36,,,,,,,,,"7/13/2026 6:38:26 PM","Wagon to start position","HMI_Connection_2"
46216776715.3125,2,0,64,74,"997","23",,,,,,,"7/13/2026 6:38:28 PM","Deployment in Progress - Layer Nr. 997 Matt. No.23","HMI_Connection_2"
46216776773.1713,2,1,64,149,,,,,,,,,"7/13/2026 6:38:33 PM","Cutting Unit - Cut startet","HMI_Connection_2"
46216776796.7593,2,1,64,150,,,,,,,,,"7/13/2026 6:38:35 PM","Cutting Unit - Cut finished","HMI_Connection_2"
46216776807.9861,2,1,65,2000,"997","998",,,,,,,"7/13/2026 6:38:36 PM","Layer Nr:997 Next Layer Nr : 998  ","<internal>"
46216776819.4907,2,0,64,149,,,,,,,,,"7/13/2026 6:38:37 PM","Cutting Unit - Cut startet","HMI_Connection_2"
46216776819.4907,2,0,64,150,,,,,,,,,"7/13/2026 6:38:37 PM","Cutting Unit - Cut finished","HMI_Connection_2"
46216776819.4907,2,1,64,37,,,,,,,,,"7/13/2026 6:38:37 PM","Wagon waiting for Feeder","HMI_Connection_2"
46216776819.4907,2,1,64,72,,,,,,,,,"7/13/2026 6:38:37 PM","Unwinder Material Tension","HMI_Connection_2"
46216776831.0532,2,1,64,112,,,,,,,,,"7/13/2026 6:38:38 PM","Lowering Pallet","HMI_Connection_2"
46216776842.6273,2,0,64,37,,,,,,,,,"7/13/2026 6:38:39 PM","Wagon waiting for Feeder","HMI_Connection_2"
46216776842.6273,2,0,64,72,,,,,,,,,"7/13/2026 6:38:39 PM","Unwinder Material Tension","HMI_Connection_2"
46216776854.6065,2,1,64,36,,,,,,,,,"7/13/2026 6:38:40 PM","Wagon to start position","HMI_Connection_2"
46216776854.6065,2,1,64,37,,,,,,,,,"7/13/2026 6:38:40 PM","Wagon waiting for Feeder","HMI_Connection_2"
46216776877.3611,2,0,64,112,,,,,,,,,"7/13/2026 6:38:42 PM","Lowering Pallet","HMI_Connection_2"
46216776877.3611,2,1,64,74,"998","22",,,,,,,"7/13/2026 6:38:42 PM","Deployment in Progress - Layer Nr. 998 Matt. No.22","HMI_Connection_2"
46216776900.5093,2,0,64,36,,,,,,,,,"7/13/2026 6:38:44 PM","Wagon to start position","HMI_Connection_2"
46216776900.5093,2,0,64,37,,,,,,,,,"7/13/2026 6:38:44 PM","Wagon waiting for Feeder","HMI_Connection_2"
46216776935.2315,2,0,64,74,"998","22",,,,,,,"7/13/2026 6:38:47 PM","Deployment in Progress - Layer Nr. 998 Matt. No.22","HMI_Connection_2"
46216776993.1019,2,1,64,149,,,,,,,,,"7/13/2026 6:38:52 PM","Cutting Unit - Cut startet","HMI_Connection_2"
46216777016.6898,2,1,64,150,,,,,,,,,"7/13/2026 6:38:54 PM","Cutting Unit - Cut finished","HMI_Connection_2"
46216777033.6227,2,0,65,2000,"999","1000",,,,,,,"7/13/2026 6:38:56 PM","Layer Nr:999 Next Layer Nr : 1000  ","<internal>"
46216777039.8148,2,0,64,149,,,,,,,,,"7/13/2026 6:38:56 PM","Cutting Unit - Cut startet","HMI_Connection_2"
46216777039.8148,2,0,64,150,,,,,,,,,"7/13/2026 6:38:56 PM","Cutting Unit - Cut finished","HMI_Connection_2"
46216777039.8148,2,1,64,36,,,,,,,,,"7/13/2026 6:38:56 PM","Wagon to start position","HMI_Connection_2"
46216777039.8148,2,1,64,37,,,,,,,,,"7/13/2026 6:38:56 PM","Wagon waiting for Feeder","HMI_Connection_2"
46216777039.8148,2,1,64,72,,,,,,,,,"7/13/2026 6:38:56 PM","Unwinder Material Tension","HMI_Connection_2"
46216777062.9398,2,0,64,37,,,,,,,,,"7/13/2026 6:38:58 PM","Wagon waiting for Feeder","HMI_Connection_2"
46216777062.9398,2,0,64,72,,,,,,,,,"7/13/2026 6:38:58 PM","Unwinder Material Tension","HMI_Connection_2"
46216777074.1088,2,1,64,74,"999","21",,,,,,,"7/13/2026 6:38:59 PM","Deployment in Progress - Layer Nr. 999 Matt. No.21","HMI_Connection_2"
46216777097.2685,2,0,64,36,,,,,,,,,"7/13/2026 6:39:01 PM","Wagon to start position","HMI_Connection_2"
46216777120.4398,2,0,64,74,"999","21",,,,,,,"7/13/2026 6:39:03 PM","Deployment in Progress - Layer Nr. 999 Matt. No.21","HMI_Connection_2"
46216777178.2986,2,1,64,149,,,,,,,,,"7/13/2026 6:39:08 PM","Cutting Unit - Cut startet","HMI_Connection_2"
46216777201.4468,2,1,64,150,,,,,,,,,"7/13/2026 6:39:10 PM","Cutting Unit - Cut finished","HMI_Connection_2"
46216777224.6065,2,0,64,149,,,,,,,,,"7/13/2026 6:39:12 PM","Cutting Unit - Cut startet","HMI_Connection_2"
46216777224.6065,2,0,64,150,,,,,,,,,"7/13/2026 6:39:12 PM","Cutting Unit - Cut finished","HMI_Connection_2"
46216777224.6065,2,1,64,37,,,,,,,,,"7/13/2026 6:39:12 PM","Wagon waiting for Feeder","HMI_Connection_2"
46216777224.6065,2,1,64,72,,,,,,,,,"7/13/2026 6:39:12 PM","Unwinder Material Tension","HMI_Connection_2"
46216777224.6875,2,1,65,2000,"1000","1001",,,,,,,"7/13/2026 6:39:12 PM","Layer Nr:1000 Next Layer Nr : 1001  ","<internal>"
46216777248.1597,2,1,64,36,,,,,,,,,"7/13/2026 6:39:14 PM","Wagon to start position","HMI_Connection_2"
46216777248.1597,2,1,64,112,,,,,,,,,"7/13/2026 6:39:14 PM","Lowering Pallet","HMI_Connection_2"
46216777259.7569,2,0,64,37,,,,,,,,,"7/13/2026 6:39:15 PM","Wagon waiting for Feeder","HMI_Connection_2"
46216777259.7569,2,0,64,72,,,,,,,,,"7/13/2026 6:39:15 PM","Unwinder Material Tension","HMI_Connection_2"
46216777282.4769,2,1,64,74,"1000","20",,,,,,,"7/13/2026 6:39:17 PM","Deployment in Progress - Layer Nr. 1000 Matt. No.20","HMI_Connection_2"
46216777294.0509,2,0,64,36,,,,,,,,,"7/13/2026 6:39:18 PM","Wagon to start position","HMI_Connection_2"
46216777294.0509,2,0,64,112,,,,,,,,,"7/13/2026 6:39:18 PM","Lowering Pallet","HMI_Connection_2"
46216777317.1991,2,0,64,74,"1000","20",,,,,,,"7/13/2026 6:39:20 PM","Deployment in Progress - Layer Nr. 1000 Matt. No.20","HMI_Connection_2"
46216777386.6435,2,1,64,149,,,,,,,,,"7/13/2026 6:39:26 PM","Cutting Unit - Cut startet","HMI_Connection_2"
46216777410.2431,2,1,64,150,,,,,,,,,"7/13/2026 6:39:28 PM","Cutting Unit - Cut finished","HMI_Connection_2"
46216777421.4468,2,0,65,2000,"1000","1001",,,,,,,"7/13/2026 6:39:29 PM","Layer Nr:1000 Next Layer Nr : 1001  ","<internal>"
46216777433.3681,2,0,64,149,,,,,,,,,"7/13/2026 6:39:30 PM","Cutting Unit - Cut startet","HMI_Connection_2"
46216777433.3681,2,0,64,150,,,,,,,,,"7/13/2026 6:39:30 PM","Cutting Unit - Cut finished","HMI_Connection_2"
46216777433.3681,2,1,64,36,,,,,,,,,"7/13/2026 6:39:30 PM","Wagon to start position","HMI_Connection_2"
46216777433.3681,2,1,64,37,,,,,,,,,"7/13/2026 6:39:30 PM","Wagon waiting for Feeder","HMI_Connection_2"
46216777433.3681,2,1,64,72,,,,,,,,,"7/13/2026 6:39:30 PM","Unwinder Material Tension","HMI_Connection_2"
46216777456.4931,2,0,64,37,,,,,,,,,"7/13/2026 6:39:32 PM","Wagon waiting for Feeder","HMI_Connection_2"
46216777456.4931,2,0,64,72,,,,,,,,,"7/13/2026 6:39:32 PM","Unwinder Material Tension","HMI_Connection_2"
46216777467.662,2,1,64,74,"1001","19",,,,,,,"7/13/2026 6:39:33 PM","Deployment in Progress - Layer Nr. 1001 Matt. No.19","HMI_Connection_2"
46216777490.8218,2,0,64,36,,,,,,,,,"7/13/2026 6:39:35 PM","Wagon to start position","HMI_Connection_2"
46216777513.9699,2,0,64,74,"1001","19",,,,,,,"7/13/2026 6:39:37 PM","Deployment in Progress - Layer Nr. 1001 Matt. No.19","HMI_Connection_2"
46216777571.8634,2,1,64,149,,,,,,,,,"7/13/2026 6:39:42 PM","Cutting Unit - Cut startet","HMI_Connection_2"
46216777595.4282,2,1,64,150,,,,,,,,,"7/13/2026 6:39:44 PM","Cutting Unit - Cut finished","HMI_Connection_2"
46216777612.3495,2,1,65,2000,"1001","1002",,,,,,,"7/13/2026 6:39:46 PM","Layer Nr:1001 Next Layer Nr : 1002  ","<internal>"
46216777618.1597,2,0,64,149,,,,,,,,,"7/13/2026 6:39:46 PM","Cutting Unit - Cut startet","HMI_Connection_2"
46216777618.1597,2,0,64,150,,,,,,,,,"7/13/2026 6:39:46 PM","Cutting Unit - Cut finished","HMI_Connection_2"
46216777618.1597,2,1,64,37,,,,,,,,,"7/13/2026 6:39:46 PM","Wagon waiting for Feeder","HMI_Connection_2"
46216777618.1597,2,1,64,72,,,,,,,,,"7/13/2026 6:39:46 PM","Unwinder Material Tension","HMI_Connection_2"
46216777629.7106,2,1,64,112,,,,,,,,,"7/13/2026 6:39:47 PM","Lowering Pallet","HMI_Connection_2"
46216777641.7477,2,1,64,36,,,,,,,,,"7/13/2026 6:39:48 PM","Wagon to start position","HMI_Connection_2"
46216777653.2755,2,0,64,37,,,,,,,,,"7/13/2026 6:39:49 PM","Wagon waiting for Feeder","HMI_Connection_2"
46216777653.2755,2,0,64,72,,,,,,,,,"7/13/2026 6:39:49 PM","Unwinder Material Tension","HMI_Connection_2"
46216777664.4329,2,1,64,74,"1002","33",,,,,,,"7/13/2026 6:39:50 PM","Deployment in Progress - Layer Nr. 1002 Matt. No.33","HMI_Connection_2"
46216777676.0301,2,0,64,36,,,,,,,,,"7/13/2026 6:39:51 PM","Wagon to start position","HMI_Connection_2"
46216777676.0301,2,0,64,112,,,,,,,,,"7/13/2026 6:39:51 PM","Lowering Pallet","HMI_Connection_2"
46216777710.7523,2,0,64,74,"1002","33",,,,,,,"7/13/2026 6:39:54 PM","Deployment in Progress - Layer Nr. 1002 Matt. No.33","HMI_Connection_2"
46216777791.7824,2,1,64,149,,,,,,,,,"7/13/2026 6:40:01 PM","Cutting Unit - Cut startet","HMI_Connection_2"
46216777815.3588,2,1,64,150,,,,,,,,,"7/13/2026 6:40:03 PM","Cutting Unit - Cut finished","HMI_Connection_2"
46216777838.0787,2,0,64,149,,,,,,,,,"7/13/2026 6:40:05 PM","Cutting Unit - Cut startet","HMI_Connection_2"
46216777838.0787,2,0,64,150,,,,,,,,,"7/13/2026 6:40:05 PM","Cutting Unit - Cut finished","HMI_Connection_2"
46216777838.1597,2,0,65,2000,"1003","1004",,,,,,,"7/13/2026 6:40:05 PM","Layer Nr:1003 Next Layer Nr : 1004  ","<internal>"
46216777849.6412,2,1,64,37,,,,,,,,,"7/13/2026 6:40:06 PM","Wagon waiting for Feeder","HMI_Connection_2"
46216777849.6412,2,1,64,72,,,,,,,,,"7/13/2026 6:40:06 PM","Unwinder Material Tension","HMI_Connection_2"
46216777861.6782,2,1,64,36,,,,,,,,,"7/13/2026 6:40:07 PM","Wagon to start position","HMI_Connection_2"
46216777861.6782,2,1,64,112,,,,,,,,,"7/13/2026 6:40:07 PM","Lowering Pallet","HMI_Connection_2"
46216777873.206,2,0,64,37,,,,,,,,,"7/13/2026 6:40:08 PM","Wagon waiting for Feeder","HMI_Connection_2"
46216777873.206,2,0,64,72,,,,,,,,,"7/13/2026 6:40:08 PM","Unwinder Material Tension","HMI_Connection_2"
46216777895.9606,2,1,64,74,"1003","32",,,,,,,"7/13/2026 6:40:10 PM","Deployment in Progress - Layer Nr. 1003 Matt. No.32","HMI_Connection_2"
46216777907.5347,2,0,64,36,,,,,,,,,"7/13/2026 6:40:11 PM","Wagon to start position","HMI_Connection_2"
46216777907.5347,2,0,64,112,,,,,,,,,"7/13/2026 6:40:11 PM","Lowering Pallet","HMI_Connection_2"
46216777930.6829,2,0,64,74,"1003","32",,,,,,,"7/13/2026 6:40:13 PM","Deployment in Progress - Layer Nr. 1003 Matt. No.32","HMI_Connection_2"
46216778023.2639,2,1,64,149,,,,,,,,,"7/13/2026 6:40:21 PM","Cutting Unit - Cut startet","HMI_Connection_2"
46216778046.7593,2,1,64,150,,,,,,,,,"7/13/2026 6:40:23 PM","Cutting Unit - Cut finished","HMI_Connection_2"
46216778069.5718,2,0,64,149,,,,,,,,,"7/13/2026 6:40:25 PM","Cutting Unit - Cut startet","HMI_Connection_2"
46216778069.5718,2,0,64,150,,,,,,,,,"7/13/2026 6:40:25 PM","Cutting Unit - Cut finished","HMI_Connection_2"
46216778069.5833,2,1,64,37,,,,,,,,,"7/13/2026 6:40:25 PM","Wagon waiting for Feeder","HMI_Connection_2"
46216778069.5833,2,1,64,72,,,,,,,,,"7/13/2026 6:40:25 PM","Unwinder Material Tension","HMI_Connection_2"
46216778069.6528,2,1,65,2000,"1004","1005",,,,,,,"7/13/2026 6:40:25 PM","Layer Nr:1004 Next Layer Nr : 1005  ","<internal>"
46216778093.1366,2,1,64,36,,,,,,,,,"7/13/2026 6:40:27 PM","Wagon to start position","HMI_Connection_2"
46216778093.1366,2,1,64,112,,,,,,,,,"7/13/2026 6:40:27 PM","Lowering Pallet","HMI_Connection_2"
46216778104.7338,2,0,64,37,,,,,,,,,"7/13/2026 6:40:28 PM","Wagon waiting for Feeder","HMI_Connection_2"
46216778104.7338,2,0,64,72,,,,,,,,,"7/13/2026 6:40:28 PM","Unwinder Material Tension","HMI_Connection_2"
46216778115.8681,2,1,64,74,"1004","31",,,,,,,"7/13/2026 6:40:29 PM","Deployment in Progress - Layer Nr. 1004 Matt. No.31","HMI_Connection_2"
46216778127.4653,2,0,64,36,,,,,,,,,"7/13/2026 6:40:30 PM","Wagon to start position","HMI_Connection_2"
46216778127.4653,2,0,64,112,,,,,,,,,"7/13/2026 6:40:30 PM","Lowering Pallet","HMI_Connection_2"
46216778162.1759,2,0,64,74,"1004","31",,,,,,,"7/13/2026 6:40:33 PM","Deployment in Progress - Layer Nr. 1004 Matt. No.31","HMI_Connection_2"
46216778231.6204,2,1,64,149,,,,,,,,,"7/13/2026 6:40:39 PM","Cutting Unit - Cut startet","HMI_Connection_2"
46216778255.2315,2,1,64,150,,,,,,,,,"7/13/2026 6:40:41 PM","Cutting Unit - Cut finished","HMI_Connection_2"
46216778272.1181,2,0,65,2000,"1005","1006",,,,,,,"7/13/2026 6:40:43 PM","Layer Nr:1005 Next Layer Nr : 1006  ","<internal>"
46216778278.3565,2,0,64,149,,,,,,,,,"7/13/2026 6:40:43 PM","Cutting Unit - Cut startet","HMI_Connection_2"
46216778278.3565,2,0,64,150,,,,,,,,,"7/13/2026 6:40:43 PM","Cutting Unit - Cut finished","HMI_Connection_2"
46216778278.3565,2,1,64,36,,,,,,,,,"7/13/2026 6:40:43 PM","Wagon to start position","HMI_Connection_2"
46216778278.3565,2,1,64,37,,,,,,,,,"7/13/2026 6:40:43 PM","Wagon waiting for Feeder","HMI_Connection_2"
46216778278.3565,2,1,64,72,,,,,,,,,"7/13/2026 6:40:43 PM","Unwinder Material Tension","HMI_Connection_2"
46216778301.4815,2,0,64,37,,,,,,,,,"7/13/2026 6:40:45 PM","Wagon waiting for Feeder","HMI_Connection_2"
46216778301.4815,2,0,64,72,,,,,,,,,"7/13/2026 6:40:45 PM","Unwinder Material Tension","HMI_Connection_2"
46216778312.6389,2,1,64,74,"1005","30",,,,,,,"7/13/2026 6:40:46 PM","Deployment in Progress - Layer Nr. 1005 Matt. No.30","HMI_Connection_2"
46216778335.8102,2,0,64,36,,,,,,,,,"7/13/2026 6:40:48 PM","Wagon to start position","HMI_Connection_2"
46216778358.9352,2,0,64,74,"1005","30",,,,,,,"7/13/2026 6:40:50 PM","Deployment in Progress - Layer Nr. 1005 Matt. No.30","HMI_Connection_2"
46216778416.8171,2,1,64,149,,,,,,,,,"7/13/2026 6:40:55 PM","Cutting Unit - Cut startet","HMI_Connection_2"
46216778440.4051,2,1,64,150,,,,,,,,,"7/13/2026 6:40:57 PM","Cutting Unit - Cut finished","HMI_Connection_2"
46216778457.3264,2,1,65,2000,"1006","1007",,,,,,,"7/13/2026 6:40:59 PM","Layer Nr:1006 Next Layer Nr : 1007  ","<internal>"
46216778463.125,2,0,64,149,,,,,,,,,"7/13/2026 6:40:59 PM","Cutting Unit - Cut startet","HMI_Connection_2"
46216778463.125,2,0,64,150,,,,,,,,,"7/13/2026 6:40:59 PM","Cutting Unit - Cut finished","HMI_Connection_2"
46216778463.125,2,1,64,37,,,,,,,,,"7/13/2026 6:40:59 PM","Wagon waiting for Feeder","HMI_Connection_2"
46216778463.125,2,1,64,72,,,,,,,,,"7/13/2026 6:40:59 PM","Unwinder Material Tension","HMI_Connection_2"
46216778475.1273,2,1,64,36,,,,,,,,,"7/13/2026 6:41:00 PM","Wagon to start position","HMI_Connection_2"
46216778475.1273,2,1,64,112,,,,,,,,,"7/13/2026 6:41:00 PM","Lowering Pallet","HMI_Connection_2"
46216778486.6551,2,0,64,37,,,,,,,,,"7/13/2026 6:41:01 PM","Wagon waiting for Feeder","HMI_Connection_2"
46216778486.6551,2,0,64,72,,,,,,,,,"7/13/2026 6:41:01 PM","Unwinder Material Tension","HMI_Connection_2"
46216778509.4213,2,1,64,74,"1006","29",,,,,,,"7/13/2026 6:41:03 PM","Deployment in Progress - Layer Nr. 1006 Matt. No.29","HMI_Connection_2"
46216778520.9838,2,0,64,36,,,,,,,,,"7/13/2026 6:41:04 PM","Wagon to start position","HMI_Connection_2"
46216778520.9838,2,0,64,112,,,,,,,,,"7/13/2026 6:41:04 PM","Lowering Pallet","HMI_Connection_2"
46216778544.1551,2,0,64,74,"1006","29",,,,,,,"7/13/2026 6:41:06 PM","Deployment in Progress - Layer Nr. 1006 Matt. No.29","HMI_Connection_2"
46216778613.588,2,1,64,149,,,,,,,,,"7/13/2026 6:41:12 PM","Cutting Unit - Cut startet","HMI_Connection_2"
46216778637.1528,2,1,64,150,,,,,,,,,"7/13/2026 6:41:14 PM","Cutting Unit - Cut finished","HMI_Connection_2"
46216778654.1088,2,0,65,2000,"1007","1008",,,,,,,"7/13/2026 6:41:16 PM","Layer Nr:1007 Next Layer Nr : 1008  ","<internal>"
46216778659.8727,2,0,64,149,,,,,,,,,"7/13/2026 6:41:16 PM","Cutting Unit - Cut startet","HMI_Connection_2"
46216778659.8727,2,0,64,150,,,,,,,,,"7/13/2026 6:41:16 PM","Cutting Unit - Cut finished","HMI_Connection_2"
46216778659.8727,2,1,64,36,,,,,,,,,"7/13/2026 6:41:16 PM","Wagon to start position","HMI_Connection_2"
46216778659.8727,2,1,64,37,,,,,,,,,"7/13/2026 6:41:16 PM","Wagon waiting for Feeder","HMI_Connection_2"
46216778659.8727,2,1,64,72,,,,,,,,,"7/13/2026 6:41:16 PM","Unwinder Material Tension","HMI_Connection_2"
46216778694.6181,2,0,64,37,,,,,,,,,"7/13/2026 6:41:19 PM","Wagon waiting for Feeder","HMI_Connection_2"
46216778694.6181,2,0,64,72,,,,,,,,,"7/13/2026 6:41:19 PM","Unwinder Material Tension","HMI_Connection_2"
46216778694.6181,2,1,64,74,"1007","28",,,,,,,"7/13/2026 6:41:19 PM","Deployment in Progress - Layer Nr. 1007 Matt. No.28","HMI_Connection_2"
46216778717.7546,2,0,64,36,,,,,,,,,"7/13/2026 6:41:21 PM","Wagon to start position","HMI_Connection_2"
46216778752.4884,2,0,64,74,"1007","28",,,,,,,"7/13/2026 6:41:24 PM","Deployment in Progress - Layer Nr. 1007 Matt. No.28","HMI_Connection_2"
46216778810.3588,2,1,64,149,,,,,,,,,"7/13/2026 6:41:29 PM","Cutting Unit - Cut startet","HMI_Connection_2"
46216778821.9329,2,1,64,150,,,,,,,,,"7/13/2026 6:41:30 PM","Cutting Unit - Cut finished","HMI_Connection_2"
46216778839.294,2,1,65,2000,"1007","1008",,,,,,,"7/13/2026 6:41:32 PM","Layer Nr:1007 Next Layer Nr : 1008  ","<internal>"
46216778845.081,2,0,64,149,,,,,,,,,"7/13/2026 6:41:32 PM","Cutting Unit - Cut startet","HMI_Connection_2"
46216778845.081,2,0,64,150,,,,,,,,,"7/13/2026 6:41:32 PM","Cutting Unit - Cut finished","HMI_Connection_2"
46216778845.081,2,1,64,37,,,,,,,,,"7/13/2026 6:41:32 PM","Wagon waiting for Feeder","HMI_Connection_2"
46216778845.081,2,1,64,72,,,,,,,,,"7/13/2026 6:41:32 PM","Unwinder Material Tension","HMI_Connection_2"
46216778856.6551,2,1,64,112,,,,,,,,,"7/13/2026 6:41:33 PM","Lowering Pallet","HMI_Connection_2"
46216778868.6458,2,1,64,36,,,,,,,,,"7/13/2026 6:41:34 PM","Wagon to start position","HMI_Connection_2"
46216778880.2431,2,0,64,37,,,,,,,,,"7/13/2026 6:41:35 PM","Wagon waiting for Feeder","HMI_Connection_2"
46216778880.2431,2,0,64,72,,,,,,,,,"7/13/2026 6:41:35 PM","Unwinder Material Tension","HMI_Connection_2"
46216778891.3773,2,1,64,74,"1008","27",,,,,,,"7/13/2026 6:41:36 PM","Deployment in Progress - Layer Nr. 1008 Matt. No.27","HMI_Connection_2"
46216778914.5255,2,0,64,36,,,,,,,,,"7/13/2026 6:41:38 PM","Wagon to start position","HMI_Connection_2"
46216778914.5255,2,0,64,112,,,,,,,,,"7/13/2026 6:41:38 PM","Lowering Pallet","HMI_Connection_2"
46216778937.6852,2,0,64,74,"1008","27",,,,,,,"7/13/2026 6:41:40 PM","Deployment in Progress - Layer Nr. 1008 Matt. No.27","HMI_Connection_2"
46216779007.1412,2,1,64,149,,,,,,,,,"7/13/2026 6:41:46 PM","Cutting Unit - Cut startet","HMI_Connection_2"
46216779030.7292,2,1,64,150,,,,,,,,,"7/13/2026 6:41:48 PM","Cutting Unit - Cut finished","HMI_Connection_2"
46216779047.6389,2,0,65,2000,"1009","1010",,,,,,,"7/13/2026 6:41:50 PM","Layer Nr:1009 Next Layer Nr : 1010  ","<internal>"
46216779053.8542,2,0,64,149,,,,,,,,,"7/13/2026 6:41:50 PM","Cutting Unit - Cut startet","HMI_Connection_2"
46216779053.8542,2,0,64,150,,,,,,,,,"7/13/2026 6:41:50 PM","Cutting Unit - Cut finished","HMI_Connection_2"
46216779053.8657,2,1,64,36,,,,,,,,,"7/13/2026 6:41:50 PM","Wagon to start position","HMI_Connection_2"
46216779053.8657,2,1,64,37,,,,,,,,,"7/13/2026 6:41:50 PM","Wagon waiting for Feeder","HMI_Connection_2"
46216779053.8657,2,1,64,72,,,,,,,,,"7/13/2026 6:41:50 PM","Unwinder Material Tension","HMI_Connection_2"
46216779076.9792,2,0,64,37,,,,,,,,,"7/13/2026 6:41:52 PM","Wagon waiting for Feeder","HMI_Connection_2"
46216779076.9792,2,0,64,72,,,,,,,,,"7/13/2026 6:41:52 PM","Unwinder Material Tension","HMI_Connection_2"
46216779088.1481,2,1,64,74,"1009","26",,,,,,,"7/13/2026 6:41:53 PM","Deployment in Progress - Layer Nr. 1009 Matt. No.26","HMI_Connection_2"
46216779111.3079,2,0,64,36,,,,,,,,,"7/13/2026 6:41:55 PM","Wagon to start position","HMI_Connection_2"
46216779134.4444,2,0,64,74,"1009","26",,,,,,,"7/13/2026 6:41:57 PM","Deployment in Progress - Layer Nr. 1009 Matt. No.26","HMI_Connection_2"
46216779192.3148,2,1,64,149,,,,,,,,,"7/13/2026 6:42:02 PM","Cutting Unit - Cut startet","HMI_Connection_2"
46216779215.4861,2,1,64,150,,,,,,,,,"7/13/2026 6:42:04 PM","Cutting Unit - Cut finished","HMI_Connection_2"
46216779238.6343,2,0,64,149,,,,,,,,,"7/13/2026 6:42:06 PM","Cutting Unit - Cut startet","HMI_Connection_2"
46216779238.6343,2,0,64,150,,,,,,,,,"7/13/2026 6:42:06 PM","Cutting Unit - Cut finished","HMI_Connection_2"
46216779238.6343,2,1,64,37,,,,,,,,,"7/13/2026 6:42:06 PM","Wagon waiting for Feeder","HMI_Connection_2"
46216779238.6343,2,1,64,72,,,,,,,,,"7/13/2026 6:42:06 PM","Unwinder Material Tension","HMI_Connection_2"
46216779238.7037,2,1,65,2000,"1010","1011",,,,,,,"7/13/2026 6:42:06 PM","Layer Nr:1010 Next Layer Nr : 1011  ","<internal>"
46216779262.0949,2,1,64,36,,,,,,,,,"7/13/2026 6:42:08 PM","Wagon to start position","HMI_Connection_2"
46216779262.0949,2,1,64,112,,,,,,,,,"7/13/2026 6:42:08 PM","Lowering Pallet","HMI_Connection_2"
46216779273.7616,2,0,64,37,,,,,,,,,"7/13/2026 6:42:09 PM","Wagon waiting for Feeder","HMI_Connection_2"
46216779273.7616,2,0,64,72,,,,,,,,,"7/13/2026 6:42:09 PM","Unwinder Material Tension","HMI_Connection_2"
46216779284.919,2,1,64,74,"1010","25",,,,,,,"7/13/2026 6:42:10 PM","Deployment in Progress - Layer Nr. 1010 Matt. No.25","HMI_Connection_2"
46216779308.0671,2,0,64,36,,,,,,,,,"7/13/2026 6:42:12 PM","Wagon to start position","HMI_Connection_2"
46216779308.0671,2,0,64,112,,,,,,,,,"7/13/2026 6:42:12 PM","Lowering Pallet","HMI_Connection_2"
46216779331.2037,2,0,64,74,"1010","25",,,,,,,"7/13/2026 6:42:14 PM","Deployment in Progress - Layer Nr. 1010 Matt. No.25","HMI_Connection_2"
46216779400.6597,2,1,64,149,,,,,,,,,"7/13/2026 6:42:20 PM","Cutting Unit - Cut startet","HMI_Connection_2"
46216779424.2477,2,1,64,150,,,,,,,,,"7/13/2026 6:42:22 PM","Cutting Unit - Cut finished","HMI_Connection_2"
46216779435.4745,2,0,65,2000,"1011","1012",,,,,,,"7/13/2026 6:42:23 PM","Layer Nr:1011 Next Layer Nr : 1012  ","<internal>"
46216779447.3727,2,0,64,149,,,,,,,,,"7/13/2026 6:42:24 PM","Cutting Unit - Cut startet","HMI_Connection_2"
46216779447.3727,2,0,64,150,,,,,,,,,"7/13/2026 6:42:24 PM","Cutting Unit - Cut finished","HMI_Connection_2"
46216779447.3727,2,1,64,36,,,,,,,,,"7/13/2026 6:42:24 PM","Wagon to start position","HMI_Connection_2"
46216779447.3727,2,1,64,37,,,,,,,,,"7/13/2026 6:42:24 PM","Wagon waiting for Feeder","HMI_Connection_2"
46216779447.3727,2,1,64,72,,,,,,,,,"7/13/2026 6:42:24 PM","Unwinder Material Tension","HMI_Connection_2"
46216779470.5671,2,0,64,37,,,,,,,,,"7/13/2026 6:42:26 PM","Wagon waiting for Feeder","HMI_Connection_2"
46216779470.5671,2,0,64,72,,,,,,,,,"7/13/2026 6:42:26 PM","Unwinder Material Tension","HMI_Connection_2"
46216779481.7014,2,1,64,74,"1011","24",,,,,,,"7/13/2026 6:42:27 PM","Deployment in Progress - Layer Nr. 1011 Matt. No.24","HMI_Connection_2"
46216779504.8495,2,0,64,36,,,,,,,,,"7/13/2026 6:42:29 PM","Wagon to start position","HMI_Connection_2"
46216779527.9861,2,0,64,74,"1011","24",,,,,,,"7/13/2026 6:42:31 PM","Deployment in Progress - Layer Nr. 1011 Matt. No.24","HMI_Connection_2"
46216779585.8796,2,1,64,149,,,,,,,,,"7/13/2026 6:42:36 PM","Cutting Unit - Cut startet","HMI_Connection_2"
46216779609.3634,2,1,64,150,,,,,,,,,"7/13/2026 6:42:38 PM","Cutting Unit - Cut finished","HMI_Connection_2"
46216779626.3889,2,1,65,2000,"1012","1013",,,,,,,"7/13/2026 6:42:40 PM","Layer Nr:1012 Next Layer Nr : 1013  ","<internal>"
46216779632.1759,2,0,64,149,,,,,,,,,"7/13/2026 6:42:40 PM","Cutting Unit - Cut startet","HMI_Connection_2"
46216779632.1759,2,0,64,150,,,,,,,,,"7/13/2026 6:42:40 PM","Cutting Unit - Cut finished","HMI_Connection_2"
46216779632.1759,2,1,64,37,,,,,,,,,"7/13/2026 6:42:40 PM","Wagon waiting for Feeder","HMI_Connection_2"
46216779632.1759,2,1,64,72,,,,,,,,,"7/13/2026 6:42:40 PM","Unwinder Material Tension","HMI_Connection_2"
46216779643.7616,2,1,64,112,,,,,,,,,"7/13/2026 6:42:41 PM","Lowering Pallet","HMI_Connection_2"
46216779655.3125,2,0,64,37,,,,,,,,,"7/13/2026 6:42:42 PM","Wagon waiting for Feeder","HMI_Connection_2"
46216779655.3125,2,0,64,72,,,,,,,,,"7/13/2026 6:42:42 PM","Unwinder Material Tension","HMI_Connection_2"
46216779678.8773,2,1,64,36,,,,,,,,,"7/13/2026 6:42:44 PM","Wagon to start position","HMI_Connection_2"
46216779678.8773,2,1,64,37,,,,,,,,,"7/13/2026 6:42:44 PM","Wagon waiting for Feeder","HMI_Connection_2"
46216779690.4745,2,0,64,112,,,,,,,,,"7/13/2026 6:42:45 PM","Lowering Pallet","HMI_Connection_2"
46216779713.1944,2,1,64,74,"1012","123",,,,,,,"7/13/2026 6:42:47 PM","Deployment in Progress - Layer Nr. 1012 Matt. No.123","HMI_Connection_2"
46216779724.7801,2,0,64,36,,,,,,,,,"7/13/2026 6:42:48 PM","Wagon to start position","HMI_Connection_2"
46216779724.7801,2,0,64,37,,,,,,,,,"7/13/2026 6:42:48 PM","Wagon waiting for Feeder","HMI_Connection_2"
46216779736.3426,2,1,64,149,,,,,,,,,"7/13/2026 6:42:49 PM","Cutting Unit - Cut startet","HMI_Connection_2"
46216779747.9282,2,0,64,74,"1012","123",,,,,,,"7/13/2026 6:42:50 PM","Deployment in Progress - Layer Nr. 1012 Matt. No.123","HMI_Connection_2"
46216779759.919,2,1,64,150,,,,,,,,,"7/13/2026 6:42:51 PM","Cutting Unit - Cut finished","HMI_Connection_2"
46216779782.662,2,0,64,149,,,,,,,,,"7/13/2026 6:42:53 PM","Cutting Unit - Cut startet","HMI_Connection_2"
46216779782.662,2,0,64,150,,,,,,,,,"7/13/2026 6:42:53 PM","Cutting Unit - Cut finished","HMI_Connection_2"
46216779782.662,2,1,64,37,,,,,,,,,"7/13/2026 6:42:53 PM","Wagon waiting for Feeder","HMI_Connection_2"
46216779782.662,2,1,64,72,,,,,,,,,"7/13/2026 6:42:53 PM","Unwinder Material Tension","HMI_Connection_2"
46216779782.7431,2,0,65,2000,"1013","1014",,,,,,,"7/13/2026 6:42:53 PM","Layer Nr:1013 Next Layer Nr : 1014  ","<internal>"
46216779794.6412,2,1,64,36,,,,,,,,,"7/13/2026 6:42:54 PM","Wagon to start position","HMI_Connection_2"
46216779817.3727,2,0,64,37,,,,,,,,,"7/13/2026 6:42:56 PM","Wagon waiting for Feeder","HMI_Connection_2"
46216779817.3727,2,0,64,72,,,,,,,,,"7/13/2026 6:42:56 PM","Unwinder Material Tension","HMI_Connection_2"
46216779828.9583,2,1,64,74,"1013","122",,,,,,,"7/13/2026 6:42:57 PM","Deployment in Progress - Layer Nr. 1013 Matt. No.122","HMI_Connection_2"
46216779840.5208,2,0,64,36,,,,,,,,,"7/13/2026 6:42:58 PM","Wagon to start position","HMI_Connection_2"
46216779852.0833,2,1,64,149,,,,,,,,,"7/13/2026 6:42:59 PM","Cutting Unit - Cut startet","HMI_Connection_2"
46216779863.6806,2,1,64,150,,,,,,,,,"7/13/2026 6:43:00 PM","Cutting Unit - Cut finished","HMI_Connection_2"
46216779875.6829,2,0,64,74,"1013","122",,,,,,,"7/13/2026 6:43:01 PM","Deployment in Progress - Layer Nr. 1013 Matt. No.122","HMI_Connection_2"
46216779886.8171,2,0,64,149,,,,,,,,,"7/13/2026 6:43:02 PM","Cutting Unit - Cut startet","HMI_Connection_2"
46216779886.8171,2,0,64,150,,,,,,,,,"7/13/2026 6:43:02 PM","Cutting Unit - Cut finished","HMI_Connection_2"
46216779892.6042,2,1,65,2000,"1014","1015",,,,,,,"7/13/2026 6:43:03 PM","Layer Nr:1014 Next Layer Nr : 1015  ","<internal>"
46216779898.3912,2,1,64,36,,,,,,,,,"7/13/2026 6:43:03 PM","Wagon to start position","HMI_Connection_2"
46216779898.3912,2,1,64,37,,,,,,,,,"7/13/2026 6:43:03 PM","Wagon waiting for Feeder","HMI_Connection_2"
46216779898.3912,2,1,64,72,,,,,,,,,"7/13/2026 6:43:03 PM","Unwinder Material Tension","HMI_Connection_2"
46216779933.1134,2,0,64,37,,,,,,,,,"7/13/2026 6:43:06 PM","Wagon waiting for Feeder","HMI_Connection_2"
46216779933.1134,2,0,64,72,,,,,,,,,"7/13/2026 6:43:06 PM","Unwinder Material Tension","HMI_Connection_2"
46216779933.1134,2,1,64,74,"1014","121",,,,,,,"7/13/2026 6:43:06 PM","Deployment in Progress - Layer Nr. 1014 Matt. No.121","HMI_Connection_2"
46216779956.2616,2,1,64,149,,,,,,,,,"7/13/2026 6:43:08 PM","Cutting Unit - Cut startet","HMI_Connection_2"
46216779956.2616,2,0,64,36,,,,,,,,,"7/13/2026 6:43:08 PM","Wagon to start position","HMI_Connection_2"
46216779979.8611,2,1,64,150,,,,,,,,,"7/13/2026 6:43:10 PM","Cutting Unit - Cut finished","HMI_Connection_2"
46216779991.4583,2,0,64,74,"1014","121",,,,,,,"7/13/2026 6:43:11 PM","Deployment in Progress - Layer Nr. 1014 Matt. No.121","HMI_Connection_2"
46216780002.581,2,0,64,149,,,,,,,,,"7/13/2026 6:43:12 PM","Cutting Unit - Cut startet","HMI_Connection_2"
46216780002.581,2,0,64,150,,,,,,,,,"7/13/2026 6:43:12 PM","Cutting Unit - Cut finished","HMI_Connection_2"
46216780002.6505,2,0,65,2000,"1015","1016",,,,,,,"7/13/2026 6:43:12 PM","Layer Nr:1015 Next Layer Nr : 1016  ","<internal>"
46216780014.5718,2,1,64,36,,,,,,,,,"7/13/2026 6:43:13 PM","Wagon to start position","HMI_Connection_2"
46216780014.5718,2,1,64,37,,,,,,,,,"7/13/2026 6:43:13 PM","Wagon waiting for Feeder","HMI_Connection_2"
46216780014.5718,2,1,64,72,,,,,,,,,"7/13/2026 6:43:13 PM","Unwinder Material Tension","HMI_Connection_2"
46216780037.6968,2,0,64,37,,,,,,,,,"7/13/2026 6:43:15 PM","Wagon waiting for Feeder","HMI_Connection_2"
46216780037.6968,2,0,64,72,,,,,,,,,"7/13/2026 6:43:15 PM","Unwinder Material Tension","HMI_Connection_2"
46216780048.8657,2,1,64,74,"1015","120",,,,,,,"7/13/2026 6:43:16 PM","Deployment in Progress - Layer Nr. 1015 Matt. No.120","HMI_Connection_2"
46216780072.0255,2,1,64,149,,,,,,,,,"7/13/2026 6:43:18 PM","Cutting Unit - Cut startet","HMI_Connection_2"
46216780072.0255,2,0,64,36,,,,,,,,,"7/13/2026 6:43:18 PM","Wagon to start position","HMI_Connection_2"
46216780083.588,2,1,64,150,,,,,,,,,"7/13/2026 6:43:19 PM","Cutting Unit - Cut finished","HMI_Connection_2"
46216780095.6134,2,0,64,74,"1015","120",,,,,,,"7/13/2026 6:43:20 PM","Deployment in Progress - Layer Nr. 1015 Matt. No.120","HMI_Connection_2"
46216780107.1412,2,0,64,149,,,,,,,,,"7/13/2026 6:43:21 PM","Cutting Unit - Cut startet","HMI_Connection_2"
46216780107.1412,2,0,64,150,,,,,,,,,"7/13/2026 6:43:21 PM","Cutting Unit - Cut finished","HMI_Connection_2"
46216780112.5347,2,1,65,2000,"1016","1017",,,,,,,"7/13/2026 6:43:22 PM","Layer Nr:1016 Next Layer Nr : 1017  ","<internal>"
46216780118.2986,2,1,64,37,,,,,,,,,"7/13/2026 6:43:22 PM","Wagon waiting for Feeder","HMI_Connection_2"
46216780118.2986,2,1,64,72,,,,,,,,,"7/13/2026 6:43:22 PM","Unwinder Material Tension","HMI_Connection_2"
46216780130.3356,2,1,64,36,,,,,,,,,"7/13/2026 6:43:23 PM","Wagon to start position","HMI_Connection_2"
46216780153.044,2,0,64,37,,,,,,,,,"7/13/2026 6:43:25 PM","Wagon waiting for Feeder","HMI_Connection_2"
46216780153.044,2,0,64,72,,,,,,,,,"7/13/2026 6:43:25 PM","Unwinder Material Tension","HMI_Connection_2"
46216780153.044,2,1,64,74,"1016","119",,,,,,,"7/13/2026 6:43:25 PM","Deployment in Progress - Layer Nr. 1016 Matt. No.119","HMI_Connection_2"
46216780176.1921,2,1,64,149,,,,,,,,,"7/13/2026 6:43:27 PM","Cutting Unit - Cut startet","HMI_Connection_2"
46216780176.1921,2,0,64,36,,,,,,,,,"7/13/2026 6:43:27 PM","Wagon to start position","HMI_Connection_2"
46216780199.7917,2,1,64,150,,,,,,,,,"7/13/2026 6:43:29 PM","Cutting Unit - Cut finished","HMI_Connection_2"
46216780211.3194,2,0,64,74,"1016","119",,,,,,,"7/13/2026 6:43:30 PM","Deployment in Progress - Layer Nr. 1016 Matt. No.119","HMI_Connection_2"
46216780222.4769,2,0,64,149,,,,,,,,,"7/13/2026 6:43:31 PM","Cutting Unit - Cut startet","HMI_Connection_2"
46216780222.4769,2,0,64,150,,,,,,,,,"7/13/2026 6:43:31 PM","Cutting Unit - Cut finished","HMI_Connection_2"
46216780222.5695,2,0,65,2000,"1016","1017",,,,,,,"7/13/2026 6:43:31 PM","Layer Nr:1016 Next Layer Nr : 1017  ","<internal>"
46216780234.0625,2,1,64,37,,,,,,,,,"7/13/2026 6:43:32 PM","Wagon waiting for Feeder","HMI_Connection_2"
46216780234.0625,2,1,64,72,,,,,,,,,"7/13/2026 6:43:32 PM","Unwinder Material Tension","HMI_Connection_2"
46216780246.0417,2,1,64,36,,,,,,,,,"7/13/2026 6:43:33 PM","Wagon to start position","HMI_Connection_2"
46216780246.0417,2,1,64,112,,,,,,,,,"7/13/2026 6:43:33 PM","Lowering Pallet","HMI_Connection_2"
46216780257.6389,2,0,64,37,,,,,,,,,"7/13/2026 6:43:34 PM","Wagon waiting for Feeder","HMI_Connection_2"
46216780257.6389,2,0,64,72,,,,,,,,,"7/13/2026 6:43:34 PM","Unwinder Material Tension","HMI_Connection_2"
46216780280.3588,2,1,64,74,"1017","118",,,,,,,"7/13/2026 6:43:36 PM","Deployment in Progress - Layer Nr. 1017 Matt. No.118","HMI_Connection_2"
46216780291.9213,2,0,64,36,,,,,,,,,"7/13/2026 6:43:37 PM","Wagon to start position","HMI_Connection_2"
46216780291.9213,2,0,64,112,,,,,,,,,"7/13/2026 6:43:37 PM","Lowering Pallet","HMI_Connection_2"
46216780303.5069,2,1,64,149,,,,,,,,,"7/13/2026 6:43:38 PM","Cutting Unit - Cut startet","HMI_Connection_2"
46216780315.081,2,0,64,74,"1017","118",,,,,,,"7/13/2026 6:43:39 PM","Deployment in Progress - Layer Nr. 1017 Matt. No.118","HMI_Connection_2"
46216780327.0718,2,1,64,150,,,,,,,,,"7/13/2026 6:43:40 PM","Cutting Unit - Cut finished","HMI_Connection_2"
46216780349.8032,2,0,64,149,,,,,,,,,"7/13/2026 6:43:42 PM","Cutting Unit - Cut startet","HMI_Connection_2"
46216780349.8032,2,0,64,150,,,,,,,,,"7/13/2026 6:43:42 PM","Cutting Unit - Cut finished","HMI_Connection_2"
46216780349.8032,2,1,64,37,,,,,,,,,"7/13/2026 6:43:42 PM","Wagon waiting for Feeder","HMI_Connection_2"
46216780349.8032,2,1,64,72,,,,,,,,,"7/13/2026 6:43:42 PM","Unwinder Material Tension","HMI_Connection_2"
46216780349.8727,2,1,65,2000,"1018","1019",,,,,,,"7/13/2026 6:43:42 PM","Layer Nr:1018 Next Layer Nr : 1019  ","<internal>"
46216780361.8056,2,1,64,36,,,,,,,,,"7/13/2026 6:43:43 PM","Wagon to start position","HMI_Connection_2"
46216780384.537,2,0,64,37,,,,,,,,,"7/13/2026 6:43:45 PM","Wagon waiting for Feeder","HMI_Connection_2"
46216780384.537,2,0,64,72,,,,,,,,,"7/13/2026 6:43:45 PM","Unwinder Material Tension","HMI_Connection_2"
46216780384.537,2,1,64,74,"1018","117",,,,,,,"7/13/2026 6:43:45 PM","Deployment in Progress - Layer Nr. 1018 Matt. No.117","HMI_Connection_2"
46216780407.6852,2,1,64,149,,,,,,,,,"7/13/2026 6:43:47 PM","Cutting Unit - Cut startet","HMI_Connection_2"
46216780407.6852,2,0,64,36,,,,,,,,,"7/13/2026 6:43:47 PM","Wagon to start position","HMI_Connection_2"
46216780430.8449,2,1,64,150,,,,,,,,,"7/13/2026 6:43:49 PM","Cutting Unit - Cut finished","HMI_Connection_2"
46216780442.8472,2,0,64,74,"1018","117",,,,,,,"7/13/2026 6:43:50 PM","Deployment in Progress - Layer Nr. 1018 Matt. No.117","HMI_Connection_2"
46216780453.9815,2,0,64,149,,,,,,,,,"7/13/2026 6:43:51 PM","Cutting Unit - Cut startet","HMI_Connection_2"
46216780453.9815,2,0,64,150,,,,,,,,,"7/13/2026 6:43:51 PM","Cutting Unit - Cut finished","HMI_Connection_2"
46216780459.7685,2,0,65,2000,"1019","1020",,,,,,,"7/13/2026 6:43:52 PM","Layer Nr:1019 Next Layer Nr : 1020  ","<internal>"
46216780465.5671,2,1,64,36,,,,,,,,,"7/13/2026 6:43:52 PM","Wagon to start position","HMI_Connection_2"
46216780465.5671,2,1,64,37,,,,,,,,,"7/13/2026 6:43:52 PM","Wagon waiting for Feeder","HMI_Connection_2"
46216780465.5671,2,1,64,72,,,,,,,,,"7/13/2026 6:43:52 PM","Unwinder Material Tension","HMI_Connection_2"
46216780500.2894,2,0,64,37,,,,,,,,,"7/13/2026 6:43:55 PM","Wagon waiting for Feeder","HMI_Connection_2"
46216780500.2894,2,0,64,72,,,,,,,,,"7/13/2026 6:43:55 PM","Unwinder Material Tension","HMI_Connection_2"
46216780500.2894,2,1,64,74,"1019","116",,,,,,,"7/13/2026 6:43:55 PM","Deployment in Progress - Layer Nr. 1019 Matt. No.116","HMI_Connection_2"
46216780523.4143,2,1,64,149,,,,,,,,,"7/13/2026 6:43:57 PM","Cutting Unit - Cut startet","HMI_Connection_2"
46216780523.4259,2,0,64,36,,,,,,,,,"7/13/2026 6:43:57 PM","Wagon to start position","HMI_Connection_2"
46216780547.0139,2,1,64,150,,,,,,,,,"7/13/2026 6:43:59 PM","Cutting Unit - Cut finished","HMI_Connection_2"
46216780558.6227,2,0,64,74,"1019","116",,,,,,,"7/13/2026 6:44:00 PM","Deployment in Progress - Layer Nr. 1019 Matt. No.116","HMI_Connection_2"
46216780569.7454,2,0,64,149,,,,,,,,,"7/13/2026 6:44:01 PM","Cutting Unit - Cut startet","HMI_Connection_2"
46216780569.7454,2,0,64,150,,,,,,,,,"7/13/2026 6:44:01 PM","Cutting Unit - Cut finished","HMI_Connection_2"
46216780569.8264,2,1,65,2000,"1020","1021",,,,,,,"7/13/2026 6:44:01 PM","Layer Nr:1020 Next Layer Nr : 1021  ","<internal>"
46216780581.7477,2,1,64,36,,,,,,,,,"7/13/2026 6:44:02 PM","Wagon to start position","HMI_Connection_2"
46216780581.7477,2,1,64,37,,,,,,,,,"7/13/2026 6:44:02 PM","Wagon waiting for Feeder","HMI_Connection_2"
46216780581.7477,2,1,64,72,,,,,,,,,"7/13/2026 6:44:02 PM","Unwinder Material Tension","HMI_Connection_2"
46216780604.8727,2,0,64,37,,,,,,,,,"7/13/2026 6:44:04 PM","Wagon waiting for Feeder","HMI_Connection_2"
46216780604.8727,2,0,64,72,,,,,,,,,"7/13/2026 6:44:04 PM","Unwinder Material Tension","HMI_Connection_2"
46216780616.0301,2,1,64,74,"1020","115",,,,,,,"7/13/2026 6:44:05 PM","Deployment in Progress - Layer Nr. 1020 Matt. No.115","HMI_Connection_2"
46216780639.1898,2,1,64,149,,,,,,,,,"7/13/2026 6:44:07 PM","Cutting Unit - Cut startet","HMI_Connection_2"
46216780639.1898,2,0,64,36,,,,,,,,,"7/13/2026 6:44:07 PM","Wagon to start position","HMI_Connection_2"
46216780650.7523,2,1,64,150,,,,,,,,,"7/13/2026 6:44:08 PM","Cutting Unit - Cut finished","HMI_Connection_2"
46216780662.7894,2,0,64,74,"1020","115",,,,,,,"7/13/2026 6:44:09 PM","Deployment in Progress - Layer Nr. 1020 Matt. No.115","HMI_Connection_2"
46216780674.3171,2,0,64,149,,,,,,,,,"7/13/2026 6:44:10 PM","Cutting Unit - Cut startet","HMI_Connection_2"
46216780674.3171,2,0,64,150,,,,,,,,,"7/13/2026 6:44:10 PM","Cutting Unit - Cut finished","HMI_Connection_2"
46216780679.6759,2,0,65,2000,"1021","1022",,,,,,,"7/13/2026 6:44:11 PM","Layer Nr:1021 Next Layer Nr : 1022  ","<internal>"
46216780685.4745,2,1,64,37,,,,,,,,,"7/13/2026 6:44:11 PM","Wagon waiting for Feeder","HMI_Connection_2"
46216780685.4745,2,1,64,72,,,,,,,,,"7/13/2026 6:44:11 PM","Unwinder Material Tension","HMI_Connection_2"
46216780697.4421,2,1,64,36,,,,,,,,,"7/13/2026 6:44:12 PM","Wagon to start position","HMI_Connection_2"
46216780720.1968,2,0,64,37,,,,,,,,,"7/13/2026 6:44:14 PM","Wagon waiting for Feeder","HMI_Connection_2"
46216780720.1968,2,0,64,72,,,,,,,,,"7/13/2026 6:44:14 PM","Unwinder Material Tension","HMI_Connection_2"
46216780720.1968,2,1,64,74,"1021","114",,,,,,,"7/13/2026 6:44:14 PM","Deployment in Progress - Layer Nr. 1021 Matt. No.114","HMI_Connection_2"
46216780743.3449,2,1,64,149,,,,,,,,,"7/13/2026 6:44:16 PM","Cutting Unit - Cut startet","HMI_Connection_2"
46216780743.3565,2,0,64,36,,,,,,,,,"7/13/2026 6:44:16 PM","Wagon to start position","HMI_Connection_2"
46216780766.956,2,1,64,150,,,,,,,,,"7/13/2026 6:44:18 PM","Cutting Unit - Cut finished","HMI_Connection_2"
46216780778.4838,2,0,64,74,"1021","114",,,,,,,"7/13/2026 6:44:19 PM","Deployment in Progress - Layer Nr. 1021 Matt. No.114","HMI_Connection_2"
46216780789.6528,2,0,64,149,,,,,,,,,"7/13/2026 6:44:20 PM","Cutting Unit - Cut startet","HMI_Connection_2"
46216780789.6528,2,0,64,150,,,,,,,,,"7/13/2026 6:44:20 PM","Cutting Unit - Cut finished","HMI_Connection_2"
46216780789.7222,2,1,65,2000,"1021","1022",,,,,,,"7/13/2026 6:44:20 PM","Layer Nr:1021 Next Layer Nr : 1022  ","<internal>"
46216780801.2269,2,1,64,37,,,,,,,,,"7/13/2026 6:44:21 PM","Wagon waiting for Feeder","HMI_Connection_2"
46216780801.2269,2,1,64,72,,,,,,,,,"7/13/2026 6:44:21 PM","Unwinder Material Tension","HMI_Connection_2"
46216780812.8125,2,1,64,112,,,,,,,,,"7/13/2026 6:44:22 PM","Lowering Pallet","HMI_Connection_2"
46216780824.3634,2,0,64,37,,,,,,,,,"7/13/2026 6:44:23 PM","Wagon waiting for Feeder","HMI_Connection_2"
46216780824.3634,2,0,64,72,,,,,,,,,"7/13/2026 6:44:23 PM","Unwinder Material Tension","HMI_Connection_2"
46216780836.4005,2,1,64,36,,,,,,,,,"7/13/2026 6:44:24 PM","Wagon to start position","HMI_Connection_2"
46216780836.4005,2,1,64,37,,,,,,,,,"7/13/2026 6:44:24 PM","Wagon waiting for Feeder","HMI_Connection_2"
46216780859.0856,2,0,64,112,,,,,,,,,"7/13/2026 6:44:26 PM","Lowering Pallet","HMI_Connection_2"
46216780870.6829,2,1,64,74,"1022","113",,,,,,,"7/13/2026 6:44:27 PM","Deployment in Progress - Layer Nr. 1022 Matt. No.113","HMI_Connection_2"
46216780882.2569,2,1,64,149,,,,,,,,,"7/13/2026 6:44:28 PM","Cutting Unit - Cut startet","HMI_Connection_2"
46216780882.2569,2,0,64,36,,,,,,,,,"7/13/2026 6:44:28 PM","Wagon to start position","HMI_Connection_2"
46216780882.2569,2,0,64,37,,,,,,,,,"7/13/2026 6:44:28 PM","Wagon waiting for Feeder","HMI_Connection_2"
46216780905.3935,2,1,64,150,,,,,,,,,"7/13/2026 6:44:30 PM","Cutting Unit - Cut finished","HMI_Connection_2"
46216780917.3727,2,0,64,74,"1022","113",,,,,,,"7/13/2026 6:44:31 PM","Deployment in Progress - Layer Nr. 1022 Matt. No.113","HMI_Connection_2"
46216780928.5301,2,0,64,149,,,,,,,,,"7/13/2026 6:44:32 PM","Cutting Unit - Cut startet","HMI_Connection_2"
46216780928.5301,2,0,64,150,,,,,,,,,"7/13/2026 6:44:32 PM","Cutting Unit - Cut finished","HMI_Connection_2"
46216780934.3403,2,0,65,2000,"1023","1024",,,,,,,"7/13/2026 6:44:33 PM","Layer Nr:1023 Next Layer Nr : 1024  ","<internal>"
46216780940.5671,2,1,64,36,,,,,,,,,"7/13/2026 6:44:33 PM","Wagon to start position","HMI_Connection_2"
46216780940.5671,2,1,64,37,,,,,,,,,"7/13/2026 6:44:33 PM","Wagon waiting for Feeder","HMI_Connection_2"
46216780940.5671,2,1,64,72,,,,,,,,,"7/13/2026 6:44:33 PM","Unwinder Material Tension","HMI_Connection_2"
46216780963.7037,2,0,64,37,,,,,,,,,"7/13/2026 6:44:35 PM","Wagon waiting for Feeder","HMI_Connection_2"
46216780963.7037,2,0,64,72,,,,,,,,,"7/13/2026 6:44:35 PM","Unwinder Material Tension","HMI_Connection_2"
46216780974.8611,2,1,64,74,"1023","112",,,,,,,"7/13/2026 6:44:36 PM","Deployment in Progress - Layer Nr. 1023 Matt. No.112","HMI_Connection_2"
46216780997.9977,2,1,64,149,,,,,,,,,"7/13/2026 6:44:38 PM","Cutting Unit - Cut startet","HMI_Connection_2"
46216780997.9977,2,0,64,36,,,,,,,,,"7/13/2026 6:44:38 PM","Wagon to start position","HMI_Connection_2"
46216781021.5393,2,1,64,150,,,,,,,,,"7/13/2026 6:44:40 PM","Cutting Unit - Cut finished","HMI_Connection_2"
46216781033.1366,2,0,64,74,"1023","112",,,,,,,"7/13/2026 6:44:41 PM","Deployment in Progress - Layer Nr. 1023 Matt. No.112","HMI_Connection_2"
46216781044.294,2,0,64,149,,,,,,,,,"7/13/2026 6:44:42 PM","Cutting Unit - Cut startet","HMI_Connection_2"
46216781044.294,2,0,64,150,,,,,,,,,"7/13/2026 6:44:42 PM","Cutting Unit - Cut finished","HMI_Connection_2"
46216781044.3866,2,1,65,2000,"1024","1025",,,,,,,"7/13/2026 6:44:42 PM","Layer Nr:1024 Next Layer Nr : 1025  ","<internal>"
46216781056.2037,2,1,64,36,,,,,,,,,"7/13/2026 6:44:43 PM","Wagon to start position","HMI_Connection_2"
46216781056.2037,2,1,64,37,,,,,,,,,"7/13/2026 6:44:43 PM","Wagon waiting for Feeder","HMI_Connection_2"
46216781056.2037,2,1,64,72,,,,,,,,,"7/13/2026 6:44:43 PM","Unwinder Material Tension","HMI_Connection_2"
46216781079.456,2,0,64,37,,,,,,,,,"7/13/2026 6:44:45 PM","Wagon waiting for Feeder","HMI_Connection_2"
46216781079.456,2,0,64,72,,,,,,,,,"7/13/2026 6:44:45 PM","Unwinder Material Tension","HMI_Connection_2"
46216781090.6019,2,1,64,74,"1024","111",,,,,,,"7/13/2026 6:44:46 PM","Deployment in Progress - Layer Nr. 1024 Matt. No.111","HMI_Connection_2"
46216781113.75,2,1,64,149,,,,,,,,,"7/13/2026 6:44:48 PM","Cutting Unit - Cut startet","HMI_Connection_2"
46216781113.75,2,0,64,36,,,,,,,,,"7/13/2026 6:44:48 PM","Wagon to start position","HMI_Connection_2"
46216781137.3032,2,1,64,150,,,,,,,,,"7/13/2026 6:44:50 PM","Cutting Unit - Cut finished","HMI_Connection_2"
46216781137.3032,2,0,64,74,"1024","111",,,,,,,"7/13/2026 6:44:50 PM","Deployment in Progress - Layer Nr. 1024 Matt. No.111","HMI_Connection_2"
46216781148.9005,2,0,64,149,,,,,,,,,"7/13/2026 6:44:51 PM","Cutting Unit - Cut startet","HMI_Connection_2"
46216781148.9005,2,0,64,150,,,,,,,,,"7/13/2026 6:44:51 PM","Cutting Unit - Cut finished","HMI_Connection_2"
46216781154.2708,2,0,65,2000,"1024","1025",,,,,,,"7/13/2026 6:44:52 PM","Layer Nr:1024 Next Layer Nr : 1025  ","<internal>"
46216781160.0463,2,1,64,37,,,,,,,,,"7/13/2026 6:44:52 PM","Wagon waiting for Feeder","HMI_Connection_2"
46216781160.0463,2,1,64,72,,,,,,,,,"7/13/2026 6:44:52 PM","Unwinder Material Tension","HMI_Connection_2"
46216781172.037,2,1,64,36,,,,,,,,,"7/13/2026 6:44:53 PM","Wagon to start position","HMI_Connection_2"
46216781194.7801,2,0,64,37,,,,,,,,,"7/13/2026 6:44:55 PM","Wagon waiting for Feeder","HMI_Connection_2"
46216781194.7801,2,0,64,72,,,,,,,,,"7/13/2026 6:44:55 PM","Unwinder Material Tension","HMI_Connection_2"
46216781194.7801,2,1,64,74,"1025","110",,,,,,,"7/13/2026 6:44:55 PM","Deployment in Progress - Layer Nr. 1025 Matt. No.110","HMI_Connection_2"
46216781217.9167,2,1,64,149,,,,,,,,,"7/13/2026 6:44:57 PM","Cutting Unit - Cut startet","HMI_Connection_2"
46216781217.9167,2,0,64,36,,,,,,,,,"7/13/2026 6:44:57 PM","Wagon to start position","HMI_Connection_2"
46216781241.4815,2,1,64,150,,,,,,,,,"7/13/2026 6:44:59 PM","Cutting Unit - Cut finished","HMI_Connection_2"
46216781253.0787,2,0,64,74,"1025","110",,,,,,,"7/13/2026 6:45:00 PM","Deployment in Progress - Layer Nr. 1025 Matt. No.110","HMI_Connection_2"
46216781264.2245,2,0,64,149,,,,,,,,,"7/13/2026 6:45:01 PM","Cutting Unit - Cut startet","HMI_Connection_2"
46216781264.2245,2,0,64,150,,,,,,,,,"7/13/2026 6:45:01 PM","Cutting Unit - Cut finished","HMI_Connection_2"
46216781270,2,1,65,2000,"1026","1027",,,,,,,"7/13/2026 6:45:02 PM","Layer Nr:1026 Next Layer Nr : 1027  ","<internal>"
46216781276.2037,2,1,64,36,,,,,,,,,"7/13/2026 6:45:02 PM","Wagon to start position","HMI_Connection_2"
46216781276.2037,2,1,64,37,,,,,,,,,"7/13/2026 6:45:02 PM","Wagon waiting for Feeder","HMI_Connection_2"
46216781276.2037,2,1,64,72,,,,,,,,,"7/13/2026 6:45:02 PM","Unwinder Material Tension","HMI_Connection_2"
46216781299.3866,2,0,64,37,,,,,,,,,"7/13/2026 6:45:04 PM","Wagon waiting for Feeder","HMI_Connection_2"
46216781299.3866,2,0,64,72,,,,,,,,,"7/13/2026 6:45:04 PM","Unwinder Material Tension","HMI_Connection_2"
46216781310.5208,2,1,64,74,"1026","109",,,,,,,"7/13/2026 6:45:05 PM","Deployment in Progress - Layer Nr. 1026 Matt. No.109","HMI_Connection_2"
46216781333.669,2,1,64,149,,,,,,,,,"7/13/2026 6:45:07 PM","Cutting Unit - Cut startet","HMI_Connection_2"
46216781333.669,2,0,64,36,,,,,,,,,"7/13/2026 6:45:07 PM","Wagon to start position","HMI_Connection_2"
46216781357.2338,2,1,64,150,,,,,,,,,"7/13/2026 6:45:09 PM","Cutting Unit - Cut finished","HMI_Connection_2"
46216781357.2338,2,0,64,74,"1026","109",,,,,,,"7/13/2026 6:45:09 PM","Deployment in Progress - Layer Nr. 1026 Matt. No.109","HMI_Connection_2"
46216781368.8426,2,0,64,149,,,,,,,,,"7/13/2026 6:45:10 PM","Cutting Unit - Cut startet","HMI_Connection_2"
46216781368.8426,2,0,64,150,,,,,,,,,"7/13/2026 6:45:10 PM","Cutting Unit - Cut finished","HMI_Connection_2"
46216781379.9769,2,1,64,37,,,,,,,,,"7/13/2026 6:45:11 PM","Wagon waiting for Feeder","HMI_Connection_2"
46216781379.9769,2,1,64,72,,,,,,,,,"7/13/2026 6:45:11 PM","Unwinder Material Tension","HMI_Connection_2"
46216781380.0579,2,0,65,2000,"1027","1028",,,,,,,"7/13/2026 6:45:11 PM","Layer Nr:1027 Next Layer Nr : 1028  ","<internal>"
46216781391.5625,2,1,64,112,,,,,,,,,"7/13/2026 6:45:12 PM","Lowering Pallet","HMI_Connection_2"
46216781414.6991,2,0,64,37,,,,,,,,,"7/13/2026 6:45:14 PM","Wagon waiting for Feeder","HMI_Connection_2"
46216781414.6991,2,0,64,72,,,,,,,,,"7/13/2026 6:45:14 PM","Unwinder Material Tension","HMI_Connection_2"
46216781438.287,2,1,64,36,,,,,,,,,"7/13/2026 6:45:16 PM","Wagon to start position","HMI_Connection_2"
46216781438.287,2,1,64,37,,,,,,,,,"7/13/2026 6:45:16 PM","Wagon waiting for Feeder","HMI_Connection_2"
46216781438.287,2,0,64,112,,,,,,,,,"7/13/2026 6:45:16 PM","Lowering Pallet","HMI_Connection_2"
46216781472.5695,2,0,64,36,,,,,,,,,"7/13/2026 6:45:19 PM","Wagon to start position","HMI_Connection_2"
46216781472.5695,2,0,64,37,,,,,,,,,"7/13/2026 6:45:19 PM","Wagon waiting for Feeder","HMI_Connection_2"
46216781472.5695,2,1,64,74,"1027","108",,,,,,,"7/13/2026 6:45:19 PM","Deployment in Progress - Layer Nr. 1027 Matt. No.108","HMI_Connection_2"
46216781484.1435,2,1,64,149,,,,,,,,,"7/13/2026 6:45:20 PM","Cutting Unit - Cut startet","HMI_Connection_2"
46216781495.7292,2,0,64,74,"1027","108",,,,,,,"7/13/2026 6:45:21 PM","Deployment in Progress - Layer Nr. 1027 Matt. No.108","HMI_Connection_2"
46216781507.7315,2,1,64,150,,,,,,,,,"7/13/2026 6:45:22 PM","Cutting Unit - Cut finished","HMI_Connection_2"
46216781530.4514,2,0,64,149,,,,,,,,,"7/13/2026 6:45:24 PM","Cutting Unit - Cut startet","HMI_Connection_2"
46216781530.4514,2,0,64,150,,,,,,,,,"7/13/2026 6:45:24 PM","Cutting Unit - Cut finished","HMI_Connection_2"
46216781530.5208,2,1,65,2000,"1027","1028",,,,,,,"7/13/2026 6:45:24 PM","Layer Nr:1027 Next Layer Nr : 1028  ","<internal>"
46216781542.4537,2,1,64,36,,,,,,,,,"7/13/2026 6:45:25 PM","Wagon to start position","HMI_Connection_2"
46216781542.4537,2,1,64,37,,,,,,,,,"7/13/2026 6:45:25 PM","Wagon waiting for Feeder","HMI_Connection_2"
46216781542.4537,2,1,64,72,,,,,,,,,"7/13/2026 6:45:25 PM","Unwinder Material Tension","HMI_Connection_2"
46216781565.5787,2,0,64,37,,,,,,,,,"7/13/2026 6:45:27 PM","Wagon waiting for Feeder","HMI_Connection_2"
46216781565.5787,2,0,64,72,,,,,,,,,"7/13/2026 6:45:27 PM","Unwinder Material Tension","HMI_Connection_2"
46216781576.7477,2,1,64,74,"1028","107",,,,,,,"7/13/2026 6:45:28 PM","Deployment in Progress - Layer Nr. 1028 Matt. No.107","HMI_Connection_2"
46216781599.9074,2,1,64,149,,,,,,,,,"7/13/2026 6:45:30 PM","Cutting Unit - Cut startet","HMI_Connection_2"
46216781599.9074,2,0,64,36,,,,,,,,,"7/13/2026 6:45:30 PM","Wagon to start position","HMI_Connection_2"
46216781611.4699,2,1,64,150,,,,,,,,,"7/13/2026 6:45:31 PM","Cutting Unit - Cut finished","HMI_Connection_2"
46216781623.4954,2,0,64,74,"1028","107",,,,,,,"7/13/2026 6:45:32 PM","Deployment in Progress - Layer Nr. 1028 Matt. No.107","HMI_Connection_2"
46216781635.0232,2,0,64,149,,,,,,,,,"7/13/2026 6:45:33 PM","Cutting Unit - Cut startet","HMI_Connection_2"
46216781635.0232,2,0,64,150,,,,,,,,,"7/13/2026 6:45:33 PM","Cutting Unit - Cut finished","HMI_Connection_2"
46216781646.2037,2,1,64,37,,,,,,,,,"7/13/2026 6:45:34 PM","Wagon waiting for Feeder","HMI_Connection_2"
46216781646.2037,2,1,64,72,,,,,,,,,"7/13/2026 6:45:34 PM","Unwinder Material Tension","HMI_Connection_2"
46216781646.2731,2,0,65,2000,"1029","1030",,,,,,,"7/13/2026 6:45:34 PM","Layer Nr:1029 Next Layer Nr : 1030  ","<internal>"
46216781658.2176,2,1,64,36,,,,,,,,,"7/13/2026 6:45:35 PM","Wagon to start position","HMI_Connection_2"
46216781680.9259,2,0,64,37,,,,,,,,,"7/13/2026 6:45:37 PM","Wagon waiting for Feeder","HMI_Connection_2"
46216781680.9259,2,0,64,72,,,,,,,,,"7/13/2026 6:45:37 PM","Unwinder Material Tension","HMI_Connection_2"
46216781680.9259,2,1,64,74,"1029","106",,,,,,,"7/13/2026 6:45:37 PM","Deployment in Progress - Layer Nr. 1029 Matt. No.106","HMI_Connection_2"
46216781704.0741,2,1,64,149,,,,,,,,,"7/13/2026 6:45:39 PM","Cutting Unit - Cut startet","HMI_Connection_2"
46216781704.0741,2,0,64,36,,,,,,,,,"7/13/2026 6:45:39 PM","Wagon to start position","HMI_Connection_2"
46216781727.2222,2,1,64,150,,,,,,,,,"7/13/2026 6:45:41 PM","Cutting Unit - Cut finished","HMI_Connection_2"
46216781739.1204,2,0,64,74,"1029","106",,,,,,,"7/13/2026 6:45:42 PM","Deployment in Progress - Layer Nr. 1029 Matt. No.106","HMI_Connection_2"
46216781750.3588,2,0,64,149,,,,,,,,,"7/13/2026 6:45:43 PM","Cutting Unit - Cut startet","HMI_Connection_2"
46216781750.3588,2,0,64,150,,,,,,,,,"7/13/2026 6:45:43 PM","Cutting Unit - Cut finished","HMI_Connection_2"
46216781756.3195,2,1,65,2000,"1030","1031",,,,,,,"7/13/2026 6:45:44 PM","Layer Nr:1030 Next Layer Nr : 1031  ","<internal>"
46216781762.5231,2,1,64,36,,,,,,,,,"7/13/2026 6:45:44 PM","Wagon to start position","HMI_Connection_2"
46216781762.5231,2,1,64,37,,,,,,,,,"7/13/2026 6:45:44 PM","Wagon waiting for Feeder","HMI_Connection_2"
46216781762.5231,2,1,64,72,,,,,,,,,"7/13/2026 6:45:44 PM","Unwinder Material Tension","HMI_Connection_2"
46216781785.6597,2,0,64,37,,,,,,,,,"7/13/2026 6:45:46 PM","Wagon waiting for Feeder","HMI_Connection_2"
46216781785.6597,2,0,64,72,,,,,,,,,"7/13/2026 6:45:46 PM","Unwinder Material Tension","HMI_Connection_2"
46216781796.8403,2,1,64,74,"1030","105",,,,,,,"7/13/2026 6:45:47 PM","Deployment in Progress - Layer Nr. 1030 Matt. No.105","HMI_Connection_2"
46216781819.9884,2,1,64,149,,,,,,,,,"7/13/2026 6:45:49 PM","Cutting Unit - Cut startet","HMI_Connection_2"
46216781819.9884,2,0,64,36,,,,,,,,,"7/13/2026 6:45:49 PM","Wagon to start position","HMI_Connection_2"
46216781843.5764,2,1,64,150,,,,,,,,,"7/13/2026 6:45:51 PM","Cutting Unit - Cut finished","HMI_Connection_2"
46216781855.1042,2,0,64,74,"1030","105",,,,,,,"7/13/2026 6:45:52 PM","Deployment in Progress - Layer Nr. 1030 Matt. No.105","HMI_Connection_2"
46216781866.2847,2,0,64,149,,,,,,,,,"7/13/2026 6:45:53 PM","Cutting Unit - Cut startet","HMI_Connection_2"
46216781866.2847,2,0,64,150,,,,,,,,,"7/13/2026 6:45:53 PM","Cutting Unit - Cut finished","HMI_Connection_2"
46216781866.2847,2,1,64,37,,,,,,,,,"7/13/2026 6:45:53 PM","Wagon waiting for Feeder","HMI_Connection_2"
46216781866.2847,2,1,64,72,,,,,,,,,"7/13/2026 6:45:53 PM","Unwinder Material Tension","HMI_Connection_2"
46216781866.3889,2,0,65,2000,"1031","1032",,,,,,,"7/13/2026 6:45:53 PM","Layer Nr:1031 Next Layer Nr : 1032  ","<internal>"
46216781878.2986,2,1,64,36,,,,,,,,,"7/13/2026 6:45:54 PM","Wagon to start position","HMI_Connection_2"
46216781901.0185,2,0,64,37,,,,,,,,,"7/13/2026 6:45:56 PM","Wagon waiting for Feeder","HMI_Connection_2"
46216781901.0185,2,0,64,72,,,,,,,,,"7/13/2026 6:45:56 PM","Unwinder Material Tension","HMI_Connection_2"
46216781912.5926,2,1,64,74,"1031","104",,,,,,,"7/13/2026 6:45:57 PM","Deployment in Progress - Layer Nr. 1031 Matt. No.104","HMI_Connection_2"
46216781924.1435,2,0,64,36,,,,,,,,,"7/13/2026 6:45:58 PM","Wagon to start position","HMI_Connection_2"
46216781935.7292,2,1,64,149,,,,,,,,,"7/13/2026 6:45:59 PM","Cutting Unit - Cut startet","HMI_Connection_2"
46216781947.3032,2,1,64,150,,,,,,,,,"7/13/2026 6:46:00 PM","Cutting Unit - Cut finished","HMI_Connection_2"
46216781959.3403,2,0,64,74,"1031","104",,,,,,,"7/13/2026 6:46:01 PM","Deployment in Progress - Layer Nr. 1031 Matt. No.104","HMI_Connection_2"
46216781970.463,2,0,64,149,,,,,,,,,"7/13/2026 6:46:02 PM","Cutting Unit - Cut startet","HMI_Connection_2"
46216781970.463,2,0,64,150,,,,,,,,,"7/13/2026 6:46:02 PM","Cutting Unit - Cut finished","HMI_Connection_2"
46216781976.2616,2,1,65,2000,"1032","1033",,,,,,,"7/13/2026 6:46:03 PM","Layer Nr:1032 Next Layer Nr : 1033  ","<internal>"
46216781982.037,2,1,64,37,,,,,,,,,"7/13/2026 6:46:03 PM","Wagon waiting for Feeder","HMI_Connection_2"
46216781982.037,2,1,64,72,,,,,,,,,"7/13/2026 6:46:03 PM","Unwinder Material Tension","HMI_Connection_2"
46216781993.5995,2,1,64,112,,,,,,,,,"7/13/2026 6:46:04 PM","Lowering Pallet","HMI_Connection_2"
46216782005.5903,2,1,64,36,,,,,,,,,"7/13/2026 6:46:05 PM","Wagon to start position","HMI_Connection_2"
46216782017.1875,2,0,64,37,,,,,,,,,"7/13/2026 6:46:06 PM","Wagon waiting for Feeder","HMI_Connection_2"
46216782017.1875,2,0,64,72,,,,,,,,,"7/13/2026 6:46:06 PM","Unwinder Material Tension","HMI_Connection_2"
46216782028.3218,2,1,64,74,"1032","103",,,,,,,"7/13/2026 6:46:07 PM","Deployment in Progress - Layer Nr. 1032 Matt. No.103","HMI_Connection_2"
46216782039.9074,2,0,64,36,,,,,,,,,"7/13/2026 6:46:08 PM","Wagon to start position","HMI_Connection_2"
46216782039.9074,2,0,64,112,,,,,,,,,"7/13/2026 6:46:08 PM","Lowering Pallet","HMI_Connection_2"
46216782051.4699,2,1,64,149,,,,,,,,,"7/13/2026 6:46:09 PM","Cutting Unit - Cut startet","HMI_Connection_2"
46216782075.0347,2,1,64,150,,,,,,,,,"7/13/2026 6:46:11 PM","Cutting Unit - Cut finished","HMI_Connection_2"
46216782075.0347,2,0,64,74,"1032","103",,,,,,,"7/13/2026 6:46:11 PM","Deployment in Progress - Layer Nr. 1032 Matt. No.103","HMI_Connection_2"
46216782097.7778,2,0,64,149,,,,,,,,,"7/13/2026 6:46:13 PM","Cutting Unit - Cut startet","HMI_Connection_2"
46216782097.7778,2,0,64,150,,,,,,,,,"7/13/2026 6:46:13 PM","Cutting Unit - Cut finished","HMI_Connection_2"
46216782097.7778,2,1,64,37,,,,,,,,,"7/13/2026 6:46:13 PM","Wagon waiting for Feeder","HMI_Connection_2"
46216782097.7778,2,1,64,72,,,,,,,,,"7/13/2026 6:46:13 PM","Unwinder Material Tension","HMI_Connection_2"
46216782097.8588,2,0,65,2000,"1033","1034",,,,,,,"7/13/2026 6:46:13 PM","Layer Nr:1033 Next Layer Nr : 1034  ","<internal>"
46216782109.7569,2,1,64,36,,,,,,,,,"7/13/2026 6:46:14 PM","Wagon to start position","HMI_Connection_2"
46216782132.5,2,0,64,37,,,,,,,,,"7/13/2026 6:46:16 PM","Wagon waiting for Feeder","HMI_Connection_2"
46216782132.5,2,0,64,72,,,,,,,,,"7/13/2026 6:46:16 PM","Unwinder Material Tension","HMI_Connection_2"
46216782132.5,2,1,64,74,"1033","102",,,,,,,"7/13/2026 6:46:16 PM","Deployment in Progress - Layer Nr. 1033 Matt. No.102","HMI_Connection_2"
46216782155.6366,2,1,64,149,,,,,,,,,"7/13/2026 6:46:18 PM","Cutting Unit - Cut startet","HMI_Connection_2"
46216782167.2222,2,0,64,36,,,,,,,,,"7/13/2026 6:46:19 PM","Wagon to start position","HMI_Connection_2"
46216782178.8079,2,1,64,150,,,,,,,,,"7/13/2026 6:46:20 PM","Cutting Unit - Cut finished","HMI_Connection_2"
46216782190.8102,2,0,64,74,"1033","102",,,,,,,"7/13/2026 6:46:21 PM","Deployment in Progress - Layer Nr. 1033 Matt. No.102","HMI_Connection_2"
46216782202.0833,2,0,64,149,,,,,,,,,"7/13/2026 6:46:22 PM","Cutting Unit - Cut startet","HMI_Connection_2"
46216782202.0833,2,0,64,150,,,,,,,,,"7/13/2026 6:46:22 PM","Cutting Unit - Cut finished","HMI_Connection_2"
46216782207.7315,2,1,65,2000,"1034","1035",,,,,,,"7/13/2026 6:46:23 PM","Layer Nr:1034 Next Layer Nr : 1035  ","<internal>"
46216782213.5301,2,1,64,36,,,,,,,,,"7/13/2026 6:46:23 PM","Wagon to start position","HMI_Connection_2"
46216782213.5301,2,1,64,37,,,,,,,,,"7/13/2026 6:46:23 PM","Wagon waiting for Feeder","HMI_Connection_2"
46216782213.5301,2,1,64,72,,,,,,,,,"7/13/2026 6:46:23 PM","Unwinder Material Tension","HMI_Connection_2"
46216782248.2523,2,0,64,37,,,,,,,,,"7/13/2026 6:46:26 PM","Wagon waiting for Feeder","HMI_Connection_2"
46216782248.2523,2,0,64,72,,,,,,,,,"7/13/2026 6:46:26 PM","Unwinder Material Tension","HMI_Connection_2"
46216782248.2523,2,1,64,74,"1034","101",,,,,,,"7/13/2026 6:46:26 PM","Deployment in Progress - Layer Nr. 1034 Matt. No.101","HMI_Connection_2"
46216782271.4005,2,1,64,149,,,,,,,,,"7/13/2026 6:46:28 PM","Cutting Unit - Cut startet","HMI_Connection_2"
46216782271.4005,2,0,64,36,,,,,,,,,"7/13/2026 6:46:28 PM","Wagon to start position","HMI_Connection_2"
46216782294.9769,2,1,64,150,,,,,,,,,"7/13/2026 6:46:30 PM","Cutting Unit - Cut finished","HMI_Connection_2"
46216782306.5625,2,0,64,74,"1034","101",,,,,,,"7/13/2026 6:46:31 PM","Deployment in Progress - Layer Nr. 1034 Matt. No.101","HMI_Connection_2"
46216782317.6968,2,0,64,149,,,,,,,,,"7/13/2026 6:46:32 PM","Cutting Unit - Cut startet","HMI_Connection_2"
46216782317.6968,2,0,64,150,,,,,,,,,"7/13/2026 6:46:32 PM","Cutting Unit - Cut finished","HMI_Connection_2"
46216782317.7662,2,0,65,2000,"1035","1036",,,,,,,"7/13/2026 6:46:32 PM","Layer Nr:1035 Next Layer Nr : 1036  ","<internal>"
46216782329.6875,2,1,64,36,,,,,,,,,"7/13/2026 6:46:33 PM","Wagon to start position","HMI_Connection_2"
46216782329.6875,2,1,64,37,,,,,,,,,"7/13/2026 6:46:33 PM","Wagon waiting for Feeder","HMI_Connection_2"
46216782329.6875,2,1,64,72,,,,,,,,,"7/13/2026 6:46:33 PM","Unwinder Material Tension","HMI_Connection_2"
46216782352.8125,2,0,64,37,,,,,,,,,"7/13/2026 6:46:35 PM","Wagon waiting for Feeder","HMI_Connection_2"
46216782352.8125,2,0,64,72,,,,,,,,,"7/13/2026 6:46:35 PM","Unwinder Material Tension","HMI_Connection_2"
46216782363.9931,2,1,64,74,"1035","100",,,,,,,"7/13/2026 6:46:36 PM","Deployment in Progress - Layer Nr. 1035 Matt. No.100","HMI_Connection_2"
46216782387.1528,2,1,64,149,,,,,,,,,"7/13/2026 6:46:38 PM","Cutting Unit - Cut startet","HMI_Connection_2"
46216782387.1528,2,0,64,36,,,,,,,,,"7/13/2026 6:46:38 PM","Wagon to start position","HMI_Connection_2"
46216782398.7269,2,1,64,150,,,,,,,,,"7/13/2026 6:46:39 PM","Cutting Unit - Cut finished","HMI_Connection_2"
46216782410.7407,2,0,64,74,"1035","100",,,,,,,"7/13/2026 6:46:40 PM","Deployment in Progress - Layer Nr. 1035 Matt. No.100","HMI_Connection_2"
46216782422.2685,2,0,64,149,,,,,,,,,"7/13/2026 6:46:41 PM","Cutting Unit - Cut startet","HMI_Connection_2"
46216782422.2685,2,0,64,150,,,,,,,,,"7/13/2026 6:46:41 PM","Cutting Unit - Cut finished","HMI_Connection_2"
46216782427.662,2,1,65,2000,"1036","1037",,,,,,,"7/13/2026 6:46:42 PM","Layer Nr:1036 Next Layer Nr : 1037  ","<internal>"
46216782433.4606,2,1,64,37,,,,,,,,,"7/13/2026 6:46:42 PM","Wagon waiting for Feeder","HMI_Connection_2"
46216782433.4606,2,1,64,72,,,,,,,,,"7/13/2026 6:46:42 PM","Unwinder Material Tension","HMI_Connection_2"
46216782445.463,2,1,64,36,,,,,,,,,"7/13/2026 6:46:43 PM","Wagon to start position","HMI_Connection_2"
46216782468.1713,2,0,64,37,,,,,,,,,"7/13/2026 6:46:45 PM","Wagon waiting for Feeder","HMI_Connection_2"
46216782468.1713,2,0,64,72,,,,,,,,,"7/13/2026 6:46:45 PM","Unwinder Material Tension","HMI_Connection_2"
46216782468.1713,2,1,64,74,"1036","99",,,,,,,"7/13/2026 6:46:45 PM","Deployment in Progress - Layer Nr. 1036 Matt. No.99","HMI_Connection_2"
46216782491.3079,2,1,64,149,,,,,,,,,"7/13/2026 6:46:47 PM","Cutting Unit - Cut startet","HMI_Connection_2"
46216782491.3079,2,0,64,36,,,,,,,,,"7/13/2026 6:46:47 PM","Wagon to start position","HMI_Connection_2"
46216782514.9074,2,1,64,150,,,,,,,,,"7/13/2026 6:46:49 PM","Cutting Unit - Cut finished","HMI_Connection_2"
46216782526.4352,2,0,64,74,"1036","99",,,,,,,"7/13/2026 6:46:50 PM","Deployment in Progress - Layer Nr. 1036 Matt. No.99","HMI_Connection_2"
46216782537.6157,2,0,64,149,,,,,,,,,"7/13/2026 6:46:51 PM","Cutting Unit - Cut startet","HMI_Connection_2"
46216782537.6157,2,0,64,150,,,,,,,,,"7/13/2026 6:46:51 PM","Cutting Unit - Cut finished","HMI_Connection_2"
46216782537.7199,2,0,65,2000,"1036","1037",,,,,,,"7/13/2026 6:46:51 PM","Layer Nr:1036 Next Layer Nr : 1037  ","<internal>"
46216782549.1898,2,1,64,37,,,,,,,,,"7/13/2026 6:46:52 PM","Wagon waiting for Feeder","HMI_Connection_2"
46216782549.1898,2,1,64,72,,,,,,,,,"7/13/2026 6:46:52 PM","Unwinder Material Tension","HMI_Connection_2"
46216782561.1574,2,1,64,36,,,,,,,,,"7/13/2026 6:46:53 PM","Wagon to start position","HMI_Connection_2"
46216782561.1574,2,1,64,112,,,,,,,,,"7/13/2026 6:46:53 PM","Lowering Pallet","HMI_Connection_2"
46216782572.7546,2,0,64,37,,,,,,,,,"7/13/2026 6:46:54 PM","Wagon waiting for Feeder","HMI_Connection_2"
46216782572.7546,2,0,64,72,,,,,,,,,"7/13/2026 6:46:54 PM","Unwinder Material Tension","HMI_Connection_2"
46216782595.4861,2,1,64,74,"1037","98",,,,,,,"7/13/2026 6:46:56 PM","Deployment in Progress - Layer Nr. 1037 Matt. No.98","HMI_Connection_2"
46216782607.0718,2,0,64,36,,,,,,,,,"7/13/2026 6:46:57 PM","Wagon to start position","HMI_Connection_2"
46216782607.0718,2,0,64,112,,,,,,,,,"7/13/2026 6:46:57 PM","Lowering Pallet","HMI_Connection_2"
46216782618.6458,2,1,64,149,,,,,,,,,"7/13/2026 6:46:58 PM","Cutting Unit - Cut startet","HMI_Connection_2"
46216782630.2083,2,0,64,74,"1037","98",,,,,,,"7/13/2026 6:46:59 PM","Deployment in Progress - Layer Nr. 1037 Matt. No.98","HMI_Connection_2"
46216782642.1991,2,1,64,150,,,,,,,,,"7/13/2026 6:47:00 PM","Cutting Unit - Cut finished","HMI_Connection_2"
46216782664.9421,2,0,64,149,,,,,,,,,"7/13/2026 6:47:02 PM","Cutting Unit - Cut startet","HMI_Connection_2"
46216782664.9421,2,0,64,150,,,,,,,,,"7/13/2026 6:47:02 PM","Cutting Unit - Cut finished","HMI_Connection_2"
46216782664.9421,2,1,64,37,,,,,,,,,"7/13/2026 6:47:02 PM","Wagon waiting for Feeder","HMI_Connection_2"
46216782664.9421,2,1,64,72,,,,,,,,,"7/13/2026 6:47:02 PM","Unwinder Material Tension","HMI_Connection_2"
46216782665.0231,2,1,65,2000,"1038","1039",,,,,,,"7/13/2026 6:47:02 PM","Layer Nr:1038 Next Layer Nr : 1039  ","<internal>"
46216782676.8634,2,1,64,36,,,,,,,,,"7/13/2026 6:47:03 PM","Wagon to start position","HMI_Connection_2"
46216782699.6759,2,0,64,37,,,,,,,,,"7/13/2026 6:47:05 PM","Wagon waiting for Feeder","HMI_Connection_2"
46216782699.6759,2,0,64,72,,,,,,,,,"7/13/2026 6:47:05 PM","Unwinder Material Tension","HMI_Connection_2"
46216782699.6759,2,1,64,74,"1038","97",,,,,,,"7/13/2026 6:47:05 PM","Deployment in Progress - Layer Nr. 1038 Matt. No.97","HMI_Connection_2"
46216782722.8125,2,0,64,36,,,,,,,,,"7/13/2026 6:47:07 PM","Wagon to start position","HMI_Connection_2"
46216782734.3981,2,1,64,149,,,,,,,,,"7/13/2026 6:47:08 PM","Cutting Unit - Cut startet","HMI_Connection_2"
46216782745.9722,2,1,64,150,,,,,,,,,"7/13/2026 6:47:09 PM","Cutting Unit - Cut finished","HMI_Connection_2"
46216782757.963,2,0,64,74,"1038","97",,,,,,,"7/13/2026 6:47:10 PM","Deployment in Progress - Layer Nr. 1038 Matt. No.97","HMI_Connection_2"
46216782769.1088,2,0,64,149,,,,,,,,,"7/13/2026 6:47:11 PM","Cutting Unit - Cut startet","HMI_Connection_2"
46216782769.1088,2,0,64,150,,,,,,,,,"7/13/2026 6:47:11 PM","Cutting Unit - Cut finished","HMI_Connection_2"
46216782774.8843,2,0,65,2000,"1039","1040",,,,,,,"7/13/2026 6:47:12 PM","Layer Nr:1039 Next Layer Nr : 1040  ","<internal>"
46216782781.0995,2,1,64,36,,,,,,,,,"7/13/2026 6:47:12 PM","Wagon to start position","HMI_Connection_2"
46216782781.0995,2,1,64,37,,,,,,,,,"7/13/2026 6:47:12 PM","Wagon waiting for Feeder","HMI_Connection_2"
46216782781.0995,2,1,64,72,,,,,,,,,"7/13/2026 6:47:12 PM","Unwinder Material Tension","HMI_Connection_2"
46216782804.294,2,0,64,37,,,,,,,,,"7/13/2026 6:47:14 PM","Wagon waiting for Feeder","HMI_Connection_2"
46216782804.294,2,0,64,72,,,,,,,,,"7/13/2026 6:47:14 PM","Unwinder Material Tension","HMI_Connection_2"
46216782815.4282,2,1,64,74,"1039","96",,,,,,,"7/13/2026 6:47:15 PM","Deployment in Progress - Layer Nr. 1039 Matt. No.96","HMI_Connection_2"
46216782838.5648,2,1,64,149,,,,,,,,,"7/13/2026 6:47:17 PM","Cutting Unit - Cut startet","HMI_Connection_2"
46216782838.5764,2,0,64,36,,,,,,,,,"7/13/2026 6:47:17 PM","Wagon to start position","HMI_Connection_2"
46216782862.1412,2,1,64,150,,,,,,,,,"7/13/2026 6:47:19 PM","Cutting Unit - Cut finished","HMI_Connection_2"
46216782873.7384,2,0,64,74,"1039","96",,,,,,,"7/13/2026 6:47:20 PM","Deployment in Progress - Layer Nr. 1039 Matt. No.96","HMI_Connection_2"
46216782885.2894,2,0,64,149,,,,,,,,,"7/13/2026 6:47:21 PM","Cutting Unit - Cut startet","HMI_Connection_2"
46216782885.2894,2,0,64,150,,,,,,,,,"7/13/2026 6:47:21 PM","Cutting Unit - Cut finished","HMI_Connection_2"
46216782886.2616,2,1,65,2000,"1039","1040",,,,,,,"7/13/2026 6:47:21 PM","Layer Nr:1039 Next Layer Nr : 1040  ","<internal>"
46216783714.4213,2,1,65,1003,"1040",,,,,,,,"7/13/2026 6:48:33 PM","Start layer - Nr: 1040","<internal>"
46216783853.8195,2,0,65,1003,"1040",,,,,,,,"7/13/2026 6:48:45 PM","Start layer - Nr: 1040","<internal>"
46216783986.3542,2,1,65,1003,"1040",,,,,,,,"7/13/2026 6:48:56 PM","Start layer - Nr: 1040","<internal>"
46216783996.0648,2,1,64,37,,,,,,,,,"7/13/2026 6:48:57 PM","Wagon waiting for Feeder","HMI_Connection_2"
46216783996.0648,2,1,64,72,,,,,,,,,"7/13/2026 6:48:57 PM","Unwinder Material Tension","HMI_Connection_2"
46216784008.0671,2,1,64,36,,,,,,,,,"7/13/2026 6:48:58 PM","Wagon to start position","HMI_Connection_2"
46216784030.787,2,0,64,37,,,,,,,,,"7/13/2026 6:49:00 PM","Wagon waiting for Feeder","HMI_Connection_2"
46216784030.787,2,0,64,72,,,,,,,,,"7/13/2026 6:49:00 PM","Unwinder Material Tension","HMI_Connection_2"
46216784042.3611,2,1,64,74,"1040","126",,,,,,,"7/13/2026 6:49:01 PM","Deployment in Progress - Layer Nr. 1040 Matt. No.126","HMI_Connection_2"
46216784053.9236,2,0,64,36,,,,,,,,,"7/13/2026 6:49:02 PM","Wagon to start position","HMI_Connection_2"
46216784065.5093,2,1,64,149,,,,,,,,,"7/13/2026 6:49:03 PM","Cutting Unit - Cut startet","HMI_Connection_2"
46216784077.0718,2,1,64,150,,,,,,,,,"7/13/2026 6:49:04 PM","Cutting Unit - Cut finished","HMI_Connection_2"
46216784089.0394,2,0,64,74,"1040","126",,,,,,,"7/13/2026 6:49:05 PM","Deployment in Progress - Layer Nr. 1040 Matt. No.126","HMI_Connection_2"
46216784100.6366,2,0,64,149,,,,,,,,,"7/13/2026 6:49:06 PM","Cutting Unit - Cut startet","HMI_Connection_2"
46216784100.6366,2,0,64,150,,,,,,,,,"7/13/2026 6:49:06 PM","Cutting Unit - Cut finished","HMI_Connection_2"
46216784111.794,2,1,64,37,,,,,,,,,"7/13/2026 6:49:07 PM","Wagon waiting for Feeder","HMI_Connection_2"
46216784111.794,2,1,64,72,,,,,,,,,"7/13/2026 6:49:07 PM","Unwinder Material Tension","HMI_Connection_2"
46216784111.8866,2,0,65,2000,"1041","1042",,,,,,,"7/13/2026 6:49:07 PM","Layer Nr:1041 Next Layer Nr : 1042  ","<internal>"
46216784123.7616,2,1,64,36,,,,,,,,,"7/13/2026 6:49:08 PM","Wagon to start position","HMI_Connection_2"
46216784146.5162,2,0,64,37,,,,,,,,,"7/13/2026 6:49:10 PM","Wagon waiting for Feeder","HMI_Connection_2"
46216784146.5162,2,0,64,72,,,,,,,,,"7/13/2026 6:49:10 PM","Unwinder Material Tension","HMI_Connection_2"
46216784146.5162,2,1,64,74,"1041","125",,,,,,,"7/13/2026 6:49:10 PM","Deployment in Progress - Layer Nr. 1041 Matt. No.125","HMI_Connection_2"
46216784169.6644,2,0,64,36,,,,,,,,,"7/13/2026 6:49:12 PM","Wagon to start position","HMI_Connection_2"
46216784181.3194,2,1,64,149,,,,,,,,,"7/13/2026 6:49:13 PM","Cutting Unit - Cut startet","HMI_Connection_2"
46216784192.8009,2,1,64,150,,,,,,,,,"7/13/2026 6:49:14 PM","Cutting Unit - Cut finished","HMI_Connection_2"
46216784200.3935,2,1,65,1017,,,,,,,,,"7/13/2026 6:49:15 PM",,"<internal>"
46216784204.8148,2,0,64,74,"1041","125",,,,,,,"7/13/2026 6:49:15 PM","Deployment in Progress - Layer Nr. 1041 Matt. No.125","HMI_Connection_2"
46216784215.9722,2,0,64,149,,,,,,,,,"7/13/2026 6:49:16 PM","Cutting Unit - Cut startet","HMI_Connection_2"
46216784215.9722,2,0,64,150,,,,,,,,,"7/13/2026 6:49:16 PM","Cutting Unit - Cut finished","HMI_Connection_2"
46216784221.7593,2,1,65,2000,"1042","0",,,,,,,"7/13/2026 6:49:17 PM","Layer Nr:1042 Next Layer Nr : 0  ","<internal>"
46216784227.5463,2,1,64,37,,,,,,,,,"7/13/2026 6:49:17 PM","Wagon waiting for Feeder","HMI_Connection_2"
46216784227.5463,2,1,64,72,,,,,,,,,"7/13/2026 6:49:17 PM","Unwinder Material Tension","HMI_Connection_2"
46216784239.1319,2,1,64,112,,,,,,,,,"7/13/2026 6:49:18 PM","Lowering Pallet","HMI_Connection_2"
46216784251.1343,2,1,64,36,,,,,,,,,"7/13/2026 6:49:19 PM","Wagon to start position","HMI_Connection_2"
46216784262.7315,2,0,64,37,,,,,,,,,"7/13/2026 6:49:20 PM","Wagon waiting for Feeder","HMI_Connection_2"
46216784262.7315,2,0,64,72,,,,,,,,,"7/13/2026 6:49:20 PM","Unwinder Material Tension","HMI_Connection_2"
46216784273.8542,2,1,64,74,"1042","124",,,,,,,"7/13/2026 6:49:21 PM","Deployment in Progress - Layer Nr. 1042 Matt. No.124","HMI_Connection_2"
46216784285.4167,2,0,64,36,,,,,,,,,"7/13/2026 6:49:22 PM","Wagon to start position","HMI_Connection_2"
46216784285.4167,2,0,64,112,,,,,,,,,"7/13/2026 6:49:22 PM","Lowering Pallet","HMI_Connection_2"
46216784296.9907,2,1,64,149,,,,,,,,,"7/13/2026 6:49:23 PM","Cutting Unit - Cut startet","HMI_Connection_2"
46216784308.5764,2,0,64,74,"1042","124",,,,,,,"7/13/2026 6:49:24 PM","Deployment in Progress - Layer Nr. 1042 Matt. No.124","HMI_Connection_2"
46216784320.5671,2,1,64,150,,,,,,,,,"7/13/2026 6:49:25 PM","Cutting Unit - Cut finished","HMI_Connection_2"
46216784332.1065,2,0,64,149,,,,,,,,,"7/13/2026 6:49:26 PM","Cutting Unit - Cut startet","HMI_Connection_2"
46216784332.1065,2,0,64,150,,,,,,,,,"7/13/2026 6:49:26 PM","Cutting Unit - Cut finished","HMI_Connection_2"
46216784378.4491,2,1,64,125,,,,,,,,,"7/13/2026 6:49:30 PM","EndLayer finished","HMI_Connection_2"
46216784412.7778,2,0,64,125,,,,,,,,,"7/13/2026 6:49:33 PM","EndLayer finished","HMI_Connection_2"
46216838313.75,2,0,65,1017,,,,,,,,,"7/13/2026 8:07:10 PM",,"<internal>"
46216838596.2963,2,0,65,1006,,,,,,,,,"7/13/2026 8:07:35 PM","Start","<internal>"
46216838674.1782,2,1,65,1017,,,,,,,,,"7/13/2026 8:07:41 PM",,"<internal>"
46216838703.7037,2,0,65,1017,,,,,,,,,"7/13/2026 8:07:44 PM",,"<internal>"
46216838709.3287,2,1,65,1022,,,,,,,,,"7/13/2026 8:07:44 PM",,"<internal>"
46216838802.4537,2,0,65,1003,"0",,,,,,,,"7/13/2026 8:07:53 PM","Start layer - Nr: 0","<internal>"
46216838808.831,2,0,65,2000,"1231","1232",,,,,,,"7/13/2026 8:07:53 PM","Layer Nr:1231 Next Layer Nr : 1232  ","<internal>"
46216838814.6296,2,1,64,73,,,,,,,,,"7/13/2026 8:07:54 PM","+A11.G4: Waiting for Pallet out","HMI_Connection_2"
46216838826.1921,2,1,64,43,,,,,,,,,"7/13/2026 8:07:55 PM","+A11.G4: Waiting for Pallet","HMI_Connection_2"
46216838826.1921,2,0,64,73,,,,,,,,,"7/13/2026 8:07:55 PM","+A11.G4: Waiting for Pallet out","HMI_Connection_2"
46216838872.5116,2,0,64,43,,,,,,,,,"7/13/2026 8:07:59 PM","+A11.G4: Waiting for Pallet","HMI_Connection_2"
46216839115.5787,2,1,64,37,,,,,,,,,"7/13/2026 8:08:20 PM","Wagon waiting for Feeder","HMI_Connection_2"
46216839115.5787,2,1,64,72,,,,,,,,,"7/13/2026 8:08:20 PM","Unwinder Material Tension","HMI_Connection_2"
46216839127.8472,2,1,64,36,,,,,,,,,"7/13/2026 8:08:21 PM","Wagon to start position","HMI_Connection_2"
46216839150.7407,2,0,64,37,,,,,,,,,"7/13/2026 8:08:23 PM","Wagon waiting for Feeder","HMI_Connection_2"
46216839150.7407,2,0,64,72,,,,,,,,,"7/13/2026 8:08:23 PM","Unwinder Material Tension","HMI_Connection_2"
46216839173.4606,2,1,64,37,,,,,,,,,"7/13/2026 8:08:25 PM","Wagon waiting for Feeder","HMI_Connection_2"
46216839173.4606,2,1,64,74,"1231","60",,,,,,,"7/13/2026 8:08:25 PM","Deployment in Progress - Layer Nr. 1231 Matt. No.60","HMI_Connection_2"
46216839185.0231,2,0,64,36,,,,,,,,,"7/13/2026 8:08:26 PM","Wagon to start position","HMI_Connection_2"
46216839219.7454,2,0,64,37,,,,,,,,,"7/13/2026 8:08:29 PM","Wagon waiting for Feeder","HMI_Connection_2"
46216839219.7454,2,0,64,74,"1231","60",,,,,,,"7/13/2026 8:08:29 PM","Deployment in Progress - Layer Nr. 1231 Matt. No.60","HMI_Connection_2"
46216839335.5093,2,1,64,149,,,,,,,,,"7/13/2026 8:08:39 PM","Cutting Unit - Cut startet","HMI_Connection_2"
46216839359.1088,2,1,64,150,,,,,,,,,"7/13/2026 8:08:41 PM","Cutting Unit - Cut finished","HMI_Connection_2"
46216839370.3241,2,1,65,2000,"1232","1233",,,,,,,"7/13/2026 8:08:42 PM","Layer Nr:1232 Next Layer Nr : 1233  ","<internal>"
46216839381.8056,2,0,64,149,,,,,,,,,"7/13/2026 8:08:43 PM","Cutting Unit - Cut startet","HMI_Connection_2"
46216839381.8056,2,0,64,150,,,,,,,,,"7/13/2026 8:08:43 PM","Cutting Unit - Cut finished","HMI_Connection_2"
46216839381.8056,2,1,64,37,,,,,,,,,"7/13/2026 8:08:43 PM","Wagon waiting for Feeder","HMI_Connection_2"
46216839381.8056,2,1,64,72,,,,,,,,,"7/13/2026 8:08:43 PM","Unwinder Material Tension","HMI_Connection_2"
46216839393.3796,2,1,64,112,,,,,,,,,"7/13/2026 8:08:44 PM","Lowering Pallet","HMI_Connection_2"
46216839404.9537,2,0,64,37,,,,,,,,,"7/13/2026 8:08:45 PM","Wagon waiting for Feeder","HMI_Connection_2"
46216839404.9537,2,0,64,72,,,,,,,,,"7/13/2026 8:08:45 PM","Unwinder Material Tension","HMI_Connection_2"
46216839416.956,2,1,64,36,,,,,,,,,"7/13/2026 8:08:46 PM","Wagon to start position","HMI_Connection_2"
46216839416.956,2,1,64,37,,,,,,,,,"7/13/2026 8:08:46 PM","Wagon waiting for Feeder","HMI_Connection_2"
46216839439.6759,2,0,64,112,,,,,,,,,"7/13/2026 8:08:48 PM","Lowering Pallet","HMI_Connection_2"
46216839439.6759,2,1,64,74,"1232","59",,,,,,,"7/13/2026 8:08:48 PM","Deployment in Progress - Layer Nr. 1232 Matt. No.59","HMI_Connection_2"
46216839462.8472,2,0,64,36,,,,,,,,,"7/13/2026 8:08:50 PM","Wagon to start position","HMI_Connection_2"
46216839462.8472,2,0,64,37,,,,,,,,,"7/13/2026 8:08:50 PM","Wagon waiting for Feeder","HMI_Connection_2"
46216839497.5579,2,0,64,74,"1232","59",,,,,,,"7/13/2026 8:08:53 PM","Deployment in Progress - Layer Nr. 1232 Matt. No.59","HMI_Connection_2"
46216839520.6944,2,1,64,149,,,,,,,,,"7/13/2026 8:08:55 PM","Cutting Unit - Cut startet","HMI_Connection_2"
46216839544.2477,2,1,64,150,,,,,,,,,"7/13/2026 8:08:57 PM","Cutting Unit - Cut finished","HMI_Connection_2"
46216839567.0023,2,0,64,149,,,,,,,,,"7/13/2026 8:08:59 PM","Cutting Unit - Cut startet","HMI_Connection_2"
46216839567.0023,2,0,64,150,,,,,,,,,"7/13/2026 8:08:59 PM","Cutting Unit - Cut finished","HMI_Connection_2"
46216839567.0023,2,1,64,37,,,,,,,,,"7/13/2026 8:08:59 PM","Wagon waiting for Feeder","HMI_Connection_2"
46216839567.0023,2,1,64,72,,,,,,,,,"7/13/2026 8:08:59 PM","Unwinder Material Tension","HMI_Connection_2"
46216839567.0833,2,0,65,2000,"1233","1234",,,,,,,"7/13/2026 8:08:59 PM","Layer Nr:1233 Next Layer Nr : 1234  ","<internal>"
46216839578.9699,2,1,64,36,,,,,,,,,"7/13/2026 8:09:00 PM","Wagon to start position","HMI_Connection_2"
46216839601.7361,2,0,64,37,,,,,,,,,"7/13/2026 8:09:02 PM","Wagon waiting for Feeder","HMI_Connection_2"
46216839601.7361,2,0,64,72,,,,,,,,,"7/13/2026 8:09:02 PM","Unwinder Material Tension","HMI_Connection_2"
46216839601.7361,2,1,64,74,"1233","58",,,,,,,"7/13/2026 8:09:02 PM","Deployment in Progress - Layer Nr. 1233 Matt. No.58","HMI_Connection_2"
46216839624.8727,2,0,64,36,,,,,,,,,"7/13/2026 8:09:04 PM","Wagon to start position","HMI_Connection_2"
46216839659.6065,2,0,64,74,"1233","58",,,,,,,"7/13/2026 8:09:07 PM","Deployment in Progress - Layer Nr. 1233 Matt. No.58","HMI_Connection_2"
46216839682.7546,2,1,64,149,,,,,,,,,"7/13/2026 8:09:09 PM","Cutting Unit - Cut startet","HMI_Connection_2"
46216839706.2384,2,1,64,150,,,,,,,,,"7/13/2026 8:09:11 PM","Cutting Unit - Cut finished","HMI_Connection_2"
46216839729.0509,2,0,64,149,,,,,,,,,"7/13/2026 8:09:13 PM","Cutting Unit - Cut startet","HMI_Connection_2"
46216839729.0509,2,0,64,150,,,,,,,,,"7/13/2026 8:09:13 PM","Cutting Unit - Cut finished","HMI_Connection_2"
46216839729.0509,2,1,64,37,,,,,,,,,"7/13/2026 8:09:13 PM","Wagon waiting for Feeder","HMI_Connection_2"
46216839729.0509,2,1,64,72,,,,,,,,,"7/13/2026 8:09:13 PM","Unwinder Material Tension","HMI_Connection_2"
46216839729.1319,2,1,65,2000,"1234","1235",,,,,,,"7/13/2026 8:09:13 PM","Layer Nr:1234 Next Layer Nr : 1235  ","<internal>"
46216839752.6273,2,1,64,36,,,,,,,,,"7/13/2026 8:09:15 PM","Wagon to start position","HMI_Connection_2"
46216839752.6273,2,1,64,112,,,,,,,,,"7/13/2026 8:09:15 PM","Lowering Pallet","HMI_Connection_2"
46216839764.2245,2,0,64,37,,,,,,,,,"7/13/2026 8:09:16 PM","Wagon waiting for Feeder","HMI_Connection_2"
46216839764.2245,2,0,64,72,,,,,,,,,"7/13/2026 8:09:16 PM","Unwinder Material Tension","HMI_Connection_2"
46216839786.9097,2,1,64,74,"1234","57",,,,,,,"7/13/2026 8:09:18 PM","Deployment in Progress - Layer Nr. 1234 Matt. No.57","HMI_Connection_2"
46216839798.4954,2,0,64,36,,,,,,,,,"7/13/2026 8:09:19 PM","Wagon to start position","HMI_Connection_2"
46216839798.4954,2,0,64,112,,,,,,,,,"7/13/2026 8:09:19 PM","Lowering Pallet","HMI_Connection_2"
46216839821.6319,2,0,64,74,"1234","57",,,,,,,"7/13/2026 8:09:21 PM","Deployment in Progress - Layer Nr. 1234 Matt. No.57","HMI_Connection_2"
46216839867.9514,2,1,64,149,,,,,,,,,"7/13/2026 8:09:25 PM","Cutting Unit - Cut startet","HMI_Connection_2"
46216839879.5255,2,1,64,150,,,,,,,,,"7/13/2026 8:09:26 PM","Cutting Unit - Cut finished","HMI_Connection_2"
46216839902.6736,2,0,64,149,,,,,,,,,"7/13/2026 8:09:28 PM","Cutting Unit - Cut startet","HMI_Connection_2"
46216839902.6736,2,0,64,150,,,,,,,,,"7/13/2026 8:09:28 PM","Cutting Unit - Cut finished","HMI_Connection_2"
46216839908.4606,2,0,65,2000,"1235","1236",,,,,,,"7/13/2026 8:09:28 PM","Layer Nr:1235 Next Layer Nr : 1236  ","<internal>"
46216839914.6412,2,1,64,36,,,,,,,,,"7/13/2026 8:09:29 PM","Wagon to start position","HMI_Connection_2"
46216839914.6412,2,1,64,37,,,,,,,,,"7/13/2026 8:09:29 PM","Wagon waiting for Feeder","HMI_Connection_2"
46216839914.6412,2,1,64,72,,,,,,,,,"7/13/2026 8:09:29 PM","Unwinder Material Tension","HMI_Connection_2"
46216839937.8356,2,0,64,37,,,,,,,,,"7/13/2026 8:09:31 PM","Wagon waiting for Feeder","HMI_Connection_2"
46216839937.8356,2,0,64,72,,,,,,,,,"7/13/2026 8:09:31 PM","Unwinder Material Tension","HMI_Connection_2"
46216839948.9815,2,1,64,74,"1235","56",,,,,,,"7/13/2026 8:09:32 PM","Deployment in Progress - Layer Nr. 1235 Matt. No.56","HMI_Connection_2"
46216839972.1181,2,0,64,36,,,,,,,,,"7/13/2026 8:09:34 PM","Wagon to start position","HMI_Connection_2"
46216839995.2778,2,0,64,74,"1235","56",,,,,,,"7/13/2026 8:09:36 PM","Deployment in Progress - Layer Nr. 1235 Matt. No.56","HMI_Connection_2"
46216840030,2,1,64,149,,,,,,,,,"7/13/2026 8:09:39 PM","Cutting Unit - Cut startet","HMI_Connection_2"
46216840041.5625,2,1,64,150,,,,,,,,,"7/13/2026 8:09:40 PM","Cutting Unit - Cut finished","HMI_Connection_2"
46216840065.1389,2,0,64,149,,,,,,,,,"7/13/2026 8:09:42 PM","Cutting Unit - Cut startet","HMI_Connection_2"
46216840065.1389,2,0,64,150,,,,,,,,,"7/13/2026 8:09:42 PM","Cutting Unit - Cut finished","HMI_Connection_2"
46216840070.5093,2,1,65,2000,"1236","1237",,,,,,,"7/13/2026 8:09:42 PM","Layer Nr:1236 Next Layer Nr : 1237  ","<internal>"
46216840076.2963,2,1,64,37,,,,,,,,,"7/13/2026 8:09:43 PM","Wagon waiting for Feeder","HMI_Connection_2"
46216840076.2963,2,1,64,72,,,,,,,,,"7/13/2026 8:09:43 PM","Unwinder Material Tension","HMI_Connection_2"
46216840087.8704,2,1,64,112,,,,,,,,,"7/13/2026 8:09:44 PM","Lowering Pallet","HMI_Connection_2"
46216840099.456,2,0,64,37,,,,,,,,,"7/13/2026 8:09:45 PM","Wagon waiting for Feeder","HMI_Connection_2"
46216840099.456,2,0,64,72,,,,,,,,,"7/13/2026 8:09:45 PM","Unwinder Material Tension","HMI_Connection_2"
46216840111.4583,2,1,64,36,,,,,,,,,"7/13/2026 8:09:46 PM","Wagon to start position","HMI_Connection_2"
46216840111.4583,2,1,64,37,,,,,,,,,"7/13/2026 8:09:46 PM","Wagon waiting for Feeder","HMI_Connection_2"
46216840134.1782,2,0,64,112,,,,,,,,,"7/13/2026 8:09:48 PM","Lowering Pallet","HMI_Connection_2"
46216840145.7407,2,1,64,74,"1236","55",,,,,,,"7/13/2026 8:09:49 PM","Deployment in Progress - Layer Nr. 1236 Matt. No.55","HMI_Connection_2"
46216840168.9005,2,0,64,36,,,,,,,,,"7/13/2026 8:09:51 PM","Wagon to start position","HMI_Connection_2"
46216840168.9005,2,0,64,37,,,,,,,,,"7/13/2026 8:09:51 PM","Wagon waiting for Feeder","HMI_Connection_2"
46216840192.037,2,0,64,74,"1236","55",,,,,,,"7/13/2026 8:09:53 PM","Deployment in Progress - Layer Nr. 1236 Matt. No.55","HMI_Connection_2"
46216840226.7708,2,1,64,149,,,,,,,,,"7/13/2026 8:09:56 PM","Cutting Unit - Cut startet","HMI_Connection_2"
46216840238.3449,2,1,64,150,,,,,,,,,"7/13/2026 8:09:57 PM","Cutting Unit - Cut finished","HMI_Connection_2"
46216840261.956,2,0,64,149,,,,,,,,,"7/13/2026 8:09:59 PM","Cutting Unit - Cut startet","HMI_Connection_2"
46216840261.956,2,0,64,150,,,,,,,,,"7/13/2026 8:09:59 PM","Cutting Unit - Cut finished","HMI_Connection_2"
46216840273.0787,2,1,64,37,,,,,,,,,"7/13/2026 8:10:00 PM","Wagon waiting for Feeder","HMI_Connection_2"
46216840273.0787,2,1,64,72,,,,,,,,,"7/13/2026 8:10:00 PM","Unwinder Material Tension","HMI_Connection_2"
46216840273.1597,2,0,65,2000,"1237","1238",,,,,,,"7/13/2026 8:10:00 PM","Layer Nr:1237 Next Layer Nr : 1238  ","<internal>"
46216840285.0116,2,1,64,36,,,,,,,,,"7/13/2026 8:10:01 PM","Wagon to start position","HMI_Connection_2"
46216840307.7894,2,0,64,37,,,,,,,,,"7/13/2026 8:10:03 PM","Wagon waiting for Feeder","HMI_Connection_2"
46216840307.7894,2,0,64,72,,,,,,,,,"7/13/2026 8:10:03 PM","Unwinder Material Tension","HMI_Connection_2"
46216840307.7894,2,1,64,74,"1237","54",,,,,,,"7/13/2026 8:10:03 PM","Deployment in Progress - Layer Nr. 1237 Matt. No.54","HMI_Connection_2"
46216840330.9375,2,0,64,36,,,,,,,,,"7/13/2026 8:10:05 PM","Wagon to start position","HMI_Connection_2"
46216840365.6597,2,0,64,74,"1237","54",,,,,,,"7/13/2026 8:10:08 PM","Deployment in Progress - Layer Nr. 1237 Matt. No.54","HMI_Connection_2"
46216840388.7963,2,1,64,149,,,,,,,,,"7/13/2026 8:10:10 PM","Cutting Unit - Cut startet","HMI_Connection_2"
46216840412.3611,2,1,64,150,,,,,,,,,"7/13/2026 8:10:12 PM","Cutting Unit - Cut finished","HMI_Connection_2"
46216840435.1042,2,0,64,149,,,,,,,,,"7/13/2026 8:10:14 PM","Cutting Unit - Cut startet","HMI_Connection_2"
46216840435.1042,2,0,64,150,,,,,,,,,"7/13/2026 8:10:14 PM","Cutting Unit - Cut finished","HMI_Connection_2"
46216840440.8796,2,1,65,2000,"1238","1239",,,,,,,"7/13/2026 8:10:14 PM","Layer Nr:1238 Next Layer Nr : 1239  ","<internal>"
46216840446.6782,2,1,64,37,,,,,,,,,"7/13/2026 8:10:15 PM","Wagon waiting for Feeder","HMI_Connection_2"
46216840446.6782,2,1,64,72,,,,,,,,,"7/13/2026 8:10:15 PM","Unwinder Material Tension","HMI_Connection_2"
46216840458.2523,2,1,64,112,,,,,,,,,"7/13/2026 8:10:16 PM","Lowering Pallet","HMI_Connection_2"
46216840469.838,2,0,64,37,,,,,,,,,"7/13/2026 8:10:17 PM","Wagon waiting for Feeder","HMI_Connection_2"
46216840469.838,2,0,64,72,,,,,,,,,"7/13/2026 8:10:17 PM","Unwinder Material Tension","HMI_Connection_2"
46216840481.8171,2,1,64,36,,,,,,,,,"7/13/2026 8:10:18 PM","Wagon to start position","HMI_Connection_2"
46216840481.8171,2,1,64,37,,,,,,,,,"7/13/2026 8:10:18 PM","Wagon waiting for Feeder","HMI_Connection_2"
46216840504.5602,2,0,64,112,,,,,,,,,"7/13/2026 8:10:20 PM","Lowering Pallet","HMI_Connection_2"
46216840504.5602,2,1,64,74,"1238","53",,,,,,,"7/13/2026 8:10:20 PM","Deployment in Progress - Layer Nr. 1238 Matt. No.53","HMI_Connection_2"
46216840539.2824,2,0,64,36,,,,,,,,,"7/13/2026 8:10:23 PM","Wagon to start position","HMI_Connection_2"
46216840539.2824,2,0,64,37,,,,,,,,,"7/13/2026 8:10:23 PM","Wagon waiting for Feeder","HMI_Connection_2"
46216840562.4421,2,0,64,74,"1238","53",,,,,,,"7/13/2026 8:10:25 PM","Deployment in Progress - Layer Nr. 1238 Matt. No.53","HMI_Connection_2"
46216840608.7269,2,1,64,149,,,,,,,,,"7/13/2026 8:10:29 PM","Cutting Unit - Cut startet","HMI_Connection_2"
46216840632.3264,2,1,64,150,,,,,,,,,"7/13/2026 8:10:31 PM","Cutting Unit - Cut finished","HMI_Connection_2"
46216840649.2361,2,0,65,2000,"1239","1240",,,,,,,"7/13/2026 8:10:32 PM","Layer Nr:1239 Next Layer Nr : 1240  ","<internal>"
46216840655.0347,2,0,64,149,,,,,,,,,"7/13/2026 8:10:33 PM","Cutting Unit - Cut startet","HMI_Connection_2"
46216840655.0347,2,0,64,150,,,,,,,,,"7/13/2026 8:10:33 PM","Cutting Unit - Cut finished","HMI_Connection_2"
46216840655.0347,2,1,64,36,,,,,,,,,"7/13/2026 8:10:33 PM","Wagon to start position","HMI_Connection_2"
46216840655.0347,2,1,64,37,,,,,,,,,"7/13/2026 8:10:33 PM","Wagon waiting for Feeder","HMI_Connection_2"
46216840655.0347,2,1,64,72,,,,,,,,,"7/13/2026 8:10:33 PM","Unwinder Material Tension","HMI_Connection_2"
46216840689.7454,2,0,64,37,,,,,,,,,"7/13/2026 8:10:36 PM","Wagon waiting for Feeder","HMI_Connection_2"
46216840689.7454,2,0,64,72,,,,,,,,,"7/13/2026 8:10:36 PM","Unwinder Material Tension","HMI_Connection_2"
46216840689.7454,2,1,64,74,"1239","52",,,,,,,"7/13/2026 8:10:36 PM","Deployment in Progress - Layer Nr. 1239 Matt. No.52","HMI_Connection_2"
46216840712.9167,2,0,64,36,,,,,,,,,"7/13/2026 8:10:38 PM","Wagon to start position","HMI_Connection_2"
46216840747.6273,2,0,64,74,"1239","52",,,,,,,"7/13/2026 8:10:41 PM","Deployment in Progress - Layer Nr. 1239 Matt. No.52","HMI_Connection_2"
46216840793.912,2,1,64,149,,,,,,,,,"7/13/2026 8:10:45 PM","Cutting Unit - Cut startet","HMI_Connection_2"
46216840817.5116,2,1,64,150,,,,,,,,,"7/13/2026 8:10:47 PM","Cutting Unit - Cut finished","HMI_Connection_2"
46216840834.4329,2,1,65,2000,"1240","1241",,,,,,,"7/13/2026 8:10:48 PM","Layer Nr:1240 Next Layer Nr : 1241  ","<internal>"
46216840840.2315,2,0,64,149,,,,,,,,,"7/13/2026 8:10:49 PM","Cutting Unit - Cut startet","HMI_Connection_2"
46216840840.2315,2,0,64,150,,,,,,,,,"7/13/2026 8:10:49 PM","Cutting Unit - Cut finished","HMI_Connection_2"
46216840840.2315,2,1,64,37,,,,,,,,,"7/13/2026 8:10:49 PM","Wagon waiting for Feeder","HMI_Connection_2"
46216840840.2315,2,1,64,72,,,,,,,,,"7/13/2026 8:10:49 PM","Unwinder Material Tension","HMI_Connection_2"
46216840852.2222,2,1,64,36,,,,,,,,,"7/13/2026 8:10:50 PM","Wagon to start position","HMI_Connection_2"
46216840852.2222,2,1,64,112,,,,,,,,,"7/13/2026 8:10:50 PM","Lowering Pallet","HMI_Connection_2"
46216840863.7731,2,0,64,37,,,,,,,,,"7/13/2026 8:10:51 PM","Wagon waiting for Feeder","HMI_Connection_2"
46216840863.7731,2,0,64,72,,,,,,,,,"7/13/2026 8:10:51 PM","Unwinder Material Tension","HMI_Connection_2"
46216840886.5278,2,1,64,74,"1240","51",,,,,,,"7/13/2026 8:10:53 PM","Deployment in Progress - Layer Nr. 1240 Matt. No.51","HMI_Connection_2"
46216840898.1019,2,0,64,36,,,,,,,,,"7/13/2026 8:10:54 PM","Wagon to start position","HMI_Connection_2"
46216840898.1019,2,0,64,112,,,,,,,,,"7/13/2026 8:10:54 PM","Lowering Pallet","HMI_Connection_2"
46216840921.25,2,0,64,74,"1240","51",,,,,,,"7/13/2026 8:10:56 PM","Deployment in Progress - Layer Nr. 1240 Matt. No.51","HMI_Connection_2"
46216840990.6944,2,1,64,149,,,,,,,,,"7/13/2026 8:11:02 PM","Cutting Unit - Cut startet","HMI_Connection_2"
46216841014.2477,2,1,64,150,,,,,,,,,"7/13/2026 8:11:04 PM","Cutting Unit - Cut finished","HMI_Connection_2"
46216841031.2153,2,0,65,2000,"1241","1242",,,,,,,"7/13/2026 8:11:05 PM","Layer Nr:1241 Next Layer Nr : 1242  ","<internal>"
46216841036.9907,2,0,64,149,,,,,,,,,"7/13/2026 8:11:06 PM","Cutting Unit - Cut startet","HMI_Connection_2"
46216841036.9907,2,0,64,150,,,,,,,,,"7/13/2026 8:11:06 PM","Cutting Unit - Cut finished","HMI_Connection_2"
46216841036.9907,2,1,64,36,,,,,,,,,"7/13/2026 8:11:06 PM","Wagon to start position","HMI_Connection_2"
46216841036.9907,2,1,64,37,,,,,,,,,"7/13/2026 8:11:06 PM","Wagon waiting for Feeder","HMI_Connection_2"
46216841036.9907,2,1,64,72,,,,,,,,,"7/13/2026 8:11:06 PM","Unwinder Material Tension","HMI_Connection_2"
46216841071.7361,2,0,64,37,,,,,,,,,"7/13/2026 8:11:09 PM","Wagon waiting for Feeder","HMI_Connection_2"
46216841071.7361,2,0,64,72,,,,,,,,,"7/13/2026 8:11:09 PM","Unwinder Material Tension","HMI_Connection_2"
46216841071.7361,2,1,64,74,"1241","50",,,,,,,"7/13/2026 8:11:09 PM","Deployment in Progress - Layer Nr. 1241 Matt. No.50","HMI_Connection_2"
46216841094.8611,2,0,64,36,,,,,,,,,"7/13/2026 8:11:11 PM","Wagon to start position","HMI_Connection_2"
46216841129.5833,2,0,64,74,"1241","50",,,,,,,"7/13/2026 8:11:14 PM","Deployment in Progress - Layer Nr. 1241 Matt. No.50","HMI_Connection_2"
46216841187.4653,2,1,64,149,,,,,,,,,"7/13/2026 8:11:19 PM","Cutting Unit - Cut startet","HMI_Connection_2"
46216841199.0278,2,1,64,150,,,,,,,,,"7/13/2026 8:11:20 PM","Cutting Unit - Cut finished","HMI_Connection_2"
46216841216.4005,2,1,65,2000,"1241","1242",,,,,,,"7/13/2026 8:11:21 PM","Layer Nr:1241 Next Layer Nr : 1242  ","<internal>"
46216841222.1875,2,0,64,149,,,,,,,,,"7/13/2026 8:11:22 PM","Cutting Unit - Cut startet","HMI_Connection_2"
46216841222.1875,2,0,64,150,,,,,,,,,"7/13/2026 8:11:22 PM","Cutting Unit - Cut finished","HMI_Connection_2"
46216841222.1875,2,1,64,37,,,,,,,,,"7/13/2026 8:11:22 PM","Wagon waiting for Feeder","HMI_Connection_2"
46216841222.1875,2,1,64,72,,,,,,,,,"7/13/2026 8:11:22 PM","Unwinder Material Tension","HMI_Connection_2"
46216841233.7731,2,1,64,112,,,,,,,,,"7/13/2026 8:11:23 PM","Lowering Pallet","HMI_Connection_2"
46216841245.7755,2,1,64,36,,,,,,,,,"7/13/2026 8:11:24 PM","Wagon to start position","HMI_Connection_2"
46216841257.3032,2,0,64,37,,,,,,,,,"7/13/2026 8:11:25 PM","Wagon waiting for Feeder","HMI_Connection_2"
46216841257.3032,2,0,64,72,,,,,,,,,"7/13/2026 8:11:25 PM","Unwinder Material Tension","HMI_Connection_2"
46216841268.4954,2,1,64,74,"1242","49",,,,,,,"7/13/2026 8:11:26 PM","Deployment in Progress - Layer Nr. 1242 Matt. No.49","HMI_Connection_2"
46216841291.6435,2,0,64,36,,,,,,,,,"7/13/2026 8:11:28 PM","Wagon to start position","HMI_Connection_2"
46216841291.6435,2,0,64,112,,,,,,,,,"7/13/2026 8:11:28 PM","Lowering Pallet","HMI_Connection_2"
46216841314.8032,2,0,64,74,"1242","49",,,,,,,"7/13/2026 8:11:30 PM","Deployment in Progress - Layer Nr. 1242 Matt. No.49","HMI_Connection_2"
46216841384.2477,2,1,64,149,,,,,,,,,"7/13/2026 8:11:36 PM","Cutting Unit - Cut startet","HMI_Connection_2"
46216841395.7986,2,1,64,150,,,,,,,,,"7/13/2026 8:11:37 PM","Cutting Unit - Cut finished","HMI_Connection_2"
46216841418.9583,2,0,64,149,,,,,,,,,"7/13/2026 8:11:39 PM","Cutting Unit - Cut startet","HMI_Connection_2"
46216841418.9583,2,0,64,150,,,,,,,,,"7/13/2026 8:11:39 PM","Cutting Unit - Cut finished","HMI_Connection_2"
46216841419.0278,2,0,65,2000,"1243","1244",,,,,,,"7/13/2026 8:11:39 PM","Layer Nr:1243 Next Layer Nr : 1244  ","<internal>"
46216841430.9259,2,1,64,36,,,,,,,,,"7/13/2026 8:11:40 PM","Wagon to start position","HMI_Connection_2"
46216841430.9259,2,1,64,37,,,,,,,,,"7/13/2026 8:11:40 PM","Wagon waiting for Feeder","HMI_Connection_2"
46216841430.9259,2,1,64,72,,,,,,,,,"7/13/2026 8:11:40 PM","Unwinder Material Tension","HMI_Connection_2"
46216841454.1204,2,0,64,37,,,,,,,,,"7/13/2026 8:11:42 PM","Wagon waiting for Feeder","HMI_Connection_2"
46216841454.1204,2,0,64,72,,,,,,,,,"7/13/2026 8:11:42 PM","Unwinder Material Tension","HMI_Connection_2"
46216841465.2662,2,1,64,74,"1243","48",,,,,,,"7/13/2026 8:11:43 PM","Deployment in Progress - Layer Nr. 1243 Matt. No.48","HMI_Connection_2"
46216841488.4144,2,0,64,36,,,,,,,,,"7/13/2026 8:11:45 PM","Wagon to start position","HMI_Connection_2"
46216841511.5741,2,0,64,74,"1243","48",,,,,,,"7/13/2026 8:11:47 PM","Deployment in Progress - Layer Nr. 1243 Matt. No.48","HMI_Connection_2"
46216841569.4444,2,1,64,149,,,,,,,,,"7/13/2026 8:11:52 PM","Cutting Unit - Cut startet","HMI_Connection_2"
46216841592.9745,2,1,64,150,,,,,,,,,"7/13/2026 8:11:54 PM","Cutting Unit - Cut finished","HMI_Connection_2"
46216841609.9421,2,1,65,2000,"1244","1245",,,,,,,"7/13/2026 8:11:55 PM","Layer Nr:1244 Next Layer Nr : 1245  ","<internal>"
46216841615.7292,2,0,64,149,,,,,,,,,"7/13/2026 8:11:56 PM","Cutting Unit - Cut startet","HMI_Connection_2"
46216841615.7292,2,0,64,150,,,,,,,,,"7/13/2026 8:11:56 PM","Cutting Unit - Cut finished","HMI_Connection_2"
46216841615.7292,2,1,64,37,,,,,,,,,"7/13/2026 8:11:56 PM","Wagon waiting for Feeder","HMI_Connection_2"
46216841615.7292,2,1,64,72,,,,,,,,,"7/13/2026 8:11:56 PM","Unwinder Material Tension","HMI_Connection_2"
46216841627.2917,2,1,64,112,,,,,,,,,"7/13/2026 8:11:57 PM","Lowering Pallet","HMI_Connection_2"
46216841638.8773,2,0,64,37,,,,,,,,,"7/13/2026 8:11:58 PM","Wagon waiting for Feeder","HMI_Connection_2"
46216841638.8773,2,0,64,72,,,,,,,,,"7/13/2026 8:11:58 PM","Unwinder Material Tension","HMI_Connection_2"
46216841650.8912,2,1,64,36,,,,,,,,,"7/13/2026 8:11:59 PM","Wagon to start position","HMI_Connection_2"
46216841650.8912,2,1,64,37,,,,,,,,,"7/13/2026 8:11:59 PM","Wagon waiting for Feeder","HMI_Connection_2"
46216841674.0278,2,0,64,112,,,,,,,,,"7/13/2026 8:12:01 PM","Lowering Pallet","HMI_Connection_2"
46216841685.2083,2,1,64,74,"1244","47",,,,,,,"7/13/2026 8:12:02 PM","Deployment in Progress - Layer Nr. 1244 Matt. No.47","HMI_Connection_2"
46216841708.3333,2,0,64,36,,,,,,,,,"7/13/2026 8:12:04 PM","Wagon to start position","HMI_Connection_2"
46216841708.3333,2,0,64,37,,,,,,,,,"7/13/2026 8:12:04 PM","Wagon waiting for Feeder","HMI_Connection_2"
46216841731.4699,2,0,64,74,"1244","47",,,,,,,"7/13/2026 8:12:06 PM","Deployment in Progress - Layer Nr. 1244 Matt. No.47","HMI_Connection_2"
46216841812.5,2,1,64,149,,,,,,,,,"7/13/2026 8:12:13 PM","Cutting Unit - Cut startet","HMI_Connection_2"
46216841836.0995,2,1,64,150,,,,,,,,,"7/13/2026 8:12:15 PM","Cutting Unit - Cut finished","HMI_Connection_2"
46216841858.7963,2,0,64,149,,,,,,,,,"7/13/2026 8:12:17 PM","Cutting Unit - Cut startet","HMI_Connection_2"
46216841858.7963,2,0,64,150,,,,,,,,,"7/13/2026 8:12:17 PM","Cutting Unit - Cut finished","HMI_Connection_2"
46216841858.8773,2,0,65,2000,"1245","1246",,,,,,,"7/13/2026 8:12:17 PM","Layer Nr:1245 Next Layer Nr : 1246  ","<internal>"
46216841870.382,2,1,64,37,,,,,,,,,"7/13/2026 8:12:18 PM","Wagon waiting for Feeder","HMI_Connection_2"
46216841870.382,2,1,64,72,,,,,,,,,"7/13/2026 8:12:18 PM","Unwinder Material Tension","HMI_Connection_2"
46216841882.3611,2,1,64,36,,,,,,,,,"7/13/2026 8:12:19 PM","Wagon to start position","HMI_Connection_2"
46216841882.3611,2,1,64,112,,,,,,,,,"7/13/2026 8:12:19 PM","Lowering Pallet","HMI_Connection_2"
46216841893.8889,2,0,64,37,,,,,,,,,"7/13/2026 8:12:20 PM","Wagon waiting for Feeder","HMI_Connection_2"
46216841893.8889,2,0,64,72,,,,,,,,,"7/13/2026 8:12:20 PM","Unwinder Material Tension","HMI_Connection_2"
46216841916.6898,2,1,64,74,"1245","46",,,,,,,"7/13/2026 8:12:22 PM","Deployment in Progress - Layer Nr. 1245 Matt. No.46","HMI_Connection_2"
46216841928.2523,2,0,64,36,,,,,,,,,"7/13/2026 8:12:23 PM","Wagon to start position","HMI_Connection_2"
46216841928.2523,2,0,64,112,,,,,,,,,"7/13/2026 8:12:23 PM","Lowering Pallet","HMI_Connection_2"
46216841951.412,2,0,64,74,"1245","46",,,,,,,"7/13/2026 8:12:25 PM","Deployment in Progress - Layer Nr. 1245 Matt. No.46","HMI_Connection_2"
46216842044.0046,2,1,64,149,,,,,,,,,"7/13/2026 8:12:33 PM","Cutting Unit - Cut startet","HMI_Connection_2"
46216842067.6042,2,1,64,150,,,,,,,,,"7/13/2026 8:12:35 PM","Cutting Unit - Cut finished","HMI_Connection_2"
46216842090.3009,2,0,64,149,,,,,,,,,"7/13/2026 8:12:37 PM","Cutting Unit - Cut startet","HMI_Connection_2"
46216842090.3009,2,0,64,150,,,,,,,,,"7/13/2026 8:12:37 PM","Cutting Unit - Cut finished","HMI_Connection_2"
46216842090.3009,2,1,64,37,,,,,,,,,"7/13/2026 8:12:37 PM","Wagon waiting for Feeder","HMI_Connection_2"
46216842090.3009,2,1,64,72,,,,,,,,,"7/13/2026 8:12:37 PM","Unwinder Material Tension","HMI_Connection_2"
46216842090.3935,2,1,65,2000,"1246","1247",,,,,,,"7/13/2026 8:12:37 PM","Layer Nr:1246 Next Layer Nr : 1247  ","<internal>"
46216842113.8542,2,1,64,36,,,,,,,,,"7/13/2026 8:12:39 PM","Wagon to start position","HMI_Connection_2"
46216842113.8542,2,1,64,112,,,,,,,,,"7/13/2026 8:12:39 PM","Lowering Pallet","HMI_Connection_2"
46216842125.463,2,0,64,37,,,,,,,,,"7/13/2026 8:12:40 PM","Wagon waiting for Feeder","HMI_Connection_2"
46216842125.463,2,0,64,72,,,,,,,,,"7/13/2026 8:12:40 PM","Unwinder Material Tension","HMI_Connection_2"
46216842148.1944,2,1,64,74,"1246","45",,,,,,,"7/13/2026 8:12:42 PM","Deployment in Progress - Layer Nr. 1246 Matt. No.45","HMI_Connection_2"
46216842159.7454,2,0,64,36,,,,,,,,,"7/13/2026 8:12:43 PM","Wagon to start position","HMI_Connection_2"
46216842159.7454,2,0,64,112,,,,,,,,,"7/13/2026 8:12:43 PM","Lowering Pallet","HMI_Connection_2"
46216842182.9051,2,0,64,74,"1246","45",,,,,,,"7/13/2026 8:12:45 PM","Deployment in Progress - Layer Nr. 1246 Matt. No.45","HMI_Connection_2"
46216842275.5208,2,1,64,149,,,,,,,,,"7/13/2026 8:12:53 PM","Cutting Unit - Cut startet","HMI_Connection_2"
46216842299.0046,2,1,64,150,,,,,,,,,"7/13/2026 8:12:55 PM","Cutting Unit - Cut finished","HMI_Connection_2"
46216842321.8171,2,0,64,149,,,,,,,,,"7/13/2026 8:12:57 PM","Cutting Unit - Cut startet","HMI_Connection_2"
46216842321.8171,2,0,64,150,,,,,,,,,"7/13/2026 8:12:57 PM","Cutting Unit - Cut finished","HMI_Connection_2"
46216842321.8287,2,1,64,37,,,,,,,,,"7/13/2026 8:12:57 PM","Wagon waiting for Feeder","HMI_Connection_2"
46216842321.8287,2,1,64,72,,,,,,,,,"7/13/2026 8:12:57 PM","Unwinder Material Tension","HMI_Connection_2"
46216842321.8981,2,0,65,2000,"1247","1248",,,,,,,"7/13/2026 8:12:57 PM","Layer Nr:1247 Next Layer Nr : 1248  ","<internal>"
46216842345.3935,2,1,64,36,,,,,,,,,"7/13/2026 8:12:59 PM","Wagon to start position","HMI_Connection_2"
46216842345.3935,2,1,64,112,,,,,,,,,"7/13/2026 8:12:59 PM","Lowering Pallet","HMI_Connection_2"
46216842356.9907,2,0,64,37,,,,,,,,,"7/13/2026 8:13:00 PM","Wagon waiting for Feeder","HMI_Connection_2"
46216842356.9907,2,0,64,72,,,,,,,,,"7/13/2026 8:13:00 PM","Unwinder Material Tension","HMI_Connection_2"
46216842379.6875,2,1,64,74,"1247","44",,,,,,,"7/13/2026 8:13:02 PM","Deployment in Progress - Layer Nr. 1247 Matt. No.44","HMI_Connection_2"
46216842391.2616,2,0,64,36,,,,,,,,,"7/13/2026 8:13:03 PM","Wagon to start position","HMI_Connection_2"
46216842391.2616,2,0,64,112,,,,,,,,,"7/13/2026 8:13:03 PM","Lowering Pallet","HMI_Connection_2"
46216842414.3981,2,0,64,74,"1247","44",,,,,,,"7/13/2026 8:13:05 PM","Deployment in Progress - Layer Nr. 1247 Matt. No.44","HMI_Connection_2"
46216842507.0139,2,1,64,149,,,,,,,,,"7/13/2026 8:13:13 PM","Cutting Unit - Cut startet","HMI_Connection_2"
46216842530.6134,2,1,64,150,,,,,,,,,"7/13/2026 8:13:15 PM","Cutting Unit - Cut finished","HMI_Connection_2"
46216842553.3102,2,0,64,149,,,,,,,,,"7/13/2026 8:13:17 PM","Cutting Unit - Cut startet","HMI_Connection_2"
46216842553.3102,2,0,64,150,,,,,,,,,"7/13/2026 8:13:17 PM","Cutting Unit - Cut finished","HMI_Connection_2"
46216842559.1088,2,1,65,2000,"1248","1249",,,,,,,"7/13/2026 8:13:17 PM","Layer Nr:1248 Next Layer Nr : 1249  ","<internal>"
46216842564.8843,2,1,64,37,,,,,,,,,"7/13/2026 8:13:18 PM","Wagon waiting for Feeder","HMI_Connection_2"
46216842564.8843,2,1,64,72,,,,,,,,,"7/13/2026 8:13:18 PM","Unwinder Material Tension","HMI_Connection_2"
46216842576.4583,2,1,64,36,,,,,,,,,"7/13/2026 8:13:19 PM","Wagon to start position","HMI_Connection_2"
46216842576.4583,2,1,64,112,,,,,,,,,"7/13/2026 8:13:19 PM","Lowering Pallet","HMI_Connection_2"
46216842588.4491,2,0,64,37,,,,,,,,,"7/13/2026 8:13:20 PM","Wagon waiting for Feeder","HMI_Connection_2"
46216842588.4491,2,0,64,72,,,,,,,,,"7/13/2026 8:13:20 PM","Unwinder Material Tension","HMI_Connection_2"
46216842611.1806,2,1,64,74,"1248","43",,,,,,,"7/13/2026 8:13:22 PM","Deployment in Progress - Layer Nr. 1248 Matt. No.43","HMI_Connection_2"
46216842622.7662,2,0,64,36,,,,,,,,,"7/13/2026 8:13:23 PM","Wagon to start position","HMI_Connection_2"
46216842622.7662,2,0,64,112,,,,,,,,,"7/13/2026 8:13:23 PM","Lowering Pallet","HMI_Connection_2"
46216842645.9028,2,0,64,74,"1248","43",,,,,,,"7/13/2026 8:13:25 PM","Deployment in Progress - Layer Nr. 1248 Matt. No.43","HMI_Connection_2"
46216842750.0694,2,1,64,149,,,,,,,,,"7/13/2026 8:13:34 PM","Cutting Unit - Cut startet","HMI_Connection_2"
46216842773.669,2,1,64,150,,,,,,,,,"7/13/2026 8:13:36 PM","Cutting Unit - Cut finished","HMI_Connection_2"
46216842796.3889,2,0,64,149,,,,,,,,,"7/13/2026 8:13:38 PM","Cutting Unit - Cut startet","HMI_Connection_2"
46216842796.3889,2,0,64,150,,,,,,,,,"7/13/2026 8:13:38 PM","Cutting Unit - Cut finished","HMI_Connection_2"
46216842796.3889,2,1,64,37,,,,,,,,,"7/13/2026 8:13:38 PM","Wagon waiting for Feeder","HMI_Connection_2"
46216842796.3889,2,1,64,72,,,,,,,,,"7/13/2026 8:13:38 PM","Unwinder Material Tension","HMI_Connection_2"
46216842796.4583,2,0,65,2000,"1249","1250",,,,,,,"7/13/2026 8:13:38 PM","Layer Nr:1249 Next Layer Nr : 1250  ","<internal>"
46216842819.5139,2,1,64,112,,,,,,,,,"7/13/2026 8:13:40 PM","Lowering Pallet","HMI_Connection_2"
46216842831.1111,2,0,64,37,,,,,,,,,"7/13/2026 8:13:41 PM","Wagon waiting for Feeder","HMI_Connection_2"
46216842831.1111,2,0,64,72,,,,,,,,,"7/13/2026 8:13:41 PM","Unwinder Material Tension","HMI_Connection_2"
46216842843.1018,2,1,64,36,,,,,,,,,"7/13/2026 8:13:42 PM","Wagon to start position","HMI_Connection_2"
46216842843.1018,2,1,64,37,,,,,,,,,"7/13/2026 8:13:42 PM","Wagon waiting for Feeder","HMI_Connection_2"
46216842854.6991,2,0,64,112,,,,,,,,,"7/13/2026 8:13:43 PM","Lowering Pallet","HMI_Connection_2"
46216842865.8333,2,1,64,74,"1249","42",,,,,,,"7/13/2026 8:13:44 PM","Deployment in Progress - Layer Nr. 1249 Matt. No.42","HMI_Connection_2"
46216842888.9815,2,0,64,36,,,,,,,,,"7/13/2026 8:13:46 PM","Wagon to start position","HMI_Connection_2"
46216842888.9815,2,0,64,37,,,,,,,,,"7/13/2026 8:13:46 PM","Wagon waiting for Feeder","HMI_Connection_2"
46216842912.1296,2,0,64,74,"1249","42",,,,,,,"7/13/2026 8:13:48 PM","Deployment in Progress - Layer Nr. 1249 Matt. No.42","HMI_Connection_2"
46216843027.8704,2,1,64,149,,,,,,,,,"7/13/2026 8:13:58 PM","Cutting Unit - Cut startet","HMI_Connection_2"
46216843039.456,2,1,64,150,,,,,,,,,"7/13/2026 8:13:59 PM","Cutting Unit - Cut finished","HMI_Connection_2"
46216843062.6042,2,0,64,149,,,,,,,,,"7/13/2026 8:14:01 PM","Cutting Unit - Cut startet","HMI_Connection_2"
46216843062.6042,2,0,64,150,,,,,,,,,"7/13/2026 8:14:01 PM","Cutting Unit - Cut finished","HMI_Connection_2"
46216843062.6042,2,1,64,37,,,,,,,,,"7/13/2026 8:14:01 PM","Wagon waiting for Feeder","HMI_Connection_2"
46216843062.6042,2,1,64,72,,,,,,,,,"7/13/2026 8:14:01 PM","Unwinder Material Tension","HMI_Connection_2"
46216843062.6736,2,1,65,2000,"1250","1251",,,,,,,"7/13/2026 8:14:01 PM","Layer Nr:1250 Next Layer Nr : 1251  ","<internal>"
46216843086.2153,2,1,64,36,,,,,,,,,"7/13/2026 8:14:03 PM","Wagon to start position","HMI_Connection_2"
46216843086.2153,2,1,64,112,,,,,,,,,"7/13/2026 8:14:03 PM","Lowering Pallet","HMI_Connection_2"
46216843097.7315,2,0,64,37,,,,,,,,,"7/13/2026 8:14:04 PM","Wagon waiting for Feeder","HMI_Connection_2"
46216843097.7315,2,0,64,72,,,,,,,,,"7/13/2026 8:14:04 PM","Unwinder Material Tension","HMI_Connection_2"
46216843108.9005,2,1,64,74,"1250","41",,,,,,,"7/13/2026 8:14:05 PM","Deployment in Progress - Layer Nr. 1250 Matt. No.41","HMI_Connection_2"
46216843132.0602,2,0,64,36,,,,,,,,,"7/13/2026 8:14:07 PM","Wagon to start position","HMI_Connection_2"
46216843132.0602,2,0,64,112,,,,,,,,,"7/13/2026 8:14:07 PM","Lowering Pallet","HMI_Connection_2"
46216843155.1852,2,0,64,74,"1250","41",,,,,,,"7/13/2026 8:14:09 PM","Deployment in Progress - Layer Nr. 1250 Matt. No.41","HMI_Connection_2"
46216843270.9375,2,1,64,149,,,,,,,,,"7/13/2026 8:14:19 PM","Cutting Unit - Cut startet","HMI_Connection_2"
46216843294.4792,2,1,64,150,,,,,,,,,"7/13/2026 8:14:21 PM","Cutting Unit - Cut finished","HMI_Connection_2"
46216843311.4583,2,0,65,2000,"1251","1252",,,,,,,"7/13/2026 8:14:22 PM","Layer Nr:1251 Next Layer Nr : 1252  ","<internal>"
46216843317.2454,2,0,64,149,,,,,,,,,"7/13/2026 8:14:23 PM","Cutting Unit - Cut startet","HMI_Connection_2"
46216843317.2454,2,0,64,150,,,,,,,,,"7/13/2026 8:14:23 PM","Cutting Unit - Cut finished","HMI_Connection_2"
46216843317.2454,2,1,64,37,,,,,,,,,"7/13/2026 8:14:23 PM","Wagon waiting for Feeder","HMI_Connection_2"
46216843317.2454,2,1,64,72,,,,,,,,,"7/13/2026 8:14:23 PM","Unwinder Material Tension","HMI_Connection_2"
46216843328.831,2,1,64,112,,,,,,,,,"7/13/2026 8:14:24 PM","Lowering Pallet","HMI_Connection_2"
46216843340.3935,2,0,64,37,,,,,,,,,"7/13/2026 8:14:25 PM","Wagon waiting for Feeder","HMI_Connection_2"
46216843340.3935,2,0,64,72,,,,,,,,,"7/13/2026 8:14:25 PM","Unwinder Material Tension","HMI_Connection_2"
46216843352.3958,2,1,64,36,,,,,,,,,"7/13/2026 8:14:26 PM","Wagon to start position","HMI_Connection_2"
46216843352.3958,2,1,64,37,,,,,,,,,"7/13/2026 8:14:26 PM","Wagon waiting for Feeder","HMI_Connection_2"
46216843375.5208,2,0,64,112,,,,,,,,,"7/13/2026 8:14:28 PM","Lowering Pallet","HMI_Connection_2"
46216843386.6782,2,1,64,74,"1251","40",,,,,,,"7/13/2026 8:14:29 PM","Deployment in Progress - Layer Nr. 1251 Matt. No.40","HMI_Connection_2"
46216843398.2755,2,0,64,36,,,,,,,,,"7/13/2026 8:14:30 PM","Wagon to start position","HMI_Connection_2"
46216843398.2755,2,0,64,37,,,,,,,,,"7/13/2026 8:14:30 PM","Wagon waiting for Feeder","HMI_Connection_2"
46216843432.9977,2,0,64,74,"1251","40",,,,,,,"7/13/2026 8:14:33 PM","Deployment in Progress - Layer Nr. 1251 Matt. No.40","HMI_Connection_2"
46216843548.7384,2,1,64,149,,,,,,,,,"7/13/2026 8:14:43 PM","Cutting Unit - Cut startet","HMI_Connection_2"
46216843560.3125,2,1,64,150,,,,,,,,,"7/13/2026 8:14:44 PM","Cutting Unit - Cut finished","HMI_Connection_2"
46216843583.4606,2,0,64,149,,,,,,,,,"7/13/2026 8:14:46 PM","Cutting Unit - Cut startet","HMI_Connection_2"
46216843583.4606,2,0,64,150,,,,,,,,,"7/13/2026 8:14:46 PM","Cutting Unit - Cut finished","HMI_Connection_2"
46216843583.4606,2,1,64,37,,,,,,,,,"7/13/2026 8:14:46 PM","Wagon waiting for Feeder","HMI_Connection_2"
46216843583.4606,2,1,64,72,,,,,,,,,"7/13/2026 8:14:46 PM","Unwinder Material Tension","HMI_Connection_2"
46216843583.5417,2,1,65,2000,"1252","1253",,,,,,,"7/13/2026 8:14:46 PM","Layer Nr:1252 Next Layer Nr : 1253  ","<internal>"
46216843607.0486,2,1,64,36,,,,,,,,,"7/13/2026 8:14:48 PM","Wagon to start position","HMI_Connection_2"
46216843607.0486,2,1,64,112,,,,,,,,,"7/13/2026 8:14:48 PM","Lowering Pallet","HMI_Connection_2"
46216843618.5764,2,0,64,37,,,,,,,,,"7/13/2026 8:14:49 PM","Wagon waiting for Feeder","HMI_Connection_2"
46216843618.5764,2,0,64,72,,,,,,,,,"7/13/2026 8:14:49 PM","Unwinder Material Tension","HMI_Connection_2"
46216843641.331,2,1,64,74,"1252","999",,,,,,,"7/13/2026 8:14:51 PM","Deployment in Progress - Layer Nr. 1252 Matt. No.999","HMI_Connection_2"
46216843652.9051,2,1,64,149,,,,,,,,,"7/13/2026 8:14:52 PM","Cutting Unit - Cut startet","HMI_Connection_2"
46216843652.9051,2,0,64,36,,,,,,,,,"7/13/2026 8:14:52 PM","Wagon to start position","HMI_Connection_2"
46216843652.9051,2,0,64,112,,,,,,,,,"7/13/2026 8:14:52 PM","Lowering Pallet","HMI_Connection_2"
46216843676.0532,2,1,64,150,,,,,,,,,"7/13/2026 8:14:54 PM","Cutting Unit - Cut finished","HMI_Connection_2"
46216843676.0532,2,0,64,74,"1252","999",,,,,,,"7/13/2026 8:14:54 PM","Deployment in Progress - Layer Nr. 1252 Matt. No.999","HMI_Connection_2"
46216843699.2245,2,0,64,149,,,,,,,,,"7/13/2026 8:14:56 PM","Cutting Unit - Cut startet","HMI_Connection_2"
46216843699.2245,2,0,64,150,,,,,,,,,"7/13/2026 8:14:56 PM","Cutting Unit - Cut finished","HMI_Connection_2"
46216843699.3056,2,0,65,2000,"1252","1253",,,,,,,"7/13/2026 8:14:56 PM","Layer Nr:1252 Next Layer Nr : 1253  ","<internal>"
46216843711.2269,2,1,64,36,,,,,,,,,"7/13/2026 8:14:57 PM","Wagon to start position","HMI_Connection_2"
46216843711.2269,2,1,64,37,,,,,,,,,"7/13/2026 8:14:57 PM","Wagon waiting for Feeder","HMI_Connection_2"
46216843711.2269,2,1,64,72,,,,,,,,,"7/13/2026 8:14:57 PM","Unwinder Material Tension","HMI_Connection_2"
46216843734.3403,2,0,64,37,,,,,,,,,"7/13/2026 8:14:59 PM","Wagon waiting for Feeder","HMI_Connection_2"
46216843734.3403,2,0,64,72,,,,,,,,,"7/13/2026 8:14:59 PM","Unwinder Material Tension","HMI_Connection_2"
46216843745.5208,2,1,64,74,"1253","53",,,,,,,"7/13/2026 8:15:00 PM","Deployment in Progress - Layer Nr. 1253 Matt. No.53","HMI_Connection_2"
46216843768.669,2,0,64,36,,,,,,,,,"7/13/2026 8:15:02 PM","Wagon to start position","HMI_Connection_2"
46216843791.8056,2,0,64,74,"1253","53",,,,,,,"7/13/2026 8:15:04 PM","Deployment in Progress - Layer Nr. 1253 Matt. No.53","HMI_Connection_2"
46216843838.1019,2,1,64,149,,,,,,,,,"7/13/2026 8:15:08 PM","Cutting Unit - Cut startet","HMI_Connection_2"
46216843861.632,2,1,64,150,,,,,,,,,"7/13/2026 8:15:10 PM","Cutting Unit - Cut finished","HMI_Connection_2"
46216843878.6227,2,1,65,2000,"1254","1255",,,,,,,"7/13/2026 8:15:11 PM","Layer Nr:1254 Next Layer Nr : 1255  ","<internal>"
46216843884.3981,2,0,64,149,,,,,,,,,"7/13/2026 8:15:12 PM","Cutting Unit - Cut startet","HMI_Connection_2"
46216843884.3981,2,0,64,150,,,,,,,,,"7/13/2026 8:15:12 PM","Cutting Unit - Cut finished","HMI_Connection_2"
46216843884.3981,2,1,64,37,,,,,,,,,"7/13/2026 8:15:12 PM","Wagon waiting for Feeder","HMI_Connection_2"
46216843884.3981,2,1,64,72,,,,,,,,,"7/13/2026 8:15:12 PM","Unwinder Material Tension","HMI_Connection_2"
46216843895.9954,2,1,64,112,,,,,,,,,"7/13/2026 8:15:13 PM","Lowering Pallet","HMI_Connection_2"
46216843907.8935,2,1,64,36,,,,,,,,,"7/13/2026 8:15:14 PM","Wagon to start position","HMI_Connection_2"
46216843919.5602,2,0,64,37,,,,,,,,,"7/13/2026 8:15:15 PM","Wagon waiting for Feeder","HMI_Connection_2"
46216843919.5602,2,0,64,72,,,,,,,,,"7/13/2026 8:15:15 PM","Unwinder Material Tension","HMI_Connection_2"
46216843930.7176,2,1,64,74,"1254","52",,,,,,,"7/13/2026 8:15:16 PM","Deployment in Progress - Layer Nr. 1254 Matt. No.52","HMI_Connection_2"
46216843942.2917,2,0,64,36,,,,,,,,,"7/13/2026 8:15:17 PM","Wagon to start position","HMI_Connection_2"
46216843942.2917,2,0,64,112,,,,,,,,,"7/13/2026 8:15:17 PM","Lowering Pallet","HMI_Connection_2"
46216843977.0023,2,0,64,74,"1254","52",,,,,,,"7/13/2026 8:15:20 PM","Deployment in Progress - Layer Nr. 1254 Matt. No.52","HMI_Connection_2"
46216844034.8958,2,1,64,149,,,,,,,,,"7/13/2026 8:15:25 PM","Cutting Unit - Cut startet","HMI_Connection_2"
46216844058.4491,2,1,64,150,,,,,,,,,"7/13/2026 8:15:27 PM","Cutting Unit - Cut finished","HMI_Connection_2"
46216844075.4051,2,0,65,2000,"1255","1256",,,,,,,"7/13/2026 8:15:28 PM","Layer Nr:1255 Next Layer Nr : 1256  ","<internal>"
46216844081.6435,2,0,64,149,,,,,,,,,"7/13/2026 8:15:29 PM","Cutting Unit - Cut startet","HMI_Connection_2"
46216844081.6435,2,0,64,150,,,,,,,,,"7/13/2026 8:15:29 PM","Cutting Unit - Cut finished","HMI_Connection_2"
46216844081.6435,2,1,64,36,,,,,,,,,"7/13/2026 8:15:29 PM","Wagon to start position","HMI_Connection_2"
46216844081.6435,2,1,64,37,,,,,,,,,"7/13/2026 8:15:29 PM","Wagon waiting for Feeder","HMI_Connection_2"
46216844081.6435,2,1,64,72,,,,,,,,,"7/13/2026 8:15:29 PM","Unwinder Material Tension","HMI_Connection_2"
46216844104.7801,2,0,64,37,,,,,,,,,"7/13/2026 8:15:31 PM","Wagon waiting for Feeder","HMI_Connection_2"
46216844104.7801,2,0,64,72,,,,,,,,,"7/13/2026 8:15:31 PM","Unwinder Material Tension","HMI_Connection_2"
46216844115.9028,2,1,64,74,"1255","51",,,,,,,"7/13/2026 8:15:32 PM","Deployment in Progress - Layer Nr. 1255 Matt. No.51","HMI_Connection_2"
46216844139.0625,2,0,64,36,,,,,,,,,"7/13/2026 8:15:34 PM","Wagon to start position","HMI_Connection_2"
46216844162.2106,2,0,64,74,"1255","51",,,,,,,"7/13/2026 8:15:36 PM","Deployment in Progress - Layer Nr. 1255 Matt. No.51","HMI_Connection_2"
46216844220.081,2,1,64,149,,,,,,,,,"7/13/2026 8:15:41 PM","Cutting Unit - Cut startet","HMI_Connection_2"
46216844243.6227,2,1,64,150,,,,,,,,,"7/13/2026 8:15:43 PM","Cutting Unit - Cut finished","HMI_Connection_2"
46216844260.5903,2,1,65,2000,"1256","1257",,,,,,,"7/13/2026 8:15:44 PM","Layer Nr:1256 Next Layer Nr : 1257  ","<internal>"
46216844266.3773,2,0,64,149,,,,,,,,,"7/13/2026 8:15:45 PM","Cutting Unit - Cut startet","HMI_Connection_2"
46216844266.3773,2,0,64,150,,,,,,,,,"7/13/2026 8:15:45 PM","Cutting Unit - Cut finished","HMI_Connection_2"
46216844266.3773,2,1,64,37,,,,,,,,,"7/13/2026 8:15:45 PM","Wagon waiting for Feeder","HMI_Connection_2"
46216844266.3773,2,1,64,72,,,,,,,,,"7/13/2026 8:15:45 PM","Unwinder Material Tension","HMI_Connection_2"
46216844277.9514,2,1,64,112,,,,,,,,,"7/13/2026 8:15:46 PM","Lowering Pallet","HMI_Connection_2"
46216844289.537,2,0,64,37,,,,,,,,,"7/13/2026 8:15:47 PM","Wagon waiting for Feeder","HMI_Connection_2"
46216844289.537,2,0,64,72,,,,,,,,,"7/13/2026 8:15:47 PM","Unwinder Material Tension","HMI_Connection_2"
46216844301.5509,2,1,64,36,,,,,,,,,"7/13/2026 8:15:48 PM","Wagon to start position","HMI_Connection_2"
46216844301.5509,2,1,64,37,,,,,,,,,"7/13/2026 8:15:48 PM","Wagon waiting for Feeder","HMI_Connection_2"
46216844324.2708,2,0,64,112,,,,,,,,,"7/13/2026 8:15:50 PM","Lowering Pallet","HMI_Connection_2"
46216844324.2708,2,1,64,74,"1256","50",,,,,,,"7/13/2026 8:15:50 PM","Deployment in Progress - Layer Nr. 1256 Matt. No.50","HMI_Connection_2"
46216844347.419,2,0,64,36,,,,,,,,,"7/13/2026 8:15:52 PM","Wagon to start position","HMI_Connection_2"
46216844347.419,2,0,64,37,,,,,,,,,"7/13/2026 8:15:52 PM","Wagon waiting for Feeder","HMI_Connection_2"
46216844382.1181,2,0,64,74,"1256","50",,,,,,,"7/13/2026 8:15:55 PM","Deployment in Progress - Layer Nr. 1256 Matt. No.50","HMI_Connection_2"
46216844440,2,1,64,149,,,,,,,,,"7/13/2026 8:16:00 PM","Cutting Unit - Cut startet","HMI_Connection_2"
46216844463.5532,2,1,64,150,,,,,,,,,"7/13/2026 8:16:02 PM","Cutting Unit - Cut finished","HMI_Connection_2"
46216844474.7222,2,0,64,149,,,,,,,,,"7/13/2026 8:16:03 PM","Cutting Unit - Cut startet","HMI_Connection_2"
46216844474.7222,2,0,64,150,,,,,,,,,"7/13/2026 8:16:03 PM","Cutting Unit - Cut finished","HMI_Connection_2"
46216844480.5208,2,0,65,2000,"1257","1258",,,,,,,"7/13/2026 8:16:03 PM","Layer Nr:1257 Next Layer Nr : 1258  ","<internal>"
46216844486.7477,2,1,64,36,,,,,,,,,"7/13/2026 8:16:04 PM","Wagon to start position","HMI_Connection_2"
46216844486.7477,2,1,64,37,,,,,,,,,"7/13/2026 8:16:04 PM","Wagon waiting for Feeder","HMI_Connection_2"
46216844486.7477,2,1,64,72,,,,,,,,,"7/13/2026 8:16:04 PM","Unwinder Material Tension","HMI_Connection_2"
46216844509.8843,2,0,64,37,,,,,,,,,"7/13/2026 8:16:06 PM","Wagon waiting for Feeder","HMI_Connection_2"
46216844509.8843,2,0,64,72,,,,,,,,,"7/13/2026 8:16:06 PM","Unwinder Material Tension","HMI_Connection_2"
46216844521.0301,2,1,64,74,"1257","49",,,,,,,"7/13/2026 8:16:07 PM","Deployment in Progress - Layer Nr. 1257 Matt. No.49","HMI_Connection_2"
46216844544.1782,2,0,64,36,,,,,,,,,"7/13/2026 8:16:09 PM","Wagon to start position","HMI_Connection_2"
46216844567.3264,2,0,64,74,"1257","49",,,,,,,"7/13/2026 8:16:11 PM","Deployment in Progress - Layer Nr. 1257 Matt. No.49","HMI_Connection_2"
46216844625.1968,2,1,64,149,,,,,,,,,"7/13/2026 8:16:16 PM","Cutting Unit - Cut startet","HMI_Connection_2"
46216844648.7384,2,1,64,150,,,,,,,,,"7/13/2026 8:16:18 PM","Cutting Unit - Cut finished","HMI_Connection_2"
46216844665.6945,2,1,65,2000,"1258","1259",,,,,,,"7/13/2026 8:16:19 PM","Layer Nr:1258 Next Layer Nr : 1259  ","<internal>"
46216844671.4931,2,0,64,149,,,,,,,,,"7/13/2026 8:16:20 PM","Cutting Unit - Cut startet","HMI_Connection_2"
46216844671.4931,2,0,64,150,,,,,,,,,"7/13/2026 8:16:20 PM","Cutting Unit - Cut finished","HMI_Connection_2"
46216844671.4931,2,1,64,37,,,,,,,,,"7/13/2026 8:16:20 PM","Wagon waiting for Feeder","HMI_Connection_2"
46216844671.4931,2,1,64,72,,,,,,,,,"7/13/2026 8:16:20 PM","Unwinder Material Tension","HMI_Connection_2"
46216844683.5301,2,1,64,36,,,,,,,,,"7/13/2026 8:16:21 PM","Wagon to start position","HMI_Connection_2"
46216844683.5301,2,1,64,112,,,,,,,,,"7/13/2026 8:16:21 PM","Lowering Pallet","HMI_Connection_2"
46216844695.0463,2,0,64,37,,,,,,,,,"7/13/2026 8:16:22 PM","Wagon waiting for Feeder","HMI_Connection_2"
46216844695.0463,2,0,64,72,,,,,,,,,"7/13/2026 8:16:22 PM","Unwinder Material Tension","HMI_Connection_2"
46216844717.7894,2,1,64,74,"1258","48",,,,,,,"7/13/2026 8:16:24 PM","Deployment in Progress - Layer Nr. 1258 Matt. No.48","HMI_Connection_2"
46216844729.375,2,0,64,36,,,,,,,,,"7/13/2026 8:16:25 PM","Wagon to start position","HMI_Connection_2"
46216844729.375,2,0,64,112,,,,,,,,,"7/13/2026 8:16:25 PM","Lowering Pallet","HMI_Connection_2"
46216844764.1088,2,0,64,74,"1258","48",,,,,,,"7/13/2026 8:16:28 PM","Deployment in Progress - Layer Nr. 1258 Matt. No.48","HMI_Connection_2"
46216844833.5417,2,1,64,149,,,,,,,,,"7/13/2026 8:16:34 PM","Cutting Unit - Cut startet","HMI_Connection_2"
46216844845.1157,2,1,64,150,,,,,,,,,"7/13/2026 8:16:35 PM","Cutting Unit - Cut finished","HMI_Connection_2"
46216844868.2639,2,0,64,149,,,,,,,,,"7/13/2026 8:16:37 PM","Cutting Unit - Cut startet","HMI_Connection_2"
46216844868.2639,2,0,64,150,,,,,,,,,"7/13/2026 8:16:37 PM","Cutting Unit - Cut finished","HMI_Connection_2"
46216844868.2639,2,1,64,37,,,,,,,,,"7/13/2026 8:16:37 PM","Wagon waiting for Feeder","HMI_Connection_2"
46216844868.2639,2,1,64,72,,,,,,,,,"7/13/2026 8:16:37 PM","Unwinder Material Tension","HMI_Connection_2"
46216844868.3565,2,0,65,2000,"1259","1260",,,,,,,"7/13/2026 8:16:37 PM","Layer Nr:1259 Next Layer Nr : 1260  ","<internal>"
46216844880.2662,2,1,64,36,,,,,,,,,"7/13/2026 8:16:38 PM","Wagon to start position","HMI_Connection_2"
46216844902.9861,2,0,64,37,,,,,,,,,"7/13/2026 8:16:40 PM","Wagon waiting for Feeder","HMI_Connection_2"
46216844902.9861,2,0,64,72,,,,,,,,,"7/13/2026 8:16:40 PM","Unwinder Material Tension","HMI_Connection_2"
46216844902.9861,2,1,64,74,"1259","47",,,,,,,"7/13/2026 8:16:40 PM","Deployment in Progress - Layer Nr. 1259 Matt. No.47","HMI_Connection_2"
46216844937.7315,2,0,64,36,,,,,,,,,"7/13/2026 8:16:43 PM","Wagon to start position","HMI_Connection_2"
46216844960.8796,2,0,64,74,"1259","47",,,,,,,"7/13/2026 8:16:45 PM","Deployment in Progress - Layer Nr. 1259 Matt. No.47","HMI_Connection_2"
46216845030.3125,2,1,64,149,,,,,,,,,"7/13/2026 8:16:51 PM","Cutting Unit - Cut startet","HMI_Connection_2"
46216845053.4491,2,1,64,150,,,,,,,,,"7/13/2026 8:16:53 PM","Cutting Unit - Cut finished","HMI_Connection_2"
46216845077.037,2,0,64,149,,,,,,,,,"7/13/2026 8:16:55 PM","Cutting Unit - Cut startet","HMI_Connection_2"
46216845077.037,2,0,64,150,,,,,,,,,"7/13/2026 8:16:55 PM","Cutting Unit - Cut finished","HMI_Connection_2"
46216845082.4074,2,1,65,2000,"1260","1261",,,,,,,"7/13/2026 8:16:55 PM","Layer Nr:1260 Next Layer Nr : 1261  ","<internal>"
46216845088.1713,2,1,64,37,,,,,,,,,"7/13/2026 8:16:56 PM","Wagon waiting for Feeder","HMI_Connection_2"
46216845088.1713,2,1,64,72,,,,,,,,,"7/13/2026 8:16:56 PM","Unwinder Material Tension","HMI_Connection_2"
46216845099.7685,2,1,64,112,,,,,,,,,"7/13/2026 8:16:57 PM","Lowering Pallet","HMI_Connection_2"
46216845111.7824,2,1,64,36,,,,,,,,,"7/13/2026 8:16:58 PM","Wagon to start position","HMI_Connection_2"
46216845123.3681,2,0,64,37,,,,,,,,,"7/13/2026 8:16:59 PM","Wagon waiting for Feeder","HMI_Connection_2"
46216845123.3681,2,0,64,72,,,,,,,,,"7/13/2026 8:16:59 PM","Unwinder Material Tension","HMI_Connection_2"
46216845134.4907,2,1,64,74,"1260","46",,,,,,,"7/13/2026 8:17:00 PM","Deployment in Progress - Layer Nr. 1260 Matt. No.46","HMI_Connection_2"
46216845146.0648,2,0,64,36,,,,,,,,,"7/13/2026 8:17:01 PM","Wagon to start position","HMI_Connection_2"
46216845146.0648,2,0,64,112,,,,,,,,,"7/13/2026 8:17:01 PM","Lowering Pallet","HMI_Connection_2"
46216845180.7755,2,0,64,74,"1260","46",,,,,,,"7/13/2026 8:17:04 PM","Deployment in Progress - Layer Nr. 1260 Matt. No.46","HMI_Connection_2"
46216845273.3912,2,1,64,149,,,,,,,,,"7/13/2026 8:17:12 PM","Cutting Unit - Cut startet","HMI_Connection_2"
46216845284.9421,2,1,64,150,,,,,,,,,"7/13/2026 8:17:13 PM","Cutting Unit - Cut finished","HMI_Connection_2"
46216845308.1019,2,0,64,149,,,,,,,,,"7/13/2026 8:17:15 PM","Cutting Unit - Cut startet","HMI_Connection_2"
46216845308.1019,2,0,64,150,,,,,,,,,"7/13/2026 8:17:15 PM","Cutting Unit - Cut finished","HMI_Connection_2"
46216845313.9005,2,0,65,2000,"1261","1262",,,,,,,"7/13/2026 8:17:15 PM","Layer Nr:1261 Next Layer Nr : 1262  ","<internal>"
46216845319.6759,2,1,64,37,,,,,,,,,"7/13/2026 8:17:16 PM","Wagon waiting for Feeder","HMI_Connection_2"
46216845319.6759,2,1,64,72,,,,,,,,,"7/13/2026 8:17:16 PM","Unwinder Material Tension","HMI_Connection_2"
46216845331.2731,2,1,64,112,,,,,,,,,"7/13/2026 8:17:17 PM","Lowering Pallet","HMI_Connection_2"
46216845342.8356,2,0,64,37,,,,,,,,,"7/13/2026 8:17:18 PM","Wagon waiting for Feeder","HMI_Connection_2"
46216845342.8356,2,0,64,72,,,,,,,,,"7/13/2026 8:17:18 PM","Unwinder Material Tension","HMI_Connection_2"
46216845354.8032,2,1,64,36,,,,,,,,,"7/13/2026 8:17:19 PM","Wagon to start position","HMI_Connection_2"
46216845354.8032,2,1,64,37,,,,,,,,,"7/13/2026 8:17:19 PM","Wagon waiting for Feeder","HMI_Connection_2"
46216845377.8241,2,0,64,112,,,,,,,,,"7/13/2026 8:17:21 PM","Lowering Pallet","HMI_Connection_2"
46216845389.1204,2,1,64,74,"1261","45",,,,,,,"7/13/2026 8:17:22 PM","Deployment in Progress - Layer Nr. 1261 Matt. No.45","HMI_Connection_2"
46216845400.706,2,0,64,36,,,,,,,,,"7/13/2026 8:17:23 PM","Wagon to start position","HMI_Connection_2"
46216845400.706,2,0,64,37,,,,,,,,,"7/13/2026 8:17:23 PM","Wagon waiting for Feeder","HMI_Connection_2"
46216845435.4282,2,0,64,74,"1261","45",,,,,,,"7/13/2026 8:17:26 PM","Deployment in Progress - Layer Nr. 1261 Matt. No.45","HMI_Connection_2"
46216845516.4583,2,1,64,149,,,,,,,,,"7/13/2026 8:17:33 PM","Cutting Unit - Cut startet","HMI_Connection_2"
46216845540.0116,2,1,64,150,,,,,,,,,"7/13/2026 8:17:35 PM","Cutting Unit - Cut finished","HMI_Connection_2"
46216845562.7546,2,0,64,149,,,,,,,,,"7/13/2026 8:17:37 PM","Cutting Unit - Cut startet","HMI_Connection_2"
46216845562.7546,2,0,64,150,,,,,,,,,"7/13/2026 8:17:37 PM","Cutting Unit - Cut finished","HMI_Connection_2"
46216845562.8588,2,1,65,2000,"1262","1263",,,,,,,"7/13/2026 8:17:37 PM","Layer Nr:1262 Next Layer Nr : 1263  ","<internal>"
46216845574.3403,2,1,64,37,,,,,,,,,"7/13/2026 8:17:38 PM","Wagon waiting for Feeder","HMI_Connection_2"
46216845574.3403,2,1,64,72,,,,,,,,,"7/13/2026 8:17:38 PM","Unwinder Material Tension","HMI_Connection_2"
46216845586.331,2,1,64,36,,,,,,,,,"7/13/2026 8:17:39 PM","Wagon to start position","HMI_Connection_2"
46216845586.331,2,1,64,112,,,,,,,,,"7/13/2026 8:17:39 PM","Lowering Pallet","HMI_Connection_2"
46216845597.9282,2,0,64,37,,,,,,,,,"7/13/2026 8:17:40 PM","Wagon waiting for Feeder","HMI_Connection_2"
46216845597.9282,2,0,64,72,,,,,,,,,"7/13/2026 8:17:40 PM","Unwinder Material Tension","HMI_Connection_2"
46216845620.6366,2,1,64,74,"1262","44",,,,,,,"7/13/2026 8:17:42 PM","Deployment in Progress - Layer Nr. 1262 Matt. No.44","HMI_Connection_2"
46216845632.2106,2,0,64,36,,,,,,,,,"7/13/2026 8:17:43 PM","Wagon to start position","HMI_Connection_2"
46216845632.2106,2,0,64,112,,,,,,,,,"7/13/2026 8:17:43 PM","Lowering Pallet","HMI_Connection_2"
46216845655.3588,2,0,64,74,"1262","44",,,,,,,"7/13/2026 8:17:45 PM","Deployment in Progress - Layer Nr. 1262 Matt. No.44","HMI_Connection_2"
46216845759.5255,2,1,64,149,,,,,,,,,"7/13/2026 8:17:54 PM","Cutting Unit - Cut startet","HMI_Connection_2"
46216845771.1111,2,1,64,150,,,,,,,,,"7/13/2026 8:17:55 PM","Cutting Unit - Cut finished","HMI_Connection_2"
46216845794.2477,2,0,64,149,,,,,,,,,"7/13/2026 8:17:57 PM","Cutting Unit - Cut startet","HMI_Connection_2"
46216845794.2477,2,0,64,150,,,,,,,,,"7/13/2026 8:17:57 PM","Cutting Unit - Cut finished","HMI_Connection_2"
46216845800.0347,2,0,65,2000,"1263","1264",,,,,,,"7/13/2026 8:17:57 PM","Layer Nr:1263 Next Layer Nr : 1264  ","<internal>"
46216845805.8218,2,1,64,37,,,,,,,,,"7/13/2026 8:17:58 PM","Wagon waiting for Feeder","HMI_Connection_2"
46216845805.8218,2,1,64,72,,,,,,,,,"7/13/2026 8:17:58 PM","Unwinder Material Tension","HMI_Connection_2"
46216845817.3958,2,1,64,112,,,,,,,,,"7/13/2026 8:17:59 PM","Lowering Pallet","HMI_Connection_2"
46216845829.3866,2,1,64,36,,,,,,,,,"7/13/2026 8:18:00 PM","Wagon to start position","HMI_Connection_2"
46216845840.9838,2,0,64,37,,,,,,,,,"7/13/2026 8:18:01 PM","Wagon waiting for Feeder","HMI_Connection_2"
46216845840.9838,2,0,64,72,,,,,,,,,"7/13/2026 8:18:01 PM","Unwinder Material Tension","HMI_Connection_2"
46216845852.1181,2,1,64,74,"1263","43",,,,,,,"7/13/2026 8:18:02 PM","Deployment in Progress - Layer Nr. 1263 Matt. No.43","HMI_Connection_2"
46216845863.6921,2,0,64,36,,,,,,,,,"7/13/2026 8:18:03 PM","Wagon to start position","HMI_Connection_2"
46216845863.6921,2,0,64,112,,,,,,,,,"7/13/2026 8:18:03 PM","Lowering Pallet","HMI_Connection_2"
46216845898.4144,2,0,64,74,"1263","43",,,,,,,"7/13/2026 8:18:06 PM","Deployment in Progress - Layer Nr. 1263 Matt. No.43","HMI_Connection_2"
46216845991.0069,2,1,64,149,,,,,,,,,"7/13/2026 8:18:14 PM","Cutting Unit - Cut startet","HMI_Connection_2"
46216846014.6065,2,1,64,150,,,,,,,,,"7/13/2026 8:18:16 PM","Cutting Unit - Cut finished","HMI_Connection_2"
46216846037.3148,2,0,64,149,,,,,,,,,"7/13/2026 8:18:18 PM","Cutting Unit - Cut startet","HMI_Connection_2"
46216846037.3148,2,0,64,150,,,,,,,,,"7/13/2026 8:18:18 PM","Cutting Unit - Cut finished","HMI_Connection_2"
46216846043.0903,2,1,65,2000,"1264","1265",,,,,,,"7/13/2026 8:18:18 PM","Layer Nr:1264 Next Layer Nr : 1265  ","<internal>"
46216846048.912,2,1,64,37,,,,,,,,,"7/13/2026 8:18:19 PM","Wagon waiting for Feeder","HMI_Connection_2"
46216846048.912,2,1,64,72,,,,,,,,,"7/13/2026 8:18:19 PM","Unwinder Material Tension","HMI_Connection_2"
46216846060.4514,2,1,64,36,,,,,,,,,"7/13/2026 8:18:20 PM","Wagon to start position","HMI_Connection_2"
46216846060.4514,2,1,64,112,,,,,,,,,"7/13/2026 8:18:20 PM","Lowering Pallet","HMI_Connection_2"
46216846072.4421,2,0,64,37,,,,,,,,,"7/13/2026 8:18:21 PM","Wagon waiting for Feeder","HMI_Connection_2"
46216846072.4421,2,0,64,72,,,,,,,,,"7/13/2026 8:18:21 PM","Unwinder Material Tension","HMI_Connection_2"
46216846095.1736,2,1,64,74,"1264","42",,,,,,,"7/13/2026 8:18:23 PM","Deployment in Progress - Layer Nr. 1264 Matt. No.42","HMI_Connection_2"
46216846106.7593,2,0,64,36,,,,,,,,,"7/13/2026 8:18:24 PM","Wagon to start position","HMI_Connection_2"
46216846106.7593,2,0,64,112,,,,,,,,,"7/13/2026 8:18:24 PM","Lowering Pallet","HMI_Connection_2"
46216846129.919,2,0,64,74,"1264","42",,,,,,,"7/13/2026 8:18:26 PM","Deployment in Progress - Layer Nr. 1264 Matt. No.42","HMI_Connection_2"
46216846245.6597,2,1,64,149,,,,,,,,,"7/13/2026 8:18:36 PM","Cutting Unit - Cut startet","HMI_Connection_2"
46216846269.2245,2,1,64,150,,,,,,,,,"7/13/2026 8:18:38 PM","Cutting Unit - Cut finished","HMI_Connection_2"
46216846286.1806,2,0,65,2000,"1264","1265",,,,,,,"7/13/2026 8:18:39 PM","Layer Nr:1264 Next Layer Nr : 1265  ","<internal>"
46216846291.956,2,0,64,149,,,,,,,,,"7/13/2026 8:18:40 PM","Cutting Unit - Cut startet","HMI_Connection_2"
46216846291.956,2,0,64,150,,,,,,,,,"7/13/2026 8:18:40 PM","Cutting Unit - Cut finished","HMI_Connection_2"
46216846291.956,2,1,64,37,,,,,,,,,"7/13/2026 8:18:40 PM","Wagon waiting for Feeder","HMI_Connection_2"
46216846291.956,2,1,64,72,,,,,,,,,"7/13/2026 8:18:40 PM","Unwinder Material Tension","HMI_Connection_2"
46216846303.5417,2,1,64,112,,,,,,,,,"7/13/2026 8:18:41 PM","Lowering Pallet","HMI_Connection_2"
46216846315.544,2,1,64,36,,,,,,,,,"7/13/2026 8:18:42 PM","Wagon to start position","HMI_Connection_2"
46216846327.0833,2,0,64,37,,,,,,,,,"7/13/2026 8:18:43 PM","Wagon waiting for Feeder","HMI_Connection_2"
46216846327.0833,2,0,64,72,,,,,,,,,"7/13/2026 8:18:43 PM","Unwinder Material Tension","HMI_Connection_2"
46216846338.2755,2,1,64,74,"1265","41",,,,,,,"7/13/2026 8:18:44 PM","Deployment in Progress - Layer Nr. 1265 Matt. No.41","HMI_Connection_2"
46216846349.838,2,0,64,36,,,,,,,,,"7/13/2026 8:18:45 PM","Wagon to start position","HMI_Connection_2"
46216846349.838,2,0,64,112,,,,,,,,,"7/13/2026 8:18:45 PM","Lowering Pallet","HMI_Connection_2"
46216846384.5602,2,0,64,74,"1265","41",,,,,,,"7/13/2026 8:18:48 PM","Deployment in Progress - Layer Nr. 1265 Matt. No.41","HMI_Connection_2"
46216846500.3009,2,1,64,149,,,,,,,,,"7/13/2026 8:18:58 PM","Cutting Unit - Cut startet","HMI_Connection_2"
46216846523.8889,2,1,64,150,,,,,,,,,"7/13/2026 8:19:00 PM","Cutting Unit - Cut finished","HMI_Connection_2"
46216846535.1157,2,1,65,2000,"1265","1266",,,,,,,"7/13/2026 8:19:01 PM","Layer Nr:1265 Next Layer Nr : 1266  ","<internal>"
46216846546.6319,2,0,64,149,,,,,,,,,"7/13/2026 8:19:02 PM","Cutting Unit - Cut startet","HMI_Connection_2"
46216846546.6319,2,0,64,150,,,,,,,,,"7/13/2026 8:19:02 PM","Cutting Unit - Cut finished","HMI_Connection_2"
46216846546.6319,2,1,64,37,,,,,,,,,"7/13/2026 8:19:02 PM","Wagon waiting for Feeder","HMI_Connection_2"
46216846546.6319,2,1,64,72,,,,,,,,,"7/13/2026 8:19:02 PM","Unwinder Material Tension","HMI_Connection_2"
46216846558.6111,2,1,64,36,,,,,,,,,"7/13/2026 8:19:03 PM","Wagon to start position","HMI_Connection_2"
46216846558.6111,2,1,64,112,,,,,,,,,"7/13/2026 8:19:03 PM","Lowering Pallet","HMI_Connection_2"
46216846570.2083,2,0,64,37,,,,,,,,,"7/13/2026 8:19:04 PM","Wagon waiting for Feeder","HMI_Connection_2"
46216846570.2083,2,0,64,72,,,,,,,,,"7/13/2026 8:19:04 PM","Unwinder Material Tension","HMI_Connection_2"
46216846592.9051,2,1,64,74,"1266","40",,,,,,,"7/13/2026 8:19:06 PM","Deployment in Progress - Layer Nr. 1266 Matt. No.40","HMI_Connection_2"
46216846604.4792,2,0,64,36,,,,,,,,,"7/13/2026 8:19:07 PM","Wagon to start position","HMI_Connection_2"
46216846604.4792,2,0,64,112,,,,,,,,,"7/13/2026 8:19:07 PM","Lowering Pallet","HMI_Connection_2"
46216846627.6157,2,0,64,74,"1266","40",,,,,,,"7/13/2026 8:19:09 PM","Deployment in Progress - Layer Nr. 1266 Matt. No.40","HMI_Connection_2"
46216846754.9537,2,1,64,149,,,,,,,,,"7/13/2026 8:19:20 PM","Cutting Unit - Cut startet","HMI_Connection_2"
46216846766.5509,2,1,64,150,,,,,,,,,"7/13/2026 8:19:21 PM","Cutting Unit - Cut finished","HMI_Connection_2"
46216846789.6875,2,0,64,149,,,,,,,,,"7/13/2026 8:19:23 PM","Cutting Unit - Cut startet","HMI_Connection_2"
46216846789.6875,2,0,64,150,,,,,,,,,"7/13/2026 8:19:23 PM","Cutting Unit - Cut finished","HMI_Connection_2"
46216846789.6875,2,1,64,37,,,,,,,,,"7/13/2026 8:19:23 PM","Wagon waiting for Feeder","HMI_Connection_2"
46216846789.6875,2,1,64,72,,,,,,,,,"7/13/2026 8:19:23 PM","Unwinder Material Tension","HMI_Connection_2"
46216846789.7685,2,0,65,2000,"1267","1268",,,,,,,"7/13/2026 8:19:23 PM","Layer Nr:1267 Next Layer Nr : 1268  ","<internal>"
46216846812.8356,2,1,64,112,,,,,,,,,"7/13/2026 8:19:25 PM","Lowering Pallet","HMI_Connection_2"
46216846824.8611,2,1,64,36,,,,,,,,,"7/13/2026 8:19:26 PM","Wagon to start position","HMI_Connection_2"
46216846824.8611,2,0,64,72,,,,,,,,,"7/13/2026 8:19:26 PM","Unwinder Material Tension","HMI_Connection_2"
46216846847.9861,2,0,64,112,,,,,,,,,"7/13/2026 8:19:28 PM","Lowering Pallet","HMI_Connection_2"
46216846859.1435,2,1,64,74,"1267","39",,,,,,,"7/13/2026 8:19:29 PM","Deployment in Progress - Layer Nr. 1267 Matt. No.39","HMI_Connection_2"
46216846882.2685,2,0,64,36,,,,,,,,,"7/13/2026 8:19:31 PM","Wagon to start position","HMI_Connection_2"
46216846882.2685,2,0,64,37,,,,,,,,,"7/13/2026 8:19:31 PM","Wagon waiting for Feeder","HMI_Connection_2"
46216846905.4398,2,0,64,74,"1267","39",,,,,,,"7/13/2026 8:19:33 PM","Deployment in Progress - Layer Nr. 1267 Matt. No.39","HMI_Connection_2"
46216847021.169,2,1,64,149,,,,,,,,,"7/13/2026 8:19:43 PM","Cutting Unit - Cut startet","HMI_Connection_2"
46216847032.7546,2,1,64,150,,,,,,,,,"7/13/2026 8:19:44 PM","Cutting Unit - Cut finished","HMI_Connection_2"
46216847055.8912,2,0,64,149,,,,,,,,,"7/13/2026 8:19:46 PM","Cutting Unit - Cut startet","HMI_Connection_2"
46216847055.8912,2,0,64,150,,,,,,,,,"7/13/2026 8:19:46 PM","Cutting Unit - Cut finished","HMI_Connection_2"
46216847055.8912,2,1,64,37,,,,,,,,,"7/13/2026 8:19:46 PM","Wagon waiting for Feeder","HMI_Connection_2"
46216847055.8912,2,1,64,72,,,,,,,,,"7/13/2026 8:19:46 PM","Unwinder Material Tension","HMI_Connection_2"
46216847055.9838,2,1,65,2000,"1268","1269",,,,,,,"7/13/2026 8:19:46 PM","Layer Nr:1268 Next Layer Nr : 1269  ","<internal>"
46216847079.4444,2,1,64,36,,,,,,,,,"7/13/2026 8:19:48 PM","Wagon to start position","HMI_Connection_2"
46216847079.4444,2,1,64,112,,,,,,,,,"7/13/2026 8:19:48 PM","Lowering Pallet","HMI_Connection_2"
46216847091.0417,2,0,64,37,,,,,,,,,"7/13/2026 8:19:49 PM","Wagon waiting for Feeder","HMI_Connection_2"
46216847091.0417,2,0,64,72,,,,,,,,,"7/13/2026 8:19:49 PM","Unwinder Material Tension","HMI_Connection_2"
46216847113.7731,2,1,64,74,"1268","38",,,,,,,"7/13/2026 8:19:51 PM","Deployment in Progress - Layer Nr. 1268 Matt. No.38","HMI_Connection_2"
46216847125.3588,2,0,64,36,,,,,,,,,"7/13/2026 8:19:52 PM","Wagon to start position","HMI_Connection_2"
46216847125.3588,2,0,64,112,,,,,,,,,"7/13/2026 8:19:52 PM","Lowering Pallet","HMI_Connection_2"
46216847148.5069,2,0,64,74,"1268","38",,,,,,,"7/13/2026 8:19:54 PM","Deployment in Progress - Layer Nr. 1268 Matt. No.38","HMI_Connection_2"
46216847264.2593,2,1,64,149,,,,,,,,,"7/13/2026 8:20:04 PM","Cutting Unit - Cut startet","HMI_Connection_2"
46216847287.7894,2,1,64,150,,,,,,,,,"7/13/2026 8:20:06 PM","Cutting Unit - Cut finished","HMI_Connection_2"
46216847304.7685,2,0,65,2000,"1269","1270",,,,,,,"7/13/2026 8:20:07 PM","Layer Nr:1269 Next Layer Nr : 1270  ","<internal>"
46216847310.544,2,0,64,149,,,,,,,,,"7/13/2026 8:20:08 PM","Cutting Unit - Cut startet","HMI_Connection_2"
46216847310.544,2,0,64,150,,,,,,,,,"7/13/2026 8:20:08 PM","Cutting Unit - Cut finished","HMI_Connection_2"
46216847310.544,2,1,64,37,,,,,,,,,"7/13/2026 8:20:08 PM","Wagon waiting for Feeder","HMI_Connection_2"
46216847310.544,2,1,64,72,,,,,,,,,"7/13/2026 8:20:08 PM","Unwinder Material Tension","HMI_Connection_2"
46216847322.1065,2,1,64,112,,,,,,,,,"7/13/2026 8:20:09 PM","Lowering Pallet","HMI_Connection_2"
46216847334.1204,2,1,64,36,,,,,,,,,"7/13/2026 8:20:10 PM","Wagon to start position","HMI_Connection_2"
46216847345.7176,2,0,64,37,,,,,,,,,"7/13/2026 8:20:11 PM","Wagon waiting for Feeder","HMI_Connection_2"
46216847345.7176,2,0,64,72,,,,,,,,,"7/13/2026 8:20:11 PM","Unwinder Material Tension","HMI_Connection_2"
46216847356.8634,2,1,64,74,"1269","37",,,,,,,"7/13/2026 8:20:12 PM","Deployment in Progress - Layer Nr. 1269 Matt. No.37","HMI_Connection_2"
46216847368.4259,2,0,64,36,,,,,,,,,"7/13/2026 8:20:13 PM","Wagon to start position","HMI_Connection_2"
46216847368.4259,2,0,64,112,,,,,,,,,"7/13/2026 8:20:13 PM","Lowering Pallet","HMI_Connection_2"
46216847403.1597,2,0,64,74,"1269","37",,,,,,,"7/13/2026 8:20:16 PM","Deployment in Progress - Layer Nr. 1269 Matt. No.37","HMI_Connection_2"
46216847518.8889,2,1,64,149,,,,,,,,,"7/13/2026 8:20:26 PM","Cutting Unit - Cut startet","HMI_Connection_2"
46216847542.4537,2,1,64,150,,,,,,,,,"7/13/2026 8:20:28 PM","Cutting Unit - Cut finished","HMI_Connection_2"
46216847559.4097,2,1,65,2000,"1270","1271",,,,,,,"7/13/2026 8:20:29 PM","Layer Nr:1270 Next Layer Nr : 1271  ","<internal>"
46216847565.1968,2,0,64,149,,,,,,,,,"7/13/2026 8:20:30 PM","Cutting Unit - Cut startet","HMI_Connection_2"
46216847565.1968,2,0,64,150,,,,,,,,,"7/13/2026 8:20:30 PM","Cutting Unit - Cut finished","HMI_Connection_2"
46216847565.1968,2,1,64,37,,,,,,,,,"7/13/2026 8:20:30 PM","Wagon waiting for Feeder","HMI_Connection_2"
46216847565.1968,2,1,64,72,,,,,,,,,"7/13/2026 8:20:30 PM","Unwinder Material Tension","HMI_Connection_2"
46216847576.7824,2,1,64,112,,,,,,,,,"7/13/2026 8:20:31 PM","Lowering Pallet","HMI_Connection_2"
46216847588.7037,2,1,64,36,,,,,,,,,"7/13/2026 8:20:32 PM","Wagon to start position","HMI_Connection_2"
46216847600.3704,2,0,64,37,,,,,,,,,"7/13/2026 8:20:33 PM","Wagon waiting for Feeder","HMI_Connection_2"
46216847600.3704,2,0,64,72,,,,,,,,,"7/13/2026 8:20:33 PM","Unwinder Material Tension","HMI_Connection_2"
46216847611.5046,2,1,64,74,"1270","36",,,,,,,"7/13/2026 8:20:34 PM","Deployment in Progress - Layer Nr. 1270 Matt. No.36","HMI_Connection_2"
46216847623.0787,2,0,64,36,,,,,,,,,"7/13/2026 8:20:35 PM","Wagon to start position","HMI_Connection_2"
46216847623.0787,2,0,64,112,,,,,,,,,"7/13/2026 8:20:35 PM","Lowering Pallet","HMI_Connection_2"
46216847657.7778,2,0,64,74,"1270","36",,,,,,,"7/13/2026 8:20:38 PM","Deployment in Progress - Layer Nr. 1270 Matt. No.36","HMI_Connection_2"
46216847773.5417,2,1,64,149,,,,,,,,,"7/13/2026 8:20:48 PM","Cutting Unit - Cut startet","HMI_Connection_2"
46216847797.1065,2,1,64,150,,,,,,,,,"7/13/2026 8:20:50 PM","Cutting Unit - Cut finished","HMI_Connection_2"
46216847820.3009,2,0,64,149,,,,,,,,,"7/13/2026 8:20:52 PM","Cutting Unit - Cut startet","HMI_Connection_2"
46216847820.3009,2,0,64,150,,,,,,,,,"7/13/2026 8:20:52 PM","Cutting Unit - Cut finished","HMI_Connection_2"
46216852125.7292,2,0,65,2000,"1271","1272",,,,,,,"7/13/2026 8:27:04 PM","Layer Nr:1271 Next Layer Nr : 1272  ","<internal>"
46216852137.2222,2,1,64,37,,,,,,,,,"7/13/2026 8:27:05 PM","Wagon waiting for Feeder","HMI_Connection_2"
46216852137.2222,2,1,64,72,,,,,,,,,"7/13/2026 8:27:05 PM","Unwinder Material Tension","HMI_Connection_2"
46216852149.213,2,1,64,36,,,,,,,,,"7/13/2026 8:27:06 PM","Wagon to start position","HMI_Connection_2"
46216852149.213,2,1,64,112,,,,,,,,,"7/13/2026 8:27:06 PM","Lowering Pallet","HMI_Connection_2"
46216852160.8102,2,0,64,37,,,,,,,,,"7/13/2026 8:27:07 PM","Wagon waiting for Feeder","HMI_Connection_2"
46216852160.8102,2,0,64,72,,,,,,,,,"7/13/2026 8:27:07 PM","Unwinder Material Tension","HMI_Connection_2"
46216852183.5185,2,1,64,74,"1271","35",,,,,,,"7/13/2026 8:27:09 PM","Deployment in Progress - Layer Nr. 1271 Matt. No.35","HMI_Connection_2"
46216852195.1042,2,0,64,36,,,,,,,,,"7/13/2026 8:27:10 PM","Wagon to start position","HMI_Connection_2"
46216852195.1042,2,0,64,112,,,,,,,,,"7/13/2026 8:27:10 PM","Lowering Pallet","HMI_Connection_2"
46216852218.2639,2,0,64,74,"1271","35",,,,,,,"7/13/2026 8:27:12 PM","Deployment in Progress - Layer Nr. 1271 Matt. No.35","HMI_Connection_2"
46216852287.7083,2,1,64,149,,,,,,,,,"7/13/2026 8:27:18 PM","Cutting Unit - Cut startet","HMI_Connection_2"
46216852310.8565,2,1,64,150,,,,,,,,,"7/13/2026 8:27:20 PM","Cutting Unit - Cut finished","HMI_Connection_2"
46216852334.0162,2,0,64,149,,,,,,,,,"7/13/2026 8:27:22 PM","Cutting Unit - Cut startet","HMI_Connection_2"
46216852334.0162,2,0,64,150,,,,,,,,,"7/13/2026 8:27:22 PM","Cutting Unit - Cut finished","HMI_Connection_2"
46216852334.0162,2,1,64,37,,,,,,,,,"7/13/2026 8:27:22 PM","Wagon waiting for Feeder","HMI_Connection_2"
46216852334.0162,2,1,64,72,,,,,,,,,"7/13/2026 8:27:22 PM","Unwinder Material Tension","HMI_Connection_2"
46216852334.0856,2,1,65,2000,"1272","0",,,,,,,"7/13/2026 8:27:22 PM","Layer Nr:1272 Next Layer Nr : 0  ","<internal>"
46216852346.0185,2,1,64,36,,,,,,,,,"7/13/2026 8:27:23 PM","Wagon to start position","HMI_Connection_2"
46216852368.7153,2,0,64,37,,,,,,,,,"7/13/2026 8:27:25 PM","Wagon waiting for Feeder","HMI_Connection_2"
46216852368.7153,2,0,64,72,,,,,,,,,"7/13/2026 8:27:25 PM","Unwinder Material Tension","HMI_Connection_2"
46216852368.7153,2,1,64,74,"1272","34",,,,,,,"7/13/2026 8:27:25 PM","Deployment in Progress - Layer Nr. 1272 Matt. No.34","HMI_Connection_2"
46216852391.8866,2,0,64,36,,,,,,,,,"7/13/2026 8:27:27 PM","Wagon to start position","HMI_Connection_2"
46216852426.6088,2,0,64,74,"1272","34",,,,,,,"7/13/2026 8:27:30 PM","Deployment in Progress - Layer Nr. 1272 Matt. No.34","HMI_Connection_2"
46216852496.0417,2,1,64,149,,,,,,,,,"7/13/2026 8:27:36 PM","Cutting Unit - Cut startet","HMI_Connection_2"
46216852519.6065,2,1,64,150,,,,,,,,,"7/13/2026 8:27:38 PM","Cutting Unit - Cut finished","HMI_Connection_2"
46216852542.8009,2,0,64,149,,,,,,,,,"7/13/2026 8:27:40 PM","Cutting Unit - Cut startet","HMI_Connection_2"
46216852542.8009,2,0,64,150,,,,,,,,,"7/13/2026 8:27:40 PM","Cutting Unit - Cut finished","HMI_Connection_2"
46216852561.25,2,1,65,1144,,,,,,,,,"7/13/2026 8:27:41 PM","Unwinder 4 Emptying","<internal>"
46216852569.3056,2,1,65,1017,,,,,,,,,"7/13/2026 8:27:42 PM",,"<internal>"
46216852589.0162,2,1,64,125,,,,,,,,,"7/13/2026 8:27:44 PM","EndLayer finished","HMI_Connection_2"
46216852611.8171,2,0,64,125,,,,,,,,,"7/13/2026 8:27:46 PM","EndLayer finished","HMI_Connection_2"
46216865379.7685,2,0,65,1144,,,,,,,,,"7/13/2026 8:46:09 PM","Unwinder 4 Emptying","<internal>"
46216865398.7732,2,0,65,1017,,,,,,,,,"7/13/2026 8:46:10 PM",,"<internal>"
46216865455.6134,2,0,65,1022,,,,,,,,,"7/13/2026 8:46:15 PM",,"<internal>"
46216865685.1852,2,1,65,1006,,,,,,,,,"7/13/2026 8:46:35 PM","Start","<internal>"
46216865736.5162,2,1,65,1003,"0",,,,,,,,"7/13/2026 8:46:40 PM","Start layer - Nr: 0","<internal>"
46216865743.3796,2,0,65,2000,"291","292",,,,,,,"7/13/2026 8:46:40 PM","Layer Nr:291 Next Layer Nr : 292  ","<internal>"
46216865749.1898,2,1,64,73,,,,,,,,,"7/13/2026 8:46:41 PM","+A11.G4: Waiting for Pallet out","HMI_Connection_2"
46216865760.7639,2,1,64,43,,,,,,,,,"7/13/2026 8:46:42 PM","+A11.G4: Waiting for Pallet","HMI_Connection_2"
46216865760.7639,2,0,64,73,,,,,,,,,"7/13/2026 8:46:42 PM","+A11.G4: Waiting for Pallet out","HMI_Connection_2"
46216865807.0602,2,0,64,43,,,,,,,,,"7/13/2026 8:46:46 PM","+A11.G4: Waiting for Pallet","HMI_Connection_2"
46216866027.7199,2,1,64,36,,,,,,,,,"7/13/2026 8:47:05 PM","Wagon to start position","HMI_Connection_2"
46216866027.7199,2,1,64,37,,,,,,,,,"7/13/2026 8:47:05 PM","Wagon waiting for Feeder","HMI_Connection_2"
46216866027.7199,2,1,64,72,,,,,,,,,"7/13/2026 8:47:05 PM","Unwinder Material Tension","HMI_Connection_2"
46216866061.9907,2,0,64,37,,,,,,,,,"7/13/2026 8:47:08 PM","Wagon waiting for Feeder","HMI_Connection_2"
46216866061.9907,2,0,64,72,,,,,,,,,"7/13/2026 8:47:08 PM","Unwinder Material Tension","HMI_Connection_2"
46216866096.8403,2,0,64,36,,,,,,,,,"7/13/2026 8:47:11 PM","Wagon to start position","HMI_Connection_2"
46216866119.5833,2,1,64,37,,,,,,,,,"7/13/2026 8:47:13 PM","Wagon waiting for Feeder","HMI_Connection_2"
46216866119.5833,2,1,64,74,"291","20",,,,,,,"7/13/2026 8:47:13 PM","Deployment in Progress - Layer Nr. 291 Matt. No.20","HMI_Connection_2"
46216866154.3171,2,0,64,37,,,,,,,,,"7/13/2026 8:47:16 PM","Wagon waiting for Feeder","HMI_Connection_2"
46216866154.3171,2,0,64,74,"291","20",,,,,,,"7/13/2026 8:47:16 PM","Deployment in Progress - Layer Nr. 291 Matt. No.20","HMI_Connection_2"
46216866246.9097,2,1,64,149,,,,,,,,,"7/13/2026 8:47:24 PM","Cutting Unit - Cut startet","HMI_Connection_2"
46216866270.463,2,1,64,150,,,,,,,,,"7/13/2026 8:47:26 PM","Cutting Unit - Cut finished","HMI_Connection_2"
46216866293.2176,2,0,64,149,,,,,,,,,"7/13/2026 8:47:28 PM","Cutting Unit - Cut startet","HMI_Connection_2"
46216866293.2176,2,0,64,150,,,,,,,,,"7/13/2026 8:47:28 PM","Cutting Unit - Cut finished","HMI_Connection_2"
46216866293.2176,2,1,64,37,,,,,,,,,"7/13/2026 8:47:28 PM","Wagon waiting for Feeder","HMI_Connection_2"
46216866293.2176,2,1,64,72,,,,,,,,,"7/13/2026 8:47:28 PM","Unwinder Material Tension","HMI_Connection_2"
46216866293.287,2,1,65,2000,"292","293",,,,,,,"7/13/2026 8:47:28 PM","Layer Nr:292 Next Layer Nr : 293  ","<internal>"
46216866316.713,2,1,64,36,,,,,,,,,"7/13/2026 8:47:30 PM","Wagon to start position","HMI_Connection_2"
46216866316.713,2,1,64,112,,,,,,,,,"7/13/2026 8:47:30 PM","Lowering Pallet","HMI_Connection_2"
46216866328.3796,2,0,64,37,,,,,,,,,"7/13/2026 8:47:31 PM","Wagon waiting for Feeder","HMI_Connection_2"
46216866328.3796,2,0,64,72,,,,,,,,,"7/13/2026 8:47:31 PM","Unwinder Material Tension","HMI_Connection_2"
46216866351.0648,2,1,64,74,"292","19",,,,,,,"7/13/2026 8:47:33 PM","Deployment in Progress - Layer Nr. 292 Matt. No.19","HMI_Connection_2"
46216866362.6736,2,0,64,36,,,,,,,,,"7/13/2026 8:47:34 PM","Wagon to start position","HMI_Connection_2"
46216866362.6736,2,0,64,112,,,,,,,,,"7/13/2026 8:47:34 PM","Lowering Pallet","HMI_Connection_2"
46216866385.7986,2,0,64,74,"292","19",,,,,,,"7/13/2026 8:47:36 PM","Deployment in Progress - Layer Nr. 292 Matt. No.19","HMI_Connection_2"
46216866466.8403,2,1,64,149,,,,,,,,,"7/13/2026 8:47:43 PM","Cutting Unit - Cut startet","HMI_Connection_2"
46216866490.4282,2,1,64,150,,,,,,,,,"7/13/2026 8:47:45 PM","Cutting Unit - Cut finished","HMI_Connection_2"
46216866513.1134,2,0,64,149,,,,,,,,,"7/13/2026 8:47:47 PM","Cutting Unit - Cut startet","HMI_Connection_2"
46216866513.1134,2,0,64,150,,,,,,,,,"7/13/2026 8:47:47 PM","Cutting Unit - Cut finished","HMI_Connection_2"
46216866513.2176,2,0,65,2000,"293","294",,,,,,,"7/13/2026 8:47:47 PM","Layer Nr:293 Next Layer Nr : 294  ","<internal>"
46216866524.6991,2,1,64,37,,,,,,,,,"7/13/2026 8:47:48 PM","Wagon waiting for Feeder","HMI_Connection_2"
46216866524.6991,2,1,64,72,,,,,,,,,"7/13/2026 8:47:48 PM","Unwinder Material Tension","HMI_Connection_2"
46216866536.6204,2,1,64,36,,,,,,,,,"7/13/2026 8:47:49 PM","Wagon to start position","HMI_Connection_2"
46216866536.6204,2,1,64,112,,,,,,,,,"7/13/2026 8:47:49 PM","Lowering Pallet","HMI_Connection_2"
46216866548.2755,2,0,64,37,,,,,,,,,"7/13/2026 8:47:50 PM","Wagon waiting for Feeder","HMI_Connection_2"
46216866548.2755,2,0,64,72,,,,,,,,,"7/13/2026 8:47:50 PM","Unwinder Material Tension","HMI_Connection_2"
46216866571.0185,2,1,64,74,"293","18",,,,,,,"7/13/2026 8:47:52 PM","Deployment in Progress - Layer Nr. 293 Matt. No.18","HMI_Connection_2"
46216866582.5695,2,0,64,36,,,,,,,,,"7/13/2026 8:47:53 PM","Wagon to start position","HMI_Connection_2"
46216866582.5695,2,0,64,112,,,,,,,,,"7/13/2026 8:47:53 PM","Lowering Pallet","HMI_Connection_2"
46216866605.7292,2,0,64,74,"293","18",,,,,,,"7/13/2026 8:47:55 PM","Deployment in Progress - Layer Nr. 293 Matt. No.18","HMI_Connection_2"
46216866698.3333,2,1,64,149,,,,,,,,,"7/13/2026 8:48:03 PM","Cutting Unit - Cut startet","HMI_Connection_2"
46216866709.8958,2,1,64,150,,,,,,,,,"7/13/2026 8:48:04 PM","Cutting Unit - Cut finished","HMI_Connection_2"
46216866733.4954,2,0,64,149,,,,,,,,,"7/13/2026 8:48:06 PM","Cutting Unit - Cut startet","HMI_Connection_2"
46216866733.4954,2,0,64,150,,,,,,,,,"7/13/2026 8:48:06 PM","Cutting Unit - Cut finished","HMI_Connection_2"
46216866744.6412,2,1,64,37,,,,,,,,,"7/13/2026 8:48:07 PM","Wagon waiting for Feeder","HMI_Connection_2"
46216866744.6412,2,1,64,72,,,,,,,,,"7/13/2026 8:48:07 PM","Unwinder Material Tension","HMI_Connection_2"
46216866744.7106,2,1,65,2000,"294","295",,,,,,,"7/13/2026 8:48:07 PM","Layer Nr:294 Next Layer Nr : 295  ","<internal>"
46216866768.2176,2,1,64,36,,,,,,,,,"7/13/2026 8:48:09 PM","Wagon to start position","HMI_Connection_2"
46216866768.2176,2,1,64,112,,,,,,,,,"7/13/2026 8:48:09 PM","Lowering Pallet","HMI_Connection_2"
46216866779.7569,2,0,64,37,,,,,,,,,"7/13/2026 8:48:10 PM","Wagon waiting for Feeder","HMI_Connection_2"
46216866779.7569,2,0,64,72,,,,,,,,,"7/13/2026 8:48:10 PM","Unwinder Material Tension","HMI_Connection_2"
46216866790.9491,2,1,64,74,"294","17",,,,,,,"7/13/2026 8:48:11 PM","Deployment in Progress - Layer Nr. 294 Matt. No.17","HMI_Connection_2"
46216866802.5116,2,0,64,36,,,,,,,,,"7/13/2026 8:48:12 PM","Wagon to start position","HMI_Connection_2"
46216866802.5116,2,0,64,112,,,,,,,,,"7/13/2026 8:48:12 PM","Lowering Pallet","HMI_Connection_2"
46216866837.2338,2,0,64,74,"294","17",,,,,,,"7/13/2026 8:48:15 PM","Deployment in Progress - Layer Nr. 294 Matt. No.17","HMI_Connection_2"
46216866929.8264,2,1,64,149,,,,,,,,,"7/13/2026 8:48:23 PM","Cutting Unit - Cut startet","HMI_Connection_2"
46216866941.3889,2,1,64,150,,,,,,,,,"7/13/2026 8:48:24 PM","Cutting Unit - Cut finished","HMI_Connection_2"
46216866964.7917,2,0,64,149,,,,,,,,,"7/13/2026 8:48:26 PM","Cutting Unit - Cut startet","HMI_Connection_2"
46216866964.7917,2,0,64,150,,,,,,,,,"7/13/2026 8:48:26 PM","Cutting Unit - Cut finished","HMI_Connection_2"
46216866970.3472,2,0,65,2000,"295","296",,,,,,,"7/13/2026 8:48:26 PM","Layer Nr:295 Next Layer Nr : 296  ","<internal>"
46216866976.1227,2,1,64,37,,,,,,,,,"7/13/2026 8:48:27 PM","Wagon waiting for Feeder","HMI_Connection_2"
46216866976.1227,2,1,64,72,,,,,,,,,"7/13/2026 8:48:27 PM","Unwinder Material Tension","HMI_Connection_2"
46216866987.7083,2,1,64,112,,,,,,,,,"7/13/2026 8:48:28 PM","Lowering Pallet","HMI_Connection_2"
46216866999.6875,2,1,64,36,,,,,,,,,"7/13/2026 8:48:29 PM","Wagon to start position","HMI_Connection_2"
46216867011.2847,2,0,64,37,,,,,,,,,"7/13/2026 8:48:30 PM","Wagon waiting for Feeder","HMI_Connection_2"
46216867011.2847,2,0,64,72,,,,,,,,,"7/13/2026 8:48:30 PM","Unwinder Material Tension","HMI_Connection_2"
46216867022.4421,2,1,64,74,"295","16",,,,,,,"7/13/2026 8:48:31 PM","Deployment in Progress - Layer Nr. 295 Matt. No.16","HMI_Connection_2"
46216867034.0046,2,0,64,36,,,,,,,,,"7/13/2026 8:48:32 PM","Wagon to start position","HMI_Connection_2"
46216867034.0046,2,0,64,112,,,,,,,,,"7/13/2026 8:48:32 PM","Lowering Pallet","HMI_Connection_2"
46216867068.7269,2,0,64,74,"295","16",,,,,,,"7/13/2026 8:48:35 PM","Deployment in Progress - Layer Nr. 295 Matt. No.16","HMI_Connection_2"
46216867107.6736,2,1,65,1144,,,,,,,,,"7/13/2026 8:48:38 PM","Unwinder 4 Emptying","<internal>"
46216867136.331,2,0,65,1007,,,,,,,,,"7/13/2026 8:48:41 PM","Stop","<internal>"
46216868134.0046,2,0,65,1006,,,,,,,,,"7/13/2026 8:50:07 PM","Start","<internal>"
46216868172.2917,2,1,65,1006,,,,,,,,,"7/13/2026 8:50:10 PM","Start","<internal>"
46216868191.2847,2,0,65,1006,,,,,,,,,"7/13/2026 8:50:12 PM","Start","<internal>"
46216868211.0995,2,1,65,1006,,,,,,,,,"7/13/2026 8:50:13 PM","Start","<internal>"
46216868218.8773,2,0,65,1003,"295",,,,,,,,"7/13/2026 8:50:14 PM","Start layer - Nr: 295","<internal>"
46216868255.3472,2,1,65,1003,"295",,,,,,,,"7/13/2026 8:50:17 PM","Start layer - Nr: 295","<internal>"
46216868295.6597,2,1,64,149,,,,,,,,,"7/13/2026 8:50:21 PM","Cutting Unit - Cut startet","HMI_Connection_2"
46216868318.8079,2,1,64,150,,,,,,,,,"7/13/2026 8:50:23 PM","Cutting Unit - Cut finished","HMI_Connection_2"
46216868342.2801,2,0,64,149,,,,,,,,,"7/13/2026 8:50:25 PM","Cutting Unit - Cut startet","HMI_Connection_2"
46216868342.2801,2,0,64,150,,,,,,,,,"7/13/2026 8:50:25 PM","Cutting Unit - Cut finished","HMI_Connection_2"
46216868347.7431,2,1,65,2000,"296","297",,,,,,,"7/13/2026 8:50:25 PM","Layer Nr:296 Next Layer Nr : 297  ","<internal>"
46216868353.5417,2,1,64,37,,,,,,,,,"7/13/2026 8:50:26 PM","Wagon waiting for Feeder","HMI_Connection_2"
46216868353.5417,2,1,64,72,,,,,,,,,"7/13/2026 8:50:26 PM","Unwinder Material Tension","HMI_Connection_2"
46216868365.1042,2,1,64,112,,,,,,,,,"7/13/2026 8:50:27 PM","Lowering Pallet","HMI_Connection_2"
46216868377.0833,2,1,64,36,,,,,,,,,"7/13/2026 8:50:28 PM","Wagon to start position","HMI_Connection_2"
46216868388.669,2,0,64,37,,,,,,,,,"7/13/2026 8:50:29 PM","Wagon waiting for Feeder","HMI_Connection_2"
46216868388.669,2,0,64,72,,,,,,,,,"7/13/2026 8:50:29 PM","Unwinder Material Tension","HMI_Connection_2"
46216868399.838,2,1,64,74,"296","15",,,,,,,"7/13/2026 8:50:30 PM","Deployment in Progress - Layer Nr. 296 Matt. No.15","HMI_Connection_2"
46216868411.4005,2,0,64,36,,,,,,,,,"7/13/2026 8:50:31 PM","Wagon to start position","HMI_Connection_2"
46216868411.4005,2,0,64,112,,,,,,,,,"7/13/2026 8:50:31 PM","Lowering Pallet","HMI_Connection_2"
46216868446.1343,2,0,64,74,"296","15",,,,,,,"7/13/2026 8:50:34 PM","Deployment in Progress - Layer Nr. 296 Matt. No.15","HMI_Connection_2"
46216868527.1528,2,1,64,149,,,,,,,,,"7/13/2026 8:50:41 PM","Cutting Unit - Cut startet","HMI_Connection_2"
46216868550.3009,2,1,64,150,,,,,,,,,"7/13/2026 8:50:43 PM","Cutting Unit - Cut finished","HMI_Connection_2"
46216868573.4375,2,0,64,149,,,,,,,,,"7/13/2026 8:50:45 PM","Cutting Unit - Cut startet","HMI_Connection_2"
46216868573.4375,2,0,64,150,,,,,,,,,"7/13/2026 8:50:45 PM","Cutting Unit - Cut finished","HMI_Connection_2"
46216868579.2708,2,0,65,2000,"297","298",,,,,,,"7/13/2026 8:50:45 PM","Layer Nr:297 Next Layer Nr : 298  ","<internal>"
46216868585.0347,2,1,64,37,,,,,,,,,"7/13/2026 8:50:46 PM","Wagon waiting for Feeder","HMI_Connection_2"
46216868585.0347,2,1,64,72,,,,,,,,,"7/13/2026 8:50:46 PM","Unwinder Material Tension","HMI_Connection_2"
46216868596.6088,2,1,64,36,,,,,,,,,"7/13/2026 8:50:47 PM","Wagon to start position","HMI_Connection_2"
46216868596.6088,2,1,64,112,,,,,,,,,"7/13/2026 8:50:47 PM","Lowering Pallet","HMI_Connection_2"
46216868608.6227,2,0,64,37,,,,,,,,,"7/13/2026 8:50:48 PM","Wagon waiting for Feeder","HMI_Connection_2"
46216868608.6227,2,0,64,72,,,,,,,,,"7/13/2026 8:50:48 PM","Unwinder Material Tension","HMI_Connection_2"
46216868631.331,2,1,64,74,"297","14",,,,,,,"7/13/2026 8:50:50 PM","Deployment in Progress - Layer Nr. 297 Matt. No.14","HMI_Connection_2"
46216868642.8935,2,0,64,36,,,,,,,,,"7/13/2026 8:50:51 PM","Wagon to start position","HMI_Connection_2"
46216868642.8935,2,0,64,112,,,,,,,,,"7/13/2026 8:50:51 PM","Lowering Pallet","HMI_Connection_2"
46216868666.0532,2,0,64,74,"297","14",,,,,,,"7/13/2026 8:50:53 PM","Deployment in Progress - Layer Nr. 297 Matt. No.14","HMI_Connection_2"
46216868758.6574,2,1,64,149,,,,,,,,,"7/13/2026 8:51:01 PM","Cutting Unit - Cut startet","HMI_Connection_2"
46216868782.2222,2,1,64,150,,,,,,,,,"7/13/2026 8:51:03 PM","Cutting Unit - Cut finished","HMI_Connection_2"
46216868804.9537,2,0,64,149,,,,,,,,,"7/13/2026 8:51:05 PM","Cutting Unit - Cut startet","HMI_Connection_2"
46216868804.9537,2,0,64,150,,,,,,,,,"7/13/2026 8:51:05 PM","Cutting Unit - Cut finished","HMI_Connection_2"
46216868805.0347,2,1,65,2000,"298","299",,,,,,,"7/13/2026 8:51:05 PM","Layer Nr:298 Next Layer Nr : 299  ","<internal>"
46216868816.5394,2,1,64,37,,,,,,,,,"7/13/2026 8:51:06 PM","Wagon waiting for Feeder","HMI_Connection_2"
46216868816.5394,2,1,64,72,,,,,,,,,"7/13/2026 8:51:06 PM","Unwinder Material Tension","HMI_Connection_2"
46216868828.5532,2,1,64,36,,,,,,,,,"7/13/2026 8:51:07 PM","Wagon to start position","HMI_Connection_2"
46216868828.5532,2,1,64,112,,,,,,,,,"7/13/2026 8:51:07 PM","Lowering Pallet","HMI_Connection_2"
46216868840.0116,2,0,64,37,,,,,,,,,"7/13/2026 8:51:08 PM","Wagon waiting for Feeder","HMI_Connection_2"
46216868840.0116,2,0,64,72,,,,,,,,,"7/13/2026 8:51:08 PM","Unwinder Material Tension","HMI_Connection_2"
46216868862.8241,2,1,64,74,"298","13",,,,,,,"7/13/2026 8:51:10 PM","Deployment in Progress - Layer Nr. 298 Matt. No.13","HMI_Connection_2"
46216868874.3981,2,0,64,36,,,,,,,,,"7/13/2026 8:51:11 PM","Wagon to start position","HMI_Connection_2"
46216868874.3981,2,0,64,112,,,,,,,,,"7/13/2026 8:51:11 PM","Lowering Pallet","HMI_Connection_2"
46216868897.5463,2,0,64,74,"298","13",,,,,,,"7/13/2026 8:51:13 PM","Deployment in Progress - Layer Nr. 298 Matt. No.13","HMI_Connection_2"
46216868911.6319,2,0,65,1144,,,,,,,,,"7/13/2026 8:51:14 PM","Unwinder 4 Emptying","<internal>"
46216868952.7894,2,0,65,1006,,,,,,,,,"7/13/2026 8:51:18 PM","Start","<internal>"
46216868957.0023,2,0,65,1004,"298",,,,,,,,"7/13/2026 8:51:18 PM","Abort layer - Nr: 298","<internal>"
46216868961.169,2,1,65,1005,"0",,,,,,,,"7/13/2026 8:51:18 PM","Repeat layer - Nr: 0","<internal>"
46216868966.9907,2,1,64,113,,,,,,,,,"7/13/2026 8:51:19 PM","Abort Layer active, press start to finish","HMI_Connection_2"
46216868966.9907,2,1,64,33,,,,,,,,,"7/13/2026 8:51:19 PM","Repeat Layer Startet","HMI_Connection_2"
46216868968.7269,2,1,65,1143,,,,,,,,,"7/13/2026 8:51:19 PM","Unwinder 4 UnLoad","<internal>"
46216868978.5532,2,1,64,128,,,,,,,,,"7/13/2026 8:51:20 PM","Unloading ended","HMI_Connection_2"
46216868990.1505,2,0,64,113,,,,,,,,,"7/13/2026 8:51:21 PM","Abort Layer active, press start to finish","HMI_Connection_2"
46216868990.1505,2,0,64,33,,,,,,,,,"7/13/2026 8:51:21 PM","Repeat Layer Startet","HMI_Connection_2"
46216869013.2986,2,0,64,128,,,,,,,,,"7/13/2026 8:51:23 PM","Unloading ended","HMI_Connection_2"
46216869163.7616,2,1,64,129,,,,,,,,,"7/13/2026 8:51:36 PM","Unloading startet","HMI_Connection_2"
46216869186.9213,2,0,64,129,,,,,,,,,"7/13/2026 8:51:38 PM","Unloading startet","HMI_Connection_2"
46216873163.4143,2,1,65,1142,,,,,,,,,"7/13/2026 8:57:21 PM","Unwinder 4 Load","<internal>"
46216873169.0856,2,1,64,126,,,,,,,,,"7/13/2026 8:57:22 PM","Loading starting","HMI_Connection_2"
46216873203.8079,2,0,64,126,,,,,,,,,"7/13/2026 8:57:25 PM","Loading starting","HMI_Connection_2"
46216873585.3472,2,1,64,149,,,,,,,,,"7/13/2026 8:57:58 PM","Cutting Unit - Cut startet","HMI_Connection_2"
46216873608.4838,2,1,64,150,,,,,,,,,"7/13/2026 8:58:00 PM","Cutting Unit - Cut finished","HMI_Connection_2"
46216873608.4838,2,1,64,127,,,,,,,,,"7/13/2026 8:58:00 PM","Loading ended","HMI_Connection_2"
46216873631.6435,2,0,64,149,,,,,,,,,"7/13/2026 8:58:02 PM","Cutting Unit - Cut startet","HMI_Connection_2"
46216873631.6435,2,0,64,150,,,,,,,,,"7/13/2026 8:58:02 PM","Cutting Unit - Cut finished","HMI_Connection_2"
46216873643.2176,2,0,64,127,,,,,,,,,"7/13/2026 8:58:03 PM","Loading ended","HMI_Connection_2"
46216874449.6181,2,0,65,1003,"0",,,,,,,,"7/13/2026 8:59:12 PM","Start layer - Nr: 0","<internal>"
46216874453.4722,2,1,64,33,,,,,,,,,"7/13/2026 8:59:13 PM","Repeat Layer Startet","HMI_Connection_2"
46216874465.8912,2,1,64,36,,,,,,,,,"7/13/2026 8:59:14 PM","Wagon to start position","HMI_Connection_2"
46216874465.8912,2,1,64,37,,,,,,,,,"7/13/2026 8:59:14 PM","Wagon waiting for Feeder","HMI_Connection_2"
46216874465.8912,2,1,64,72,,,,,,,,,"7/13/2026 8:59:14 PM","Unwinder Material Tension","HMI_Connection_2"
46216874488.9468,2,0,64,33,,,,,,,,,"7/13/2026 8:59:16 PM","Repeat Layer Startet","HMI_Connection_2"
46216874534.4792,2,0,64,36,,,,,,,,,"7/13/2026 8:59:20 PM","Wagon to start position","HMI_Connection_2"
46216874534.4792,2,0,64,72,,,,,,,,,"7/13/2026 8:59:20 PM","Unwinder Material Tension","HMI_Connection_2"
46216874534.4792,2,1,64,74,"298","13",,,,,,,"7/13/2026 8:59:20 PM","Deployment in Progress - Layer Nr. 298 Matt. No.13","HMI_Connection_2"
46216874557.6389,2,0,64,37,,,,,,,,,"7/13/2026 8:59:22 PM","Wagon waiting for Feeder","HMI_Connection_2"
46216874592.3495,2,0,64,74,"298","13",,,,,,,"7/13/2026 8:59:25 PM","Deployment in Progress - Layer Nr. 298 Matt. No.13","HMI_Connection_2"
46216874661.8171,2,1,64,149,,,,,,,,,"7/13/2026 8:59:31 PM","Cutting Unit - Cut startet","HMI_Connection_2"
46216874685.3704,2,1,64,150,,,,,,,,,"7/13/2026 8:59:33 PM","Cutting Unit - Cut finished","HMI_Connection_2"
46216874708.1019,2,0,64,149,,,,,,,,,"7/13/2026 8:59:35 PM","Cutting Unit - Cut startet","HMI_Connection_2"
46216874708.1019,2,0,64,150,,,,,,,,,"7/13/2026 8:59:35 PM","Cutting Unit - Cut finished","HMI_Connection_2"
46216874713.8889,2,0,65,2000,"299","300",,,,,,,"7/13/2026 8:59:35 PM","Layer Nr:299 Next Layer Nr : 300  ","<internal>"
46216874719.6875,2,1,64,37,,,,,,,,,"7/13/2026 8:59:36 PM","Wagon waiting for Feeder","HMI_Connection_2"
46216874719.6875,2,1,64,72,,,,,,,,,"7/13/2026 8:59:36 PM","Unwinder Material Tension","HMI_Connection_2"
46216874731.25,2,1,64,36,,,,,,,,,"7/13/2026 8:59:37 PM","Wagon to start position","HMI_Connection_2"
46216874731.25,2,1,64,112,,,,,,,,,"7/13/2026 8:59:37 PM","Lowering Pallet","HMI_Connection_2"
46216874743.2176,2,0,64,37,,,,,,,,,"7/13/2026 8:59:38 PM","Wagon waiting for Feeder","HMI_Connection_2"
46216874743.2176,2,0,64,72,,,,,,,,,"7/13/2026 8:59:38 PM","Unwinder Material Tension","HMI_Connection_2"
46216874765.9838,2,1,64,74,"299","12",,,,,,,"7/13/2026 8:59:40 PM","Deployment in Progress - Layer Nr. 299 Matt. No.12","HMI_Connection_2"
46216874777.5463,2,0,64,36,,,,,,,,,"7/13/2026 8:59:41 PM","Wagon to start position","HMI_Connection_2"
46216874777.5463,2,0,64,112,,,,,,,,,"7/13/2026 8:59:41 PM","Lowering Pallet","HMI_Connection_2"
46216874800.706,2,0,64,74,"299","12",,,,,,,"7/13/2026 8:59:43 PM","Deployment in Progress - Layer Nr. 299 Matt. No.12","HMI_Connection_2"
46216874904.8958,2,1,64,149,,,,,,,,,"7/13/2026 8:59:52 PM","Cutting Unit - Cut startet","HMI_Connection_2"
46216874916.4352,2,1,64,150,,,,,,,,,"7/13/2026 8:59:53 PM","Cutting Unit - Cut finished","HMI_Connection_2"
46216874939.5949,2,0,64,149,,,,,,,,,"7/13/2026 8:59:55 PM","Cutting Unit - Cut startet","HMI_Connection_2"
46216874939.5949,2,0,64,150,,,,,,,,,"7/13/2026 8:59:55 PM","Cutting Unit - Cut finished","HMI_Connection_2"
46216874945.382,2,1,65,2000,"300","301",,,,,,,"7/13/2026 8:59:55 PM","Layer Nr:300 Next Layer Nr : 301  ","<internal>"
46216874951.1574,2,1,64,37,,,,,,,,,"7/13/2026 8:59:56 PM","Wagon waiting for Feeder","HMI_Connection_2"
46216874951.1574,2,1,64,72,,,,,,,,,"7/13/2026 8:59:56 PM","Unwinder Material Tension","HMI_Connection_2"
46216874962.7546,2,1,64,112,,,,,,,,,"7/13/2026 8:59:57 PM","Lowering Pallet","HMI_Connection_2"
46216874974.3171,2,0,64,37,,,,,,,,,"7/13/2026 8:59:58 PM","Wagon waiting for Feeder","HMI_Connection_2"
46216874974.3171,2,0,64,72,,,,,,,,,"7/13/2026 8:59:58 PM","Unwinder Material Tension","HMI_Connection_2"
46216874986.2847,2,1,64,36,,,,,,,,,"7/13/2026 8:59:59 PM","Wagon to start position","HMI_Connection_2"
46216874986.2847,2,1,64,37,,,,,,,,,"7/13/2026 8:59:59 PM","Wagon waiting for Feeder","HMI_Connection_2"
46216875009.0394,2,0,64,112,,,,,,,,,"7/13/2026 9:00:01 PM","Lowering Pallet","HMI_Connection_2"
46216875009.0394,2,1,64,74,"300","11",,,,,,,"7/13/2026 9:00:01 PM","Deployment in Progress - Layer Nr. 300 Matt. No.11","HMI_Connection_2"
46216875043.7616,2,0,64,36,,,,,,,,,"7/13/2026 9:00:04 PM","Wagon to start position","HMI_Connection_2"
46216875043.7616,2,0,64,37,,,,,,,,,"7/13/2026 9:00:04 PM","Wagon waiting for Feeder","HMI_Connection_2"
46216875066.9329,2,0,64,74,"300","11",,,,,,,"7/13/2026 9:00:06 PM","Deployment in Progress - Layer Nr. 300 Matt. No.11","HMI_Connection_2"
46216875147.9398,2,1,64,149,,,,,,,,,"7/13/2026 9:00:13 PM","Cutting Unit - Cut startet","HMI_Connection_2"
46216875171.4931,2,1,64,150,,,,,,,,,"7/13/2026 9:00:15 PM","Cutting Unit - Cut finished","HMI_Connection_2"
46216875194.2477,2,0,64,149,,,,,,,,,"7/13/2026 9:00:17 PM","Cutting Unit - Cut startet","HMI_Connection_2"
46216875194.2477,2,0,64,150,,,,,,,,,"7/13/2026 9:00:17 PM","Cutting Unit - Cut finished","HMI_Connection_2"
46216875194.3171,2,0,65,2000,"301","302",,,,,,,"7/13/2026 9:00:17 PM","Layer Nr:301 Next Layer Nr : 302  ","<internal>"
46216875205.8102,2,1,64,37,,,,,,,,,"7/13/2026 9:00:18 PM","Wagon waiting for Feeder","HMI_Connection_2"
46216875205.8102,2,1,64,72,,,,,,,,,"7/13/2026 9:00:18 PM","Unwinder Material Tension","HMI_Connection_2"
46216875217.8125,2,1,64,36,,,,,,,,,"7/13/2026 9:00:19 PM","Wagon to start position","HMI_Connection_2"
46216875217.8125,2,1,64,112,,,,,,,,,"7/13/2026 9:00:19 PM","Lowering Pallet","HMI_Connection_2"
46216875229.4097,2,0,64,37,,,,,,,,,"7/13/2026 9:00:20 PM","Wagon waiting for Feeder","HMI_Connection_2"
46216875229.4097,2,0,64,72,,,,,,,,,"7/13/2026 9:00:20 PM","Unwinder Material Tension","HMI_Connection_2"
46216875252.1181,2,1,64,74,"301","10",,,,,,,"7/13/2026 9:00:22 PM","Deployment in Progress - Layer Nr. 301 Matt. No.10","HMI_Connection_2"
46216875263.7037,2,0,64,36,,,,,,,,,"7/13/2026 9:00:23 PM","Wagon to start position","HMI_Connection_2"
46216875263.7037,2,0,64,112,,,,,,,,,"7/13/2026 9:00:23 PM","Lowering Pallet","HMI_Connection_2"
46216875286.8403,2,0,64,74,"301","10",,,,,,,"7/13/2026 9:00:25 PM","Deployment in Progress - Layer Nr. 301 Matt. No.10","HMI_Connection_2"
46216875379.4329,2,1,64,149,,,,,,,,,"7/13/2026 9:00:33 PM","Cutting Unit - Cut startet","HMI_Connection_2"
46216875403.0208,2,1,64,150,,,,,,,,,"7/13/2026 9:00:35 PM","Cutting Unit - Cut finished","HMI_Connection_2"
46216875425.7292,2,0,64,149,,,,,,,,,"7/13/2026 9:00:37 PM","Cutting Unit - Cut startet","HMI_Connection_2"
46216875425.7292,2,0,64,150,,,,,,,,,"7/13/2026 9:00:37 PM","Cutting Unit - Cut finished","HMI_Connection_2"
46216875425.8102,2,1,65,2000,"302","303",,,,,,,"7/13/2026 9:00:37 PM","Layer Nr:302 Next Layer Nr : 303  ","<internal>"
46216875437.3032,2,1,64,37,,,,,,,,,"7/13/2026 9:00:38 PM","Wagon waiting for Feeder","HMI_Connection_2"
46216875437.3032,2,1,64,72,,,,,,,,,"7/13/2026 9:00:38 PM","Unwinder Material Tension","HMI_Connection_2"
46216875449.2708,2,1,64,36,,,,,,,,,"7/13/2026 9:00:39 PM","Wagon to start position","HMI_Connection_2"
46216875449.2708,2,1,64,112,,,,,,,,,"7/13/2026 9:00:39 PM","Lowering Pallet","HMI_Connection_2"
46216875460.8796,2,0,64,37,,,,,,,,,"7/13/2026 9:00:40 PM","Wagon waiting for Feeder","HMI_Connection_2"
46216875460.8796,2,0,64,72,,,,,,,,,"7/13/2026 9:00:40 PM","Unwinder Material Tension","HMI_Connection_2"
46216875483.6111,2,1,64,74,"302","21",,,,,,,"7/13/2026 9:00:42 PM","Deployment in Progress - Layer Nr. 302 Matt. No.21","HMI_Connection_2"
46216875495.1852,2,0,64,36,,,,,,,,,"7/13/2026 9:00:43 PM","Wagon to start position","HMI_Connection_2"
46216875495.1852,2,0,64,112,,,,,,,,,"7/13/2026 9:00:43 PM","Lowering Pallet","HMI_Connection_2"
46216875518.3218,2,0,64,74,"302","21",,,,,,,"7/13/2026 9:00:45 PM","Deployment in Progress - Layer Nr. 302 Matt. No.21","HMI_Connection_2"
46216875587.7662,2,1,64,149,,,,,,,,,"7/13/2026 9:00:51 PM","Cutting Unit - Cut startet","HMI_Connection_2"
46216875611.2963,2,1,64,150,,,,,,,,,"7/13/2026 9:00:53 PM","Cutting Unit - Cut finished","HMI_Connection_2"
46216875628.287,2,0,65,2000,"303","304",,,,,,,"7/13/2026 9:00:54 PM","Layer Nr:303 Next Layer Nr : 304  ","<internal>"
46216875634.0741,2,0,64,149,,,,,,,,,"7/13/2026 9:00:55 PM","Cutting Unit - Cut startet","HMI_Connection_2"
46216875634.0741,2,0,64,150,,,,,,,,,"7/13/2026 9:00:55 PM","Cutting Unit - Cut finished","HMI_Connection_2"
46216875634.0741,2,1,64,36,,,,,,,,,"7/13/2026 9:00:55 PM","Wagon to start position","HMI_Connection_2"
46216875634.0741,2,1,64,37,,,,,,,,,"7/13/2026 9:00:55 PM","Wagon waiting for Feeder","HMI_Connection_2"
46216875634.0741,2,1,64,72,,,,,,,,,"7/13/2026 9:00:55 PM","Unwinder Material Tension","HMI_Connection_2"
46216875668.8079,2,0,64,37,,,,,,,,,"7/13/2026 9:00:58 PM","Wagon waiting for Feeder","HMI_Connection_2"
46216875668.8079,2,0,64,72,,,,,,,,,"7/13/2026 9:00:58 PM","Unwinder Material Tension","HMI_Connection_2"
46216875668.8079,2,1,64,74,"303","20",,,,,,,"7/13/2026 9:00:58 PM","Deployment in Progress - Layer Nr. 303 Matt. No.20","HMI_Connection_2"
46216875691.956,2,0,64,36,,,,,,,,,"7/13/2026 9:01:00 PM","Wagon to start position","HMI_Connection_2"
46216875726.6898,2,0,64,74,"303","20",,,,,,,"7/13/2026 9:01:03 PM","Deployment in Progress - Layer Nr. 303 Matt. No.20","HMI_Connection_2"
46216875772.9745,2,1,64,149,,,,,,,,,"7/13/2026 9:01:07 PM","Cutting Unit - Cut startet","HMI_Connection_2"
46216875796.5394,2,1,64,150,,,,,,,,,"7/13/2026 9:01:09 PM","Cutting Unit - Cut finished","HMI_Connection_2"
46216875813.4954,2,1,65,2000,"304","305",,,,,,,"7/13/2026 9:01:10 PM","Layer Nr:304 Next Layer Nr : 305  ","<internal>"
46216875819.2708,2,0,64,149,,,,,,,,,"7/13/2026 9:01:11 PM","Cutting Unit - Cut startet","HMI_Connection_2"
46216875819.2708,2,0,64,150,,,,,,,,,"7/13/2026 9:01:11 PM","Cutting Unit - Cut finished","HMI_Connection_2"
46216875819.2708,2,1,64,37,,,,,,,,,"7/13/2026 9:01:11 PM","Wagon waiting for Feeder","HMI_Connection_2"
46216875819.2708,2,1,64,72,,,,,,,,,"7/13/2026 9:01:11 PM","Unwinder Material Tension","HMI_Connection_2"
46216875830.8565,2,1,64,112,,,,,,,,,"7/13/2026 9:01:12 PM","Lowering Pallet","HMI_Connection_2"
46216875842.419,2,0,64,37,,,,,,,,,"7/13/2026 9:01:13 PM","Wagon waiting for Feeder","HMI_Connection_2"
46216875842.419,2,0,64,72,,,,,,,,,"7/13/2026 9:01:13 PM","Unwinder Material Tension","HMI_Connection_2"
46216875854.3866,2,1,64,36,,,,,,,,,"7/13/2026 9:01:14 PM","Wagon to start position","HMI_Connection_2"
46216875854.3866,2,1,64,37,,,,,,,,,"7/13/2026 9:01:14 PM","Wagon waiting for Feeder","HMI_Connection_2"
46216875877.5926,2,0,64,112,,,,,,,,,"7/13/2026 9:01:16 PM","Lowering Pallet","HMI_Connection_2"
46216875888.7153,2,1,64,74,"304","19",,,,,,,"7/13/2026 9:01:17 PM","Deployment in Progress - Layer Nr. 304 Matt. No.19","HMI_Connection_2"
46216875911.875,2,0,64,36,,,,,,,,,"7/13/2026 9:01:19 PM","Wagon to start position","HMI_Connection_2"
46216875911.875,2,0,64,37,,,,,,,,,"7/13/2026 9:01:19 PM","Wagon waiting for Feeder","HMI_Connection_2"
46216875935.0347,2,0,64,74,"304","19",,,,,,,"7/13/2026 9:01:21 PM","Deployment in Progress - Layer Nr. 304 Matt. No.19","HMI_Connection_2"
46216875992.8935,2,1,64,149,,,,,,,,,"7/13/2026 9:01:26 PM","Cutting Unit - Cut startet","HMI_Connection_2"
46216876016.4699,2,1,64,150,,,,,,,,,"7/13/2026 9:01:28 PM","Cutting Unit - Cut finished","HMI_Connection_2"
46216876033.4028,2,0,65,2000,"305","306",,,,,,,"7/13/2026 9:01:29 PM","Layer Nr:305 Next Layer Nr : 306  ","<internal>"
46216876039.1898,2,0,64,149,,,,,,,,,"7/13/2026 9:01:30 PM","Cutting Unit - Cut startet","HMI_Connection_2"
46216876039.1898,2,0,64,150,,,,,,,,,"7/13/2026 9:01:30 PM","Cutting Unit - Cut finished","HMI_Connection_2"
46216876039.1898,2,1,64,36,,,,,,,,,"7/13/2026 9:01:30 PM","Wagon to start position","HMI_Connection_2"
46216876039.1898,2,1,64,37,,,,,,,,,"7/13/2026 9:01:30 PM","Wagon waiting for Feeder","HMI_Connection_2"
46216876039.1898,2,1,64,72,,,,,,,,,"7/13/2026 9:01:30 PM","Unwinder Material Tension","HMI_Connection_2"
46216876062.7894,2,0,64,37,,,,,,,,,"7/13/2026 9:01:32 PM","Wagon waiting for Feeder","HMI_Connection_2"
46216876062.7894,2,0,64,72,,,,,,,,,"7/13/2026 9:01:32 PM","Unwinder Material Tension","HMI_Connection_2"
46216876073.9352,2,1,64,74,"305","18",,,,,,,"7/13/2026 9:01:33 PM","Deployment in Progress - Layer Nr. 305 Matt. No.18","HMI_Connection_2"
46216876097.0718,2,0,64,36,,,,,,,,,"7/13/2026 9:01:35 PM","Wagon to start position","HMI_Connection_2"
46216876131.794,2,0,64,74,"305","18",,,,,,,"7/13/2026 9:01:38 PM","Deployment in Progress - Layer Nr. 305 Matt. No.18","HMI_Connection_2"
46216876189.6528,2,1,64,149,,,,,,,,,"7/13/2026 9:01:43 PM","Cutting Unit - Cut startet","HMI_Connection_2"
46216876201.2384,2,1,64,150,,,,,,,,,"7/13/2026 9:01:44 PM","Cutting Unit - Cut finished","HMI_Connection_2"
46216876224.375,2,0,64,149,,,,,,,,,"7/13/2026 9:01:46 PM","Cutting Unit - Cut startet","HMI_Connection_2"
46216876224.375,2,0,64,150,,,,,,,,,"7/13/2026 9:01:46 PM","Cutting Unit - Cut finished","HMI_Connection_2"
46216876224.3866,2,1,64,37,,,,,,,,,"7/13/2026 9:01:46 PM","Wagon waiting for Feeder","HMI_Connection_2"
46216876224.3866,2,1,64,72,,,,,,,,,"7/13/2026 9:01:46 PM","Unwinder Material Tension","HMI_Connection_2"
46216876224.4676,2,1,65,2000,"306","307",,,,,,,"7/13/2026 9:01:46 PM","Layer Nr:306 Next Layer Nr : 307  ","<internal>"
46216876247.9745,2,1,64,36,,,,,,,,,"7/13/2026 9:01:48 PM","Wagon to start position","HMI_Connection_2"
46216876247.9745,2,1,64,112,,,,,,,,,"7/13/2026 9:01:48 PM","Lowering Pallet","HMI_Connection_2"
46216876259.5602,2,0,64,37,,,,,,,,,"7/13/2026 9:01:49 PM","Wagon waiting for Feeder","HMI_Connection_2"
46216876259.5602,2,0,64,72,,,,,,,,,"7/13/2026 9:01:49 PM","Unwinder Material Tension","HMI_Connection_2"
46216876282.2801,2,1,64,74,"306","17",,,,,,,"7/13/2026 9:01:51 PM","Deployment in Progress - Layer Nr. 306 Matt. No.17","HMI_Connection_2"
46216876293.8542,2,0,64,36,,,,,,,,,"7/13/2026 9:01:52 PM","Wagon to start position","HMI_Connection_2"
46216876293.8542,2,0,64,112,,,,,,,,,"7/13/2026 9:01:52 PM","Lowering Pallet","HMI_Connection_2"
46216876316.9907,2,0,64,74,"306","17",,,,,,,"7/13/2026 9:01:54 PM","Deployment in Progress - Layer Nr. 306 Matt. No.17","HMI_Connection_2"
46216876398.0208,2,1,64,149,,,,,,,,,"7/13/2026 9:02:01 PM","Cutting Unit - Cut startet","HMI_Connection_2"
"$RT_COUNT$",5001,,,,,,,,,,,,,,,