"Time_ms","MsgProc","StateAfter","MsgClass","MsgNumber","Var1","Var2","Var3","Var4","Var5","Var6","Var7","Var8","TimeString","MsgText","PLC"
46241402932.2685,2,0,64,149,,,,,,,,,"07-Aug-26 09:40:13","Cutting","Connection_2"
46241402932.2685,2,0,64,150,,,,,,,,,"07-Aug-26 09:40:13","Cutting completed","Connection_2"
46241402967.1065,2,1,64,37,,,,,,,,,"07-Aug-26 09:40:16","Wagon waiting for Feeder","Connection_2"
46241402967.1065,2,1,64,72,,,,,,,,,"07-Aug-26 09:40:16","Unwinder Material Tension","Connection_2"
46241402979.2593,2,1,64,36,,,,,,,,,"07-Aug-26 09:40:17","Wagon to start position","Connection_2"
46241403014.6296,2,0,64,37,,,,,,,,,"07-Aug-26 09:40:20","Wagon waiting for Feeder","Connection_2"
46241403014.6296,2,0,64,72,,,,,,,,,"07-Aug-26 09:40:20","Unwinder Material Tension","Connection_2"
46241403048.9815,2,0,64,36,,,,,,,,,"07-Aug-26 09:40:23","Wagon to start position","Connection_2"
46241403071.5856,2,1,64,37,,,,,,,,,"07-Aug-26 09:40:25","Wagon waiting for Feeder","Connection_2"
46241403071.5856,2,1,64,74,"13","5","1339","302",,,,,"07-Aug-26 09:40:25","Deployment in Progress - Pallet Nr: 13 Pallet Type: 5 Layer Nr: 1339 Matt Nr: 302","Connection_2"
46241403106.4583,2,0,64,37,,,,,,,,,"07-Aug-26 09:40:28","Wagon waiting for Feeder","Connection_2"
46241403106.4583,2,0,64,74,"13","5","1339","302",,,,,"07-Aug-26 09:40:28","Deployment in Progress - Pallet Nr: 13 Pallet Type: 5 Layer Nr: 1339 Matt Nr: 302","Connection_2"
46241403269.0046,2,1,64,149,,,,,,,,,"07-Aug-26 09:40:42","Cutting","Connection_2"
46241403303.8657,2,1,64,150,,,,,,,,,"07-Aug-26 09:40:45","Cutting completed","Connection_2"
46241403327.6042,2,0,64,149,,,,,,,,,"07-Aug-26 09:40:48","Cutting","Connection_2"
46241403327.6042,2,0,64,150,,,,,,,,,"07-Aug-26 09:40:48","Cutting completed","Connection_2"
46241403361.8634,2,1,64,37,,,,,,,,,"07-Aug-26 09:40:50","Wagon waiting for Feeder","Connection_2"
46241403361.8634,2,1,64,72,,,,,,,,,"07-Aug-26 09:40:50","Unwinder Material Tension","Connection_2"
46241403385.5208,2,1,64,36,,,,,,,,,"07-Aug-26 09:40:53","Wagon to start position","Connection_2"
46241403385.5208,2,0,64,37,,,,,,,,,"07-Aug-26 09:40:53","Wagon waiting for Feeder","Connection_2"
46241403385.5208,2,0,64,72,,,,,,,,,"07-Aug-26 09:40:53","Unwinder Material Tension","Connection_2"
46241403385.5208,2,1,64,112,,,,,,,,,"07-Aug-26 09:40:53","Lowering Pallet","Connection_2"
46241403432.0949,2,0,64,36,,,,,,,,,"07-Aug-26 09:40:57","Wagon to start position","Connection_2"
46241403432.0949,2,0,64,112,,,,,,,,,"07-Aug-26 09:40:57","Lowering Pallet","Connection_2"
46241403466.3542,2,1,64,37,,,,,,,,,"07-Aug-26 09:40:59","Wagon waiting for Feeder","Connection_2"
46241403466.3542,2,1,64,74,"13","5","1340","301",,,,,"07-Aug-26 09:40:59","Deployment in Progress - Pallet Nr: 13 Pallet Type: 5 Layer Nr: 1340 Matt Nr: 301","Connection_2"
46241403501.1806,2,0,64,37,,,,,,,,,"07-Aug-26 09:41:03","Wagon waiting for Feeder","Connection_2"
46241403524.4097,2,0,64,74,"13","5","1340","301",,,,,"07-Aug-26 09:41:05","Deployment in Progress - Pallet Nr: 13 Pallet Type: 5 Layer Nr: 1340 Matt Nr: 301","Connection_2"
46241403710.1042,2,1,64,149,,,,,,,,,"07-Aug-26 09:41:21","Cutting","Connection_2"
46241403745.5208,2,1,64,150,,,,,,,,,"07-Aug-26 09:41:24","Cutting completed","Connection_2"
46241403768.7616,2,0,64,149,,,,,,,,,"07-Aug-26 09:41:26","Cutting","Connection_2"
46241403768.7616,2,0,64,150,,,,,,,,,"07-Aug-26 09:41:26","Cutting completed","Connection_2"
46241403884.3287,2,1,64,37,,,,,,,,,"07-Aug-26 09:41:36","Wagon waiting for Feeder","Connection_2"
46241403884.3287,2,1,64,72,,,,,,,,,"07-Aug-26 09:41:36","Unwinder Material Tension","Connection_2"
46241403908.8542,2,1,64,36,,,,,,,,,"07-Aug-26 09:41:38","Wagon to start position","Connection_2"
46241403932.0023,2,0,64,37,,,,,,,,,"07-Aug-26 09:41:40","Wagon waiting for Feeder","Connection_2"
46241403932.0023,2,0,64,72,,,,,,,,,"07-Aug-26 09:41:40","Unwinder Material Tension","Connection_2"
46241403977.8356,2,0,64,36,,,,,,,,,"07-Aug-26 09:41:44","Wagon to start position","Connection_2"
46241404000.5093,2,1,64,37,,,,,,,,,"07-Aug-26 09:41:46","Wagon waiting for Feeder","Connection_2"
46241404000.5093,2,1,64,74,"13","5","1341","300",,,,,"07-Aug-26 09:41:46","Deployment in Progress - Pallet Nr: 13 Pallet Type: 5 Layer Nr: 1341 Matt Nr: 300","Connection_2"
46241404023.7269,2,0,64,37,,,,,,,,,"07-Aug-26 09:41:48","Wagon waiting for Feeder","Connection_2"
46241404023.7269,2,0,64,74,"13","5","1341","300",,,,,"07-Aug-26 09:41:48","Deployment in Progress - Pallet Nr: 13 Pallet Type: 5 Layer Nr: 1341 Matt Nr: 300","Connection_2"
46241404209.4907,2,1,64,149,,,,,,,,,"07-Aug-26 09:42:04","Cutting","Connection_2"
46241404232.6852,2,1,64,150,,,,,,,,,"07-Aug-26 09:42:06","Cutting completed","Connection_2"
46241404256.4583,2,0,64,149,,,,,,,,,"07-Aug-26 09:42:08","Cutting","Connection_2"
46241404256.4583,2,0,64,150,,,,,,,,,"07-Aug-26 09:42:08","Cutting completed","Connection_2"
46241404290.7407,2,1,64,37,,,,,,,,,"07-Aug-26 09:42:11","Wagon waiting for Feeder","Connection_2"
46241404290.7407,2,1,64,72,,,,,,,,,"07-Aug-26 09:42:11","Unwinder Material Tension","Connection_2"
46241404314.5486,2,1,64,36,,,,,,,,,"07-Aug-26 09:42:13","Wagon to start position","Connection_2"
46241404314.5486,2,0,64,37,,,,,,,,,"07-Aug-26 09:42:13","Wagon waiting for Feeder","Connection_2"
46241404314.5486,2,0,64,72,,,,,,,,,"07-Aug-26 09:42:13","Unwinder Material Tension","Connection_2"
46241404314.5486,2,1,64,112,,,,,,,,,"07-Aug-26 09:42:13","Lowering Pallet","Connection_2"
46241404360.8449,2,0,64,36,,,,,,,,,"07-Aug-26 09:42:17","Wagon to start position","Connection_2"
46241404360.8449,2,0,64,112,,,,,,,,,"07-Aug-26 09:42:17","Lowering Pallet","Connection_2"
46241404395.2315,2,1,64,37,,,,,,,,,"07-Aug-26 09:42:20","Wagon waiting for Feeder","Connection_2"
46241404395.2315,2,1,64,74,"13","5","1342","299",,,,,"07-Aug-26 09:42:20","Deployment in Progress - Pallet Nr: 13 Pallet Type: 5 Layer Nr: 1342 Matt Nr: 299","Connection_2"
46241404430.0694,2,0,64,37,,,,,,,,,"07-Aug-26 09:42:23","Wagon waiting for Feeder","Connection_2"
46241404453.3102,2,0,64,74,"13","5","1342","299",,,,,"07-Aug-26 09:42:25","Deployment in Progress - Pallet Nr: 13 Pallet Type: 5 Layer Nr: 1342 Matt Nr: 299","Connection_2"
46241404639.0509,2,1,64,149,,,,,,,,,"07-Aug-26 09:42:41","Cutting","Connection_2"
46241404673.8542,2,1,64,150,,,,,,,,,"07-Aug-26 09:42:44","Cutting completed","Connection_2"
46241404697.0949,2,0,64,149,,,,,,,,,"07-Aug-26 09:42:46","Cutting","Connection_2"
46241404697.0949,2,0,64,150,,,,,,,,,"07-Aug-26 09:42:46","Cutting completed","Connection_2"
46241404731.9329,2,1,64,37,,,,,,,,,"07-Aug-26 09:42:49","Wagon waiting for Feeder","Connection_2"
46241404731.9329,2,1,64,72,,,,,,,,,"07-Aug-26 09:42:49","Unwinder Material Tension","Connection_2"
46241404744.1898,2,1,64,36,,,,,,,,,"07-Aug-26 09:42:50","Wagon to start position","Connection_2"
46241404768.1829,2,0,64,37,,,,,,,,,"07-Aug-26 09:42:52","Wagon waiting for Feeder","Connection_2"
46241404768.1829,2,0,64,72,,,,,,,,,"07-Aug-26 09:42:52","Unwinder Material Tension","Connection_2"
46241404813.8194,2,0,64,36,,,,,,,,,"07-Aug-26 09:42:56","Wagon to start position","Connection_2"
46241404836.4236,2,1,64,37,,,,,,,,,"07-Aug-26 09:42:58","Wagon waiting for Feeder","Connection_2"
46241404836.4236,2,1,64,74,"13","5","1343","298",,,,,"07-Aug-26 09:42:58","Deployment in Progress - Pallet Nr: 13 Pallet Type: 5 Layer Nr: 1343 Matt Nr: 298","Connection_2"
46241404859.6644,2,0,64,37,,,,,,,,,"07-Aug-26 09:43:00","Wagon waiting for Feeder","Connection_2"
46241404859.6644,2,0,64,74,"13","5","1343","298",,,,,"07-Aug-26 09:43:00","Deployment in Progress - Pallet Nr: 13 Pallet Type: 5 Layer Nr: 1343 Matt Nr: 298","Connection_2"
46241405045.4514,2,1,64,149,,,,,,,,,"07-Aug-26 09:43:16","Cutting","Connection_2"
46241405080.8565,2,1,64,150,,,,,,,,,"07-Aug-26 09:43:19","Cutting completed","Connection_2"
46241405103.9699,2,0,64,149,,,,,,,,,"07-Aug-26 09:43:21","Cutting","Connection_2"
46241405103.9699,2,0,64,150,,,,,,,,,"07-Aug-26 09:43:21","Cutting completed","Connection_2"
46241405138.3218,2,1,64,37,,,,,,,,,"07-Aug-26 09:43:24","Wagon waiting for Feeder","Connection_2"
46241405138.3218,2,1,64,72,,,,,,,,,"07-Aug-26 09:43:24","Unwinder Material Tension","Connection_2"
46241405161.5509,2,0,64,37,,,,,,,,,"07-Aug-26 09:43:26","Wagon waiting for Feeder","Connection_2"
46241405161.5509,2,0,64,72,,,,,,,,,"07-Aug-26 09:43:26","Unwinder Material Tension","Connection_2"
46241405161.5509,2,1,64,112,,,,,,,,,"07-Aug-26 09:43:26","Lowering Pallet","Connection_2"
46241405174.3866,2,1,64,36,,,,,,,,,"07-Aug-26 09:43:27","Wagon to start position","Connection_2"
46241405197.3495,2,0,64,112,,,,,,,,,"07-Aug-26 09:43:29","Lowering Pallet","Connection_2"
46241405242.8472,2,0,64,36,,,,,,,,,"07-Aug-26 09:43:33","Wagon to start position","Connection_2"
46241405242.8472,2,1,64,37,,,,,,,,,"07-Aug-26 09:43:33","Wagon waiting for Feeder","Connection_2"
46241405242.8472,2,1,64,74,"13","5","1344","297",,,,,"07-Aug-26 09:43:33","Deployment in Progress - Pallet Nr: 13 Pallet Type: 5 Layer Nr: 1344 Matt Nr: 297","Connection_2"
46241405266.088,2,0,64,37,,,,,,,,,"07-Aug-26 09:43:35","Wagon waiting for Feeder","Connection_2"
46241405266.088,2,0,64,74,"13","5","1344","297",,,,,"07-Aug-26 09:43:35","Deployment in Progress - Pallet Nr: 13 Pallet Type: 5 Layer Nr: 1344 Matt Nr: 297","Connection_2"
46241405486.6898,2,1,64,149,,,,,,,,,"07-Aug-26 09:43:54","Cutting","Connection_2"
46241405522.1296,2,1,64,150,,,,,,,,,"07-Aug-26 09:43:57","Cutting completed","Connection_2"
46241405545.3588,2,0,64,149,,,,,,,,,"07-Aug-26 09:43:59","Cutting","Connection_2"
46241405545.3588,2,0,64,150,,,,,,,,,"07-Aug-26 09:43:59","Cutting completed","Connection_2"
46241405579.5833,2,1,64,37,,,,,,,,,"07-Aug-26 09:44:02","Wagon waiting for Feeder","Connection_2"
46241405579.5833,2,1,64,72,,,,,,,,,"07-Aug-26 09:44:02","Unwinder Material Tension","Connection_2"
46241405592.4074,2,1,64,36,,,,,,,,,"07-Aug-26 09:44:03","Wagon to start position","Connection_2"
46241405615.5556,2,0,64,37,,,,,,,,,"07-Aug-26 09:44:05","Wagon waiting for Feeder","Connection_2"
46241405615.5556,2,0,64,72,,,,,,,,,"07-Aug-26 09:44:05","Unwinder Material Tension","Connection_2"
46241405661.4815,2,0,64,36,,,,,,,,,"07-Aug-26 09:44:09","Wagon to start position","Connection_2"
46241405684.0972,2,1,64,37,,,,,,,,,"07-Aug-26 09:44:11","Wagon waiting for Feeder","Connection_2"
46241405684.0972,2,1,64,74,"13","5","1345","296",,,,,"07-Aug-26 09:44:11","Deployment in Progress - Pallet Nr: 13 Pallet Type: 5 Layer Nr: 1345 Matt Nr: 296","Connection_2"
46241405707.3148,2,0,64,37,,,,,,,,,"07-Aug-26 09:44:13","Wagon waiting for Feeder","Connection_2"
46241405707.3148,2,0,64,74,"13","5","1345","296",,,,,"07-Aug-26 09:44:13","Deployment in Progress - Pallet Nr: 13 Pallet Type: 5 Layer Nr: 1345 Matt Nr: 296","Connection_2"
46241405892.9861,2,1,64,149,,,,,,,,,"07-Aug-26 09:44:29","Cutting","Connection_2"
46241405927.7778,2,1,64,150,,,,,,,,,"07-Aug-26 09:44:32","Cutting completed","Connection_2"
46241405951.0185,2,0,64,149,,,,,,,,,"07-Aug-26 09:44:34","Cutting","Connection_2"
46241405951.0185,2,0,64,150,,,,,,,,,"07-Aug-26 09:44:34","Cutting completed","Connection_2"
46241405985.8449,2,1,64,37,,,,,,,,,"07-Aug-26 09:44:37","Wagon waiting for Feeder","Connection_2"
46241405985.8449,2,1,64,72,,,,,,,,,"07-Aug-26 09:44:37","Unwinder Material Tension","Connection_2"
46241406009.0741,2,0,64,37,,,,,,,,,"07-Aug-26 09:44:39","Wagon waiting for Feeder","Connection_2"
46241406009.0741,2,0,64,72,,,,,,,,,"07-Aug-26 09:44:39","Unwinder Material Tension","Connection_2"
46241406009.0741,2,1,64,112,,,,,,,,,"07-Aug-26 09:44:39","Lowering Pallet","Connection_2"
46241406021.8519,2,1,64,36,,,,,,,,,"07-Aug-26 09:44:40","Wagon to start position","Connection_2"
46241406056.6667,2,0,64,112,,,,,,,,,"07-Aug-26 09:44:43","Lowering Pallet","Connection_2"
46241406090.3009,2,0,64,36,,,,,,,,,"07-Aug-26 09:44:46","Wagon to start position","Connection_2"
46241406090.3009,2,1,64,37,,,,,,,,,"07-Aug-26 09:44:46","Wagon waiting for Feeder","Connection_2"
46241406090.3009,2,1,64,74,"13","5","1346","295",,,,,"07-Aug-26 09:44:46","Deployment in Progress - Pallet Nr: 13 Pallet Type: 5 Layer Nr: 1346 Matt Nr: 295","Connection_2"
46241406125.1389,2,0,64,37,,,,,,,,,"07-Aug-26 09:44:49","Wagon waiting for Feeder","Connection_2"
46241406125.1389,2,0,64,74,"13","5","1346","295",,,,,"07-Aug-26 09:44:49","Deployment in Progress - Pallet Nr: 13 Pallet Type: 5 Layer Nr: 1346 Matt Nr: 295","Connection_2"
46241406345.6713,2,1,64,149,,,,,,,,,"07-Aug-26 09:45:08","Cutting","Connection_2"
46241406368.9005,2,1,64,150,,,,,,,,,"07-Aug-26 09:45:10","Cutting completed","Connection_2"
46241406392.7315,2,0,64,149,,,,,,,,,"07-Aug-26 09:45:12","Cutting","Connection_2"
46241406392.7315,2,0,64,150,,,,,,,,,"07-Aug-26 09:45:12","Cutting completed","Connection_2"
46241406426.956,2,1,64,37,,,,,,,,,"07-Aug-26 09:45:15","Wagon waiting for Feeder","Connection_2"
46241406426.956,2,1,64,72,,,,,,,,,"07-Aug-26 09:45:15","Unwinder Material Tension","Connection_2"
46241406451.4468,2,1,64,36,,,,,,,,,"07-Aug-26 09:45:17","Wagon to start position","Connection_2"
46241406474.5949,2,0,64,37,,,,,,,,,"07-Aug-26 09:45:19","Wagon waiting for Feeder","Connection_2"
46241406474.5949,2,0,64,72,,,,,,,,,"07-Aug-26 09:45:19","Unwinder Material Tension","Connection_2"
46241406520.4167,2,0,64,36,,,,,,,,,"07-Aug-26 09:45:23","Wagon to start position","Connection_2"
46241406543.0556,2,1,64,37,,,,,,,,,"07-Aug-26 09:45:25","Wagon waiting for Feeder","Connection_2"
46241406543.0556,2,1,64,74,"13","5","1347","294",,,,,"07-Aug-26 09:45:25","Deployment in Progress - Pallet Nr: 13 Pallet Type: 5 Layer Nr: 1347 Matt Nr: 294","Connection_2"
46241406566.2732,2,0,64,37,,,,,,,,,"07-Aug-26 09:45:27","Wagon waiting for Feeder","Connection_2"
46241406566.2732,2,0,64,74,"13","5","1347","294",,,,,"07-Aug-26 09:45:27","Deployment in Progress - Pallet Nr: 13 Pallet Type: 5 Layer Nr: 1347 Matt Nr: 294","Connection_2"
46241406752.0486,2,1,64,149,,,,,,,,,"07-Aug-26 09:45:43","Cutting","Connection_2"
46241406786.8866,2,1,64,150,,,,,,,,,"07-Aug-26 09:45:46","Cutting completed","Connection_2"
46241406810.1042,2,0,64,149,,,,,,,,,"07-Aug-26 09:45:48","Cutting","Connection_2"
46241406810.1042,2,0,64,150,,,,,,,,,"07-Aug-26 09:45:48","Cutting completed","Connection_2"
46241406844.8958,2,1,64,37,,,,,,,,,"07-Aug-26 09:45:51","Wagon waiting for Feeder","Connection_2"
46241406844.8958,2,1,64,72,,,,,,,,,"07-Aug-26 09:45:51","Unwinder Material Tension","Connection_2"
46241406868.75,2,1,64,36,,,,,,,,,"07-Aug-26 09:45:53","Wagon to start position","Connection_2"
46241406868.75,2,0,64,37,,,,,,,,,"07-Aug-26 09:45:53","Wagon waiting for Feeder","Connection_2"
46241406868.75,2,0,64,72,,,,,,,,,"07-Aug-26 09:45:53","Unwinder Material Tension","Connection_2"
46241406868.75,2,1,64,112,,,,,,,,,"07-Aug-26 09:45:53","Lowering Pallet","Connection_2"
46241406904.2245,2,0,64,112,,,,,,,,,"07-Aug-26 09:45:57","Lowering Pallet","Connection_2"
46241406949.4213,2,0,64,36,,,,,,,,,"07-Aug-26 09:46:00","Wagon to start position","Connection_2"
46241406949.4213,2,1,64,37,,,,,,,,,"07-Aug-26 09:46:00","Wagon waiting for Feeder","Connection_2"
46241406949.4213,2,1,64,74,"13","5","1348","293",,,,,"07-Aug-26 09:46:00","Deployment in Progress - Pallet Nr: 13 Pallet Type: 5 Layer Nr: 1348 Matt Nr: 293","Connection_2"
46241406972.6505,2,0,64,37,,,,,,,,,"07-Aug-26 09:46:02","Wagon waiting for Feeder","Connection_2"
46241406972.6505,2,0,64,74,"13","5","1348","293",,,,,"07-Aug-26 09:46:02","Deployment in Progress - Pallet Nr: 13 Pallet Type: 5 Layer Nr: 1348 Matt Nr: 293","Connection_2"
46241407204.838,2,1,64,149,,,,,,,,,"07-Aug-26 09:46:22","Cutting","Connection_2"
46241407239.6528,2,1,64,150,,,,,,,,,"07-Aug-26 09:46:26","Cutting completed","Connection_2"
46241407262.8935,2,0,64,149,,,,,,,,,"07-Aug-26 09:46:28","Cutting","Connection_2"
46241407262.8935,2,0,64,150,,,,,,,,,"07-Aug-26 09:46:28","Cutting completed","Connection_2"
46241407297.7083,2,1,64,37,,,,,,,,,"07-Aug-26 09:46:31","Wagon waiting for Feeder","Connection_2"
46241407297.7083,2,1,64,72,,,,,,,,,"07-Aug-26 09:46:31","Unwinder Material Tension","Connection_2"
46241407309.9306,2,1,64,36,,,,,,,,,"07-Aug-26 09:46:32","Wagon to start position","Connection_2"
46241407345.3009,2,0,64,37,,,,,,,,,"07-Aug-26 09:46:35","Wagon waiting for Feeder","Connection_2"
46241407345.3009,2,0,64,72,,,,,,,,,"07-Aug-26 09:46:35","Unwinder Material Tension","Connection_2"
46241407379.5602,2,0,64,36,,,,,,,,,"07-Aug-26 09:46:38","Wagon to start position","Connection_2"
46241407402.1759,2,1,64,37,,,,,,,,,"07-Aug-26 09:46:40","Wagon waiting for Feeder","Connection_2"
46241407402.1759,2,1,64,74,"13","5","1349","292",,,,,"07-Aug-26 09:46:40","Deployment in Progress - Pallet Nr: 13 Pallet Type: 5 Layer Nr: 1349 Matt Nr: 292","Connection_2"
46241407425.3819,2,0,64,37,,,,,,,,,"07-Aug-26 09:46:42","Wagon waiting for Feeder","Connection_2"
46241407425.3819,2,0,64,74,"13","5","1349","292",,,,,"07-Aug-26 09:46:42","Deployment in Progress - Pallet Nr: 13 Pallet Type: 5 Layer Nr: 1349 Matt Nr: 292","Connection_2"
46241407622.7315,2,1,64,149,,,,,,,,,"07-Aug-26 09:46:59","Cutting","Connection_2"
46241407658.1713,2,1,64,150,,,,,,,,,"07-Aug-26 09:47:02","Cutting completed","Connection_2"
46241407681.412,2,0,64,149,,,,,,,,,"07-Aug-26 09:47:04","Cutting","Connection_2"
46241407681.412,2,0,64,150,,,,,,,,,"07-Aug-26 09:47:04","Cutting completed","Connection_2"
46241407704.0162,2,1,64,37,,,,,,,,,"07-Aug-26 09:47:06","Wagon waiting for Feeder","Connection_2"
46241407704.0162,2,1,64,72,,,,,,,,,"07-Aug-26 09:47:06","Unwinder Material Tension","Connection_2"
46241407727.257,2,1,64,112,,,,,,,,,"07-Aug-26 09:47:08","Lowering Pallet","Connection_2"
46241407739.456,2,1,64,36,,,,,,,,,"07-Aug-26 09:47:09","Wagon to start position","Connection_2"
46241407739.456,2,0,64,37,,,,,,,,,"07-Aug-26 09:47:09","Wagon waiting for Feeder","Connection_2"
46241407739.456,2,0,64,72,,,,,,,,,"07-Aug-26 09:47:09","Unwinder Material Tension","Connection_2"
46241407774.838,2,0,64,112,,,,,,,,,"07-Aug-26 09:47:12","Lowering Pallet","Connection_2"
46241407808.5069,2,0,64,36,,,,,,,,,"07-Aug-26 09:47:15","Wagon to start position","Connection_2"
46241407808.5069,2,1,64,37,,,,,,,,,"07-Aug-26 09:47:15","Wagon waiting for Feeder","Connection_2"
46241407820.1273,2,1,64,74,"13","5","1350","291",,,,,"07-Aug-26 09:47:16","Deployment in Progress - Pallet Nr: 13 Pallet Type: 5 Layer Nr: 1350 Matt Nr: 291","Connection_2"
46241407843.3449,2,0,64,37,,,,,,,,,"07-Aug-26 09:47:18","Wagon waiting for Feeder","Connection_2"
46241407843.3449,2,0,64,74,"13","5","1350","291",,,,,"07-Aug-26 09:47:18","Deployment in Progress - Pallet Nr: 13 Pallet Type: 5 Layer Nr: 1350 Matt Nr: 291","Connection_2"
46241408110.3704,2,1,64,149,,,,,,,,,"07-Aug-26 09:47:41","Cutting","Connection_2"
46241408145.8565,2,1,64,150,,,,,,,,,"07-Aug-26 09:47:44","Cutting completed","Connection_2"
46241408169.0046,2,0,64,149,,,,,,,,,"07-Aug-26 09:47:46","Cutting","Connection_2"
46241408169.0046,2,0,64,150,,,,,,,,,"07-Aug-26 09:47:46","Cutting completed","Connection_2"
46241408203.287,2,1,64,37,,,,,,,,,"07-Aug-26 09:47:49","Wagon waiting for Feeder","Connection_2"
46241408203.287,2,1,64,72,,,,,,,,,"07-Aug-26 09:47:49","Unwinder Material Tension","Connection_2"
46241408215.9491,2,1,64,36,,,,,,,,,"07-Aug-26 09:47:50","Wagon to start position","Connection_2"
46241408250.6713,2,0,64,37,,,,,,,,,"07-Aug-26 09:47:53","Wagon waiting for Feeder","Connection_2"
46241408250.6713,2,0,64,72,,,,,,,,,"07-Aug-26 09:47:53","Unwinder Material Tension","Connection_2"
46241408284.9306,2,0,64,36,,,,,,,,,"07-Aug-26 09:47:56","Wagon to start position","Connection_2"
46241408307.7546,2,1,64,37,,,,,,,,,"07-Aug-26 09:47:58","Wagon waiting for Feeder","Connection_2"
46241408307.7546,2,1,64,74,"13","5","1351","290",,,,,"07-Aug-26 09:47:58","Deployment in Progress - Pallet Nr: 13 Pallet Type: 5 Layer Nr: 1351 Matt Nr: 290","Connection_2"
46241408330.9954,2,0,64,37,,,,,,,,,"07-Aug-26 09:48:00","Wagon waiting for Feeder","Connection_2"
46241408330.9954,2,0,64,74,"13","5","1351","290",,,,,"07-Aug-26 09:48:00","Deployment in Progress - Pallet Nr: 13 Pallet Type: 5 Layer Nr: 1351 Matt Nr: 290","Connection_2"
46241408574.8611,2,1,64,149,,,,,,,,,"07-Aug-26 09:48:21","Cutting","Connection_2"
46241408598.0787,2,1,64,150,,,,,,,,,"07-Aug-26 09:48:23","Cutting completed","Connection_2"
46241408633.4606,2,0,64,149,,,,,,,,,"07-Aug-26 09:48:26","Cutting","Connection_2"
46241408633.4606,2,0,64,150,,,,,,,,,"07-Aug-26 09:48:26","Cutting completed","Connection_2"
46241408656.1343,2,1,64,37,,,,,,,,,"07-Aug-26 09:48:28","Wagon waiting for Feeder","Connection_2"
46241408656.1343,2,1,64,72,,,,,,,,,"07-Aug-26 09:48:28","Unwinder Material Tension","Connection_2"
46241408679.3519,2,0,64,37,,,,,,,,,"07-Aug-26 09:48:30","Wagon waiting for Feeder","Connection_2"
46241408679.3519,2,0,64,72,,,,,,,,,"07-Aug-26 09:48:30","Unwinder Material Tension","Connection_2"
46241408679.3519,2,1,64,112,,,,,,,,,"07-Aug-26 09:48:30","Lowering Pallet","Connection_2"
46241408714.1898,2,0,64,112,,,,,,,,,"07-Aug-26 09:48:33","Lowering Pallet","Connection_2"
46241408726.4236,2,1,64,36,,,,,,,,,"07-Aug-26 09:48:34","Wagon to start position","Connection_2"
46241408761.25,2,1,64,37,,,,,,,,,"07-Aug-26 09:48:37","Wagon waiting for Feeder","Connection_2"
46241408772.2454,2,0,64,36,,,,,,,,,"07-Aug-26 09:48:38","Wagon to start position","Connection_2"
46241408772.2454,2,1,64,74,"13","5","1352","289",,,,,"07-Aug-26 09:48:38","Deployment in Progress - Pallet Nr: 13 Pallet Type: 5 Layer Nr: 1352 Matt Nr: 289","Connection_2"
46241408807.0602,2,0,64,37,,,,,,,,,"07-Aug-26 09:48:41","Wagon waiting for Feeder","Connection_2"
46241408830.2894,2,0,64,74,"13","5","1352","289",,,,,"07-Aug-26 09:48:43","Deployment in Progress - Pallet Nr: 13 Pallet Type: 5 Layer Nr: 1352 Matt Nr: 289","Connection_2"
46241408927.8935,2,0,65,1006,,,,,,,,,"07-Aug-26 09:48:51","Start","Connection_1"
46241408974.1782,2,1,65,1003,"1352",,,,,,,,"07-Aug-26 09:48:55","Start Layer - Nr: 1352","Connection_1"
46241409259.9421,2,1,64,149,,,,,,,,,"07-Aug-26 09:49:20","Cutting","Connection_2"
46241409295.2778,2,1,64,150,,,,,,,,,"07-Aug-26 09:49:23","Cutting completed","Connection_2"
46241409318.5648,2,0,64,149,,,,,,,,,"07-Aug-26 09:49:25","Cutting","Connection_2"
46241409318.5648,2,0,64,150,,,,,,,,,"07-Aug-26 09:49:25","Cutting completed","Connection_2"
46241409352.8356,2,1,64,37,,,,,,,,,"07-Aug-26 09:49:28","Wagon waiting for Feeder","Connection_2"
46241409352.8356,2,1,64,72,,,,,,,,,"07-Aug-26 09:49:28","Unwinder Material Tension","Connection_2"
46241409376.9907,2,1,64,36,,,,,,,,,"07-Aug-26 09:49:30","Wagon to start position","Connection_2"
46241409376.9907,2,0,64,37,,,,,,,,,"07-Aug-26 09:49:30","Wagon waiting for Feeder","Connection_2"
46241409376.9907,2,0,64,72,,,,,,,,,"07-Aug-26 09:49:30","Unwinder Material Tension","Connection_2"
46241409376.9907,2,1,64,112,,,,,,,,,"07-Aug-26 09:49:30","Lowering Pallet","Connection_2"
46241409423.1019,2,0,64,36,,,,,,,,,"07-Aug-26 09:49:34","Wagon to start position","Connection_2"
46241409423.1019,2,0,64,112,,,,,,,,,"07-Aug-26 09:49:34","Lowering Pallet","Connection_2"
46241409457.2917,2,1,64,37,,,,,,,,,"07-Aug-26 09:49:37","Wagon waiting for Feeder","Connection_2"
46241409457.2917,2,1,64,74,"13","5","1353","288",,,,,"07-Aug-26 09:49:37","Deployment in Progress - Pallet Nr: 13 Pallet Type: 5 Layer Nr: 1353 Matt Nr: 288","Connection_2"
46241409480.5324,2,0,64,37,,,,,,,,,"07-Aug-26 09:49:39","Wagon waiting for Feeder","Connection_2"
46241409480.5324,2,0,64,74,"13","5","1353","288",,,,,"07-Aug-26 09:49:39","Deployment in Progress - Pallet Nr: 13 Pallet Type: 5 Layer Nr: 1353 Matt Nr: 288","Connection_2"
46241409724.2824,2,1,64,149,,,,,,,,,"07-Aug-26 09:50:00","Cutting","Connection_2"
46241409759.0972,2,1,64,150,,,,,,,,,"07-Aug-26 09:50:03","Cutting completed","Connection_2"
46241409782.9051,2,0,64,149,,,,,,,,,"07-Aug-26 09:50:05","Cutting","Connection_2"
46241409782.9051,2,0,64,150,,,,,,,,,"07-Aug-26 09:50:05","Cutting completed","Connection_2"
46241409817.1065,2,1,64,37,,,,,,,,,"07-Aug-26 09:50:08","Wagon waiting for Feeder","Connection_2"
46241409817.1065,2,1,64,72,,,,,,,,,"07-Aug-26 09:50:08","Unwinder Material Tension","Connection_2"
46241409841.25,2,1,64,36,,,,,,,,,"07-Aug-26 09:50:10","Wagon to start position","Connection_2"
46241409864.4907,2,0,64,37,,,,,,,,,"07-Aug-26 09:50:12","Wagon waiting for Feeder","Connection_2"
46241409864.4907,2,0,64,72,,,,,,,,,"07-Aug-26 09:50:12","Unwinder Material Tension","Connection_2"
46241409899.0162,2,0,64,36,,,,,,,,,"07-Aug-26 09:50:15","Wagon to start position","Connection_2"
46241409921.6551,2,1,64,37,,,,,,,,,"07-Aug-26 09:50:17","Wagon waiting for Feeder","Connection_2"
46241409933.2755,2,1,64,74,"13","5","1354","287",,,,,"07-Aug-26 09:50:18","Deployment in Progress - Pallet Nr: 13 Pallet Type: 5 Layer Nr: 1354 Matt Nr: 287","Connection_2"
46241409956.5046,2,0,64,37,,,,,,,,,"07-Aug-26 09:50:20","Wagon waiting for Feeder","Connection_2"
46241409956.5046,2,0,64,74,"13","5","1354","287",,,,,"07-Aug-26 09:50:20","Deployment in Progress - Pallet Nr: 13 Pallet Type: 5 Layer Nr: 1354 Matt Nr: 287","Connection_2"
46241410305.2083,2,1,65,1006,,,,,,,,,"07-Aug-26 09:50:50","Start","Connection_1"
46241410363.0671,2,0,65,1003,"1354",,,,,,,,"07-Aug-26 09:50:55","Start Layer - Nr: 1354","Connection_1"
46241410478.9931,2,1,64,149,,,,,,,,,"07-Aug-26 09:51:05","Cutting","Connection_2"
46241410513.831,2,1,64,150,,,,,,,,,"07-Aug-26 09:51:08","Cutting completed","Connection_2"
46241410537.0486,2,0,64,149,,,,,,,,,"07-Aug-26 09:51:10","Cutting","Connection_2"
46241410537.0486,2,0,64,150,,,,,,,,,"07-Aug-26 09:51:10","Cutting completed","Connection_2"
46241410571.9097,2,1,64,37,,,,,,,,,"07-Aug-26 09:51:13","Wagon waiting for Feeder","Connection_2"
46241410571.9097,2,1,64,72,,,,,,,,,"07-Aug-26 09:51:13","Unwinder Material Tension","Connection_2"
46241410595.7523,2,1,64,36,,,,,,,,,"07-Aug-26 09:51:15","Wagon to start position","Connection_2"
46241410595.7523,2,0,64,37,,,,,,,,,"07-Aug-26 09:51:15","Wagon waiting for Feeder","Connection_2"
46241410595.7523,2,0,64,72,,,,,,,,,"07-Aug-26 09:51:15","Unwinder Material Tension","Connection_2"
46241410595.7523,2,1,64,112,,,,,,,,,"07-Aug-26 09:51:15","Lowering Pallet","Connection_2"
46241410631.2269,2,0,64,112,,,,,,,,,"07-Aug-26 09:51:19","Lowering Pallet","Connection_2"
46241410664.8611,2,1,64,37,,,,,,,,,"07-Aug-26 09:51:21","Wagon waiting for Feeder","Connection_2"
46241410664.8611,2,1,64,74,"13","5","1355","286",,,,,"07-Aug-26 09:51:21","Deployment in Progress - Pallet Nr: 13 Pallet Type: 5 Layer Nr: 1355 Matt Nr: 286","Connection_2"
46241410676.4583,2,0,64,36,,,,,,,,,"07-Aug-26 09:51:22","Wagon to start position","Connection_2"
46241410699.7106,2,0,64,37,,,,,,,,,"07-Aug-26 09:51:24","Wagon waiting for Feeder","Connection_2"
46241410699.7106,2,0,64,74,"13","5","1355","286",,,,,"07-Aug-26 09:51:24","Deployment in Progress - Pallet Nr: 13 Pallet Type: 5 Layer Nr: 1355 Matt Nr: 286","Connection_2"
46241410943.5532,2,1,64,149,,,,,,,,,"07-Aug-26 09:51:46","Cutting","Connection_2"
46241410978.8542,2,1,64,150,,,,,,,,,"07-Aug-26 09:51:49","Cutting completed","Connection_2"
46241411002.1991,2,0,64,149,,,,,,,,,"07-Aug-26 09:51:51","Cutting","Connection_2"
46241411002.1991,2,0,64,150,,,,,,,,,"07-Aug-26 09:51:51","Cutting completed","Connection_2"
46241411024.8495,2,1,64,37,,,,,,,,,"07-Aug-26 09:51:53","Wagon waiting for Feeder","Connection_2"
46241411024.8495,2,1,64,72,,,,,,,,,"07-Aug-26 09:51:53","Unwinder Material Tension","Connection_2"
46241411049.2361,2,1,64,36,,,,,,,,,"07-Aug-26 09:51:55","Wagon to start position","Connection_2"
46241411072.1991,2,0,64,37,,,,,,,,,"07-Aug-26 09:51:57","Wagon waiting for Feeder","Connection_2"
46241411072.1991,2,0,64,72,,,,,,,,,"07-Aug-26 09:51:57","Unwinder Material Tension","Connection_2"
46241411117.6736,2,0,64,36,,,,,,,,,"07-Aug-26 09:52:01","Wagon to start position","Connection_2"
46241411682.5116,2,0,65,1006,,,,,,,,,"07-Aug-26 09:52:49","Start","Connection_1"
46241411740.3704,2,1,65,1003,"1356",,,,,,,,"07-Aug-26 09:52:54","Start Layer - Nr: 1356","Connection_1"
46241411779.4097,2,1,64,37,,,,,,,,,"07-Aug-26 09:52:58","Wagon waiting for Feeder","Connection_2"
46241411779.4097,2,1,64,74,"13","5","1356","285",,,,,"07-Aug-26 09:52:58","Deployment in Progress - Pallet Nr: 13 Pallet Type: 5 Layer Nr: 1356 Matt Nr: 285","Connection_2"
46241411802.6273,2,0,64,37,,,,,,,,,"07-Aug-26 09:53:00","Wagon waiting for Feeder","Connection_2"
46241411802.6273,2,0,64,74,"13","5","1356","285",,,,,"07-Aug-26 09:53:00","Deployment in Progress - Pallet Nr: 13 Pallet Type: 5 Layer Nr: 1356 Matt Nr: 285","Connection_2"
46241412093.0208,2,1,64,149,,,,,,,,,"07-Aug-26 09:53:25","Cutting","Connection_2"
46241412116.25,2,1,64,150,,,,,,,,,"07-Aug-26 09:53:27","Cutting completed","Connection_2"
46241412151.6667,2,0,64,149,,,,,,,,,"07-Aug-26 09:53:30","Cutting","Connection_2"
46241412151.6667,2,0,64,150,,,,,,,,,"07-Aug-26 09:53:30","Cutting completed","Connection_2"
46241412174.2708,2,1,64,37,,,,,,,,,"07-Aug-26 09:53:32","Wagon waiting for Feeder","Connection_2"
46241412174.2708,2,1,64,72,,,,,,,,,"07-Aug-26 09:53:32","Unwinder Material Tension","Connection_2"
46241412210.2199,2,1,64,36,,,,,,,,,"07-Aug-26 09:53:35","Wagon to start position","Connection_2"
46241412210.2199,2,0,64,37,,,,,,,,,"07-Aug-26 09:53:35","Wagon waiting for Feeder","Connection_2"
46241412210.2199,2,0,64,72,,,,,,,,,"07-Aug-26 09:53:35","Unwinder Material Tension","Connection_2"
46241412210.2199,2,1,64,112,,,,,,,,,"07-Aug-26 09:53:35","Lowering Pallet","Connection_2"
46241412256.25,2,0,64,36,,,,,,,,,"07-Aug-26 09:53:39","Wagon to start position","Connection_2"
46241412256.25,2,0,64,112,,,,,,,,,"07-Aug-26 09:53:39","Lowering Pallet","Connection_2"
46241412290.4514,2,1,64,37,,,,,,,,,"07-Aug-26 09:53:42","Wagon waiting for Feeder","Connection_2"
46241412290.4514,2,1,64,74,"13","5","1357","284",,,,,"07-Aug-26 09:53:42","Deployment in Progress - Pallet Nr: 13 Pallet Type: 5 Layer Nr: 1357 Matt Nr: 284","Connection_2"
46241412313.7037,2,0,64,37,,,,,,,,,"07-Aug-26 09:53:44","Wagon waiting for Feeder","Connection_2"
46241412336.9097,2,0,64,74,"13","5","1357","284",,,,,"07-Aug-26 09:53:46","Deployment in Progress - Pallet Nr: 13 Pallet Type: 5 Layer Nr: 1357 Matt Nr: 284","Connection_2"
46241412569.1782,2,1,64,149,,,,,,,,,"07-Aug-26 09:54:06","Cutting","Connection_2"
46241412592.419,2,1,64,150,,,,,,,,,"07-Aug-26 09:54:08","Cutting completed","Connection_2"
46241412616.1458,2,0,64,149,,,,,,,,,"07-Aug-26 09:54:10","Cutting","Connection_2"
46241412616.1458,2,0,64,150,,,,,,,,,"07-Aug-26 09:54:10","Cutting completed","Connection_2"
46241412650.4977,2,1,64,37,,,,,,,,,"07-Aug-26 09:54:13","Wagon waiting for Feeder","Connection_2"
46241412650.4977,2,1,64,72,,,,,,,,,"07-Aug-26 09:54:13","Unwinder Material Tension","Connection_2"
46241412674.8611,2,1,64,36,,,,,,,,,"07-Aug-26 09:54:15","Wagon to start position","Connection_2"
46241412698.0903,2,0,64,37,,,,,,,,,"07-Aug-26 09:54:17","Wagon waiting for Feeder","Connection_2"
46241412698.0903,2,0,64,72,,,,,,,,,"07-Aug-26 09:54:17","Unwinder Material Tension","Connection_2"
46241412743.8426,2,0,64,36,,,,,,,,,"07-Aug-26 09:54:21","Wagon to start position","Connection_2"
46241412766.5972,2,1,64,37,,,,,,,,,"07-Aug-26 09:54:23","Wagon waiting for Feeder","Connection_2"
46241412766.5972,2,1,64,74,"13","5","1358","283",,,,,"07-Aug-26 09:54:23","Deployment in Progress - Pallet Nr: 13 Pallet Type: 5 Layer Nr: 1358 Matt Nr: 283","Connection_2"
46241412789.8148,2,0,64,37,,,,,,,,,"07-Aug-26 09:54:25","Wagon waiting for Feeder","Connection_2"
46241412789.8148,2,0,64,74,"13","5","1358","283",,,,,"07-Aug-26 09:54:25","Deployment in Progress - Pallet Nr: 13 Pallet Type: 5 Layer Nr: 1358 Matt Nr: 283","Connection_2"
46241413080.1042,2,1,64,149,,,,,,,,,"07-Aug-26 09:54:50","Cutting","Connection_2"
46241413114.9306,2,1,64,150,,,,,,,,,"07-Aug-26 09:54:53","Cutting completed","Connection_2"
46241413138.1366,2,0,64,149,,,,,,,,,"07-Aug-26 09:54:55","Cutting","Connection_2"
46241413138.1366,2,0,64,150,,,,,,,,,"07-Aug-26 09:54:55","Cutting completed","Connection_2"
46241413173.0208,2,1,64,37,,,,,,,,,"07-Aug-26 09:54:58","Wagon waiting for Feeder","Connection_2"
46241413173.0208,2,1,64,72,,,,,,,,,"07-Aug-26 09:54:58","Unwinder Material Tension","Connection_2"
46241413197.4537,2,1,64,36,,,,,,,,,"07-Aug-26 09:55:00","Wagon to start position","Connection_2"
46241413197.4537,2,0,64,37,,,,,,,,,"07-Aug-26 09:55:00","Wagon waiting for Feeder","Connection_2"
46241413197.4537,2,0,64,72,,,,,,,,,"07-Aug-26 09:55:00","Unwinder Material Tension","Connection_2"
46241413197.4537,2,1,64,112,,,,,,,,,"07-Aug-26 09:55:00","Lowering Pallet","Connection_2"
46241413243.1944,2,0,64,36,,,,,,,,,"07-Aug-26 09:55:04","Wagon to start position","Connection_2"
46241413243.1944,2,0,64,112,,,,,,,,,"07-Aug-26 09:55:04","Lowering Pallet","Connection_2"
46241413277.4653,2,1,64,37,,,,,,,,,"07-Aug-26 09:55:07","Wagon waiting for Feeder","Connection_2"
46241413277.4653,2,1,64,74,"13","5","1359","282",,,,,"07-Aug-26 09:55:07","Deployment in Progress - Pallet Nr: 13 Pallet Type: 5 Layer Nr: 1359 Matt Nr: 282","Connection_2"
46241413300.6829,2,0,64,37,,,,,,,,,"07-Aug-26 09:55:09","Wagon waiting for Feeder","Connection_2"
46241413335.5324,2,0,64,74,"13","5","1359","282",,,,,"07-Aug-26 09:55:12","Deployment in Progress - Pallet Nr: 13 Pallet Type: 5 Layer Nr: 1359 Matt Nr: 282","Connection_2"
46241413567.7778,2,1,64,149,,,,,,,,,"07-Aug-26 09:55:32","Cutting","Connection_2"
46241413603.1134,2,1,64,150,,,,,,,,,"07-Aug-26 09:55:35","Cutting completed","Connection_2"
46241413626.412,2,0,64,149,,,,,,,,,"07-Aug-26 09:55:37","Cutting","Connection_2"
46241413626.412,2,0,64,150,,,,,,,,,"07-Aug-26 09:55:37","Cutting completed","Connection_2"
46241413649.0625,2,1,64,37,,,,,,,,,"07-Aug-26 09:55:39","Wagon waiting for Feeder","Connection_2"
46241413649.0625,2,1,64,72,,,,,,,,,"07-Aug-26 09:55:39","Unwinder Material Tension","Connection_2"
46241413673.5764,2,1,64,36,,,,,,,,,"07-Aug-26 09:55:41","Wagon to start position","Connection_2"
46241413696.7245,2,0,64,37,,,,,,,,,"07-Aug-26 09:55:43","Wagon waiting for Feeder","Connection_2"
46241413696.7245,2,0,64,72,,,,,,,,,"07-Aug-26 09:55:43","Unwinder Material Tension","Connection_2"
46241413742.5579,2,0,64,36,,,,,,,,,"07-Aug-26 09:55:47","Wagon to start position","Connection_2"
46241413765.2083,2,1,64,37,,,,,,,,,"07-Aug-26 09:55:49","Wagon waiting for Feeder","Connection_2"
46241413765.2083,2,1,64,74,"13","5","1360","281",,,,,"07-Aug-26 09:55:49","Deployment in Progress - Pallet Nr: 13 Pallet Type: 5 Layer Nr: 1360 Matt Nr: 281","Connection_2"
46241413788.4259,2,0,64,37,,,,,,,,,"07-Aug-26 09:55:51","Wagon waiting for Feeder","Connection_2"
46241413788.4259,2,0,64,74,"13","5","1360","281",,,,,"07-Aug-26 09:55:51","Deployment in Progress - Pallet Nr: 13 Pallet Type: 5 Layer Nr: 1360 Matt Nr: 281","Connection_2"
46241414078.6574,2,1,64,149,,,,,,,,,"07-Aug-26 09:56:16","Cutting","Connection_2"
46241414113.4607,2,1,64,150,,,,,,,,,"07-Aug-26 09:56:19","Cutting completed","Connection_2"
46241414148.912,2,0,64,149,,,,,,,,,"07-Aug-26 09:56:22","Cutting","Connection_2"
46241414148.912,2,0,64,150,,,,,,,,,"07-Aug-26 09:56:22","Cutting completed","Connection_2"
46241414171.5741,2,1,64,37,,,,,,,,,"07-Aug-26 09:56:24","Wagon waiting for Feeder","Connection_2"
46241414171.5741,2,1,64,72,,,,,,,,,"07-Aug-26 09:56:24","Unwinder Material Tension","Connection_2"
46241414194.7801,2,0,64,37,,,,,,,,,"07-Aug-26 09:56:26","Wagon waiting for Feeder","Connection_2"
46241414194.7801,2,0,64,72,,,,,,,,,"07-Aug-26 09:56:26","Unwinder Material Tension","Connection_2"
46241414194.7801,2,1,64,112,,,,,,,,,"07-Aug-26 09:56:26","Lowering Pallet","Connection_2"
46241414207.5116,2,1,64,36,,,,,,,,,"07-Aug-26 09:56:28","Wagon to start position","Connection_2"
46241414242.2454,2,0,64,112,,,,,,,,,"07-Aug-26 09:56:31","Lowering Pallet","Connection_2"
46241414276.0648,2,1,64,37,,,,,,,,,"07-Aug-26 09:56:33","Wagon waiting for Feeder","Connection_2"
46241414287.6736,2,0,64,36,,,,,,,,,"07-Aug-26 09:56:34","Wagon to start position","Connection_2"
46241414287.6736,2,1,64,74,"13","5","1361","280",,,,,"07-Aug-26 09:56:34","Deployment in Progress - Pallet Nr: 13 Pallet Type: 5 Layer Nr: 1361 Matt Nr: 280","Connection_2"
46241414310.9028,2,0,64,37,,,,,,,,,"07-Aug-26 09:56:36","Wagon waiting for Feeder","Connection_2"
46241414310.9028,2,0,64,74,"13","5","1361","280",,,,,"07-Aug-26 09:56:36","Deployment in Progress - Pallet Nr: 13 Pallet Type: 5 Layer Nr: 1361 Matt Nr: 280","Connection_2"
46241414460.2778,2,1,65,1007,,,,,,,,,"07-Aug-26 09:56:49","Stop","Connection_1"
46241415663.9699,2,1,65,1006,,,,,,,,,"07-Aug-26 09:58:33","Start","Connection_1"
46241415710.2662,2,0,65,1003,"1361",,,,,,,,"07-Aug-26 09:58:37","Start Layer - Nr: 1361","Connection_1"
46241415832.3611,2,1,64,149,,,,,,,,,"07-Aug-26 09:58:48","Cutting","Connection_2"
46241415867.7662,2,1,64,150,,,,,,,,,"07-Aug-26 09:58:51","Cutting completed","Connection_2"
46241415890.9722,2,0,64,149,,,,,,,,,"07-Aug-26 09:58:53","Cutting","Connection_2"
46241415890.9722,2,0,64,150,,,,,,,,,"07-Aug-26 09:58:53","Cutting completed","Connection_2"
46241415913.6458,2,1,64,37,,,,,,,,,"07-Aug-26 09:58:55","Wagon waiting for Feeder","Connection_2"
46241415913.6458,2,1,64,72,,,,,,,,,"07-Aug-26 09:58:55","Unwinder Material Tension","Connection_2"
46241415938.044,2,1,64,36,,,,,,,,,"07-Aug-26 09:58:57","Wagon to start position","Connection_2"
46241415961.2037,2,0,64,37,,,,,,,,,"07-Aug-26 09:58:59","Wagon waiting for Feeder","Connection_2"
46241415961.2037,2,0,64,72,,,,,,,,,"07-Aug-26 09:58:59","Unwinder Material Tension","Connection_2"
46241416007.1181,2,0,64,36,,,,,,,,,"07-Aug-26 09:59:03","Wagon to start position","Connection_2"
46241416029.7454,2,1,64,37,,,,,,,,,"07-Aug-26 09:59:05","Wagon waiting for Feeder","Connection_2"
46241416029.7454,2,1,64,74,"13","5","1362","279",,,,,"07-Aug-26 09:59:05","Deployment in Progress - Pallet Nr: 13 Pallet Type: 5 Layer Nr: 1362 Matt Nr: 279","Connection_2"
46241416052.963,2,0,64,37,,,,,,,,,"07-Aug-26 09:59:07","Wagon waiting for Feeder","Connection_2"
46241416052.963,2,0,64,74,"13","5","1362","279",,,,,"07-Aug-26 09:59:07","Deployment in Progress - Pallet Nr: 13 Pallet Type: 5 Layer Nr: 1362 Matt Nr: 279","Connection_2"
46241416280.6713,2,0,65,1123,,,,,,,,,"07-Aug-26 09:59:27","Unwinder 2 Unload","Connection_1"
46241416308.4722,2,1,64,128,,,,,,,,,"07-Aug-26 09:59:29","Unloading ended","Connection_2"
46241416331.7014,2,0,64,128,,,,,,,,,"07-Aug-26 09:59:31","Unloading ended","Connection_2"
46241416528.8195,2,1,65,1005,"1363",,,,,,,,"07-Aug-26 09:59:48","Repeat lag - Nr: 1363","Connection_1"
46241416622.0718,2,1,64,129,,,,,,,,,"07-Aug-26 09:59:56","Unloading started","Connection_2"
46241416633.669,2,1,64,128,,,,,,,,,"07-Aug-26 09:59:57","Unloading ended","Connection_2"
46241416656.8866,2,0,64,129,,,,,,,,,"07-Aug-26 09:59:59","Unloading started","Connection_2"
46241416680.081,2,0,64,128,,,,,,,,,"07-Aug-26 10:00:01","Unloading ended","Connection_2"
46241416874.8032,2,0,65,1141,,,,,,,,,"07-Aug-26 10:00:18","Unwinder 4 Backward","Connection_1"
46241416947.1296,2,1,64,129,,,,,,,,,"07-Aug-26 10:00:24","Unloading started","Connection_2"
46241416981.9329,2,0,64,129,,,,,,,,,"07-Aug-26 10:00:27","Unloading started","Connection_2"
46241417281.5509,2,1,65,1141,,,,,,,,,"07-Aug-26 10:00:53","Unwinder 4 Backward","Connection_1"
46241417283.1366,2,0,65,1141,,,,,,,,,"07-Aug-26 10:00:53","Unwinder 4 Backward","Connection_1"
46241417503.9468,2,1,65,1121,,,,,,,,,"07-Aug-26 10:01:12","Unwinder 2 Backward","Connection_1"
46241417551.2616,2,1,65,1120,,,,,,,,,"07-Aug-26 10:01:16","Unwinder 2 Forward","Connection_1"
46241417580.8565,2,0,65,1007,,,,,,,,,"07-Aug-26 10:01:19","Stop","Connection_1"
46241417946.9329,2,0,65,1006,,,,,,,,,"07-Aug-26 10:01:51","Start","Connection_1"
46241418038.5301,2,1,65,1142,,,,,,,,,"07-Aug-26 10:01:59","Unwinder 4 Load","Connection_1"
46241418050.8102,2,1,64,126,,,,,,,,,"07-Aug-26 10:02:00","Loading starting","Connection_2"
46241418085.7176,2,0,64,126,,,,,,,,,"07-Aug-26 10:02:03","Loading starting","Connection_2"
46241418452.8819,2,1,65,1006,,,,,,,,,"07-Aug-26 10:02:34","Start","Connection_1"
46241418503.0324,2,0,65,1006,,,,,,,,,"07-Aug-26 10:02:39","Start","Connection_1"
46241419263.4954,2,1,65,1006,,,,,,,,,"07-Aug-26 10:03:44","Start","Connection_1"
46241419298.2176,2,0,65,1006,,,,,,,,,"07-Aug-26 10:03:47","Start","Connection_1"
46241419571.5046,2,1,64,149,,,,,,,,,"07-Aug-26 10:04:11","Cutting","Connection_2"
46241419594.7222,2,1,64,150,,,,,,,,,"07-Aug-26 10:04:13","Cutting completed","Connection_2"
46241419606.9444,2,1,64,127,,,,,,,,,"07-Aug-26 10:04:14","Loading ended","Connection_2"
46241419618.5185,2,0,64,149,,,,,,,,,"07-Aug-26 10:04:15","Cutting","Connection_2"
46241419618.5185,2,0,64,150,,,,,,,,,"07-Aug-26 10:04:15","Cutting completed","Connection_2"
46241419641.169,2,0,64,127,,,,,,,,,"07-Aug-26 10:04:17","Loading ended","Connection_2"
46241422423.206,2,1,65,1017,,,,,,,,,"07-Aug-26 10:08:17","Goto Execution List","Connection_1"
46241422515.787,2,1,65,1021,,,,,,,,,"07-Aug-26 10:08:25","Goto Insert single Layer","Connection_1"
46241422550.5093,2,0,65,1023,,,,,,,,,"07-Aug-26 10:08:28","Insert Aux layer","Connection_1"
46241422596.8056,2,0,65,1021,,,,,,,,,"07-Aug-26 10:08:32","Goto Insert single Layer","Connection_1"
46241422619.9653,2,1,65,1023,,,,,,,,,"07-Aug-26 10:08:34","Insert Aux layer","Connection_1"
46241422666.25,2,1,65,1021,,,,,,,,,"07-Aug-26 10:08:38","Goto Insert single Layer","Connection_1"
46241422712.5463,2,0,65,1021,,,,,,,,,"07-Aug-26 10:08:42","Goto Insert single Layer","Connection_1"
46241422944.0278,2,1,65,1006,,,,,,,,,"07-Aug-26 10:09:02","Start","Connection_1"
46241422967.1759,2,0,65,1005,"1363",,,,,,,,"07-Aug-26 10:09:04","Repeat lag - Nr: 1363","Connection_1"
46241423001.8981,2,0,65,1017,,,,,,,,,"07-Aug-26 10:09:07","Goto Execution List","Connection_1"
46241423059.7685,2,1,65,1003,"1363",,,,,,,,"07-Aug-26 10:09:12","Start Layer - Nr: 1363","Connection_1"
46241423163.9352,2,0,65,1003,"1362",,,,,,,,"07-Aug-26 10:09:21","Start Layer - Nr: 1362","Connection_1"
46241423198.6458,2,1,65,1003,"1362",,,,,,,,"07-Aug-26 10:09:24","Start Layer - Nr: 1362","Connection_1"
46241423206.0995,2,1,64,37,,,,,,,,,"07-Aug-26 10:09:25","Wagon waiting for Feeder","Connection_2"
46241423206.0995,2,1,64,72,,,,,,,,,"07-Aug-26 10:09:25","Unwinder Material Tension","Connection_2"
46241423233.3796,2,1,65,1017,,,,,,,,,"07-Aug-26 10:09:27","Goto Execution List","Connection_1"
46241423241.9444,2,1,64,36,,,,,,,,,"07-Aug-26 10:09:28","Wagon to start position","Connection_2"
46241423241.9444,2,0,64,37,,,,,,,,,"07-Aug-26 10:09:28","Wagon waiting for Feeder","Connection_2"
46241423241.9444,2,0,64,72,,,,,,,,,"07-Aug-26 10:09:28","Unwinder Material Tension","Connection_2"
46241423241.9444,2,1,64,112,,,,,,,,,"07-Aug-26 10:09:28","Lowering Pallet","Connection_2"
46241423253.1944,2,1,64,37,,,,,,,,,"07-Aug-26 10:09:29","Wagon waiting for Feeder","Connection_2"
46241423276.25,2,0,64,36,,,,,,,,,"07-Aug-26 10:09:31","Wagon to start position","Connection_2"
46241423276.25,2,0,64,112,,,,,,,,,"07-Aug-26 10:09:31","Lowering Pallet","Connection_2"
46241423299.0162,2,1,64,74,"13","5","1362","279",,,,,"07-Aug-26 10:09:33","Deployment in Progress - Pallet Nr: 13 Pallet Type: 5 Layer Nr: 1362 Matt Nr: 279","Connection_2"
46241423310.625,2,0,64,37,,,,,,,,,"07-Aug-26 10:09:34","Wagon waiting for Feeder","Connection_2"
46241423325.9722,2,0,65,1017,,,,,,,,,"07-Aug-26 10:09:35","Goto Execution List","Connection_1"
46241423333.8773,2,0,64,74,"13","5","1362","279",,,,,"07-Aug-26 10:09:36","Deployment in Progress - Pallet Nr: 13 Pallet Type: 5 Layer Nr: 1362 Matt Nr: 279","Connection_2"
46241423624.2361,2,1,64,149,,,,,,,,,"07-Aug-26 10:10:01","Cutting","Connection_2"
46241423647.4884,2,1,64,150,,,,,,,,,"07-Aug-26 10:10:03","Cutting completed","Connection_2"
46241423671.2731,2,0,64,149,,,,,,,,,"07-Aug-26 10:10:05","Cutting","Connection_2"
46241423671.2731,2,0,64,150,,,,,,,,,"07-Aug-26 10:10:05","Cutting completed","Connection_2"
46241423705.5093,2,1,64,37,,,,,,,,,"07-Aug-26 10:10:08","Wagon waiting for Feeder","Connection_2"
46241423705.5093,2,1,64,72,,,,,,,,,"07-Aug-26 10:10:08","Unwinder Material Tension","Connection_2"
46241423729.7801,2,1,64,36,,,,,,,,,"07-Aug-26 10:10:10","Wagon to start position","Connection_2"
46241423753.1134,2,0,64,37,,,,,,,,,"07-Aug-26 10:10:12","Wagon waiting for Feeder","Connection_2"
46241423753.1134,2,0,64,72,,,,,,,,,"07-Aug-26 10:10:12","Unwinder Material Tension","Connection_2"
46241423798.9583,2,0,64,36,,,,,,,,,"07-Aug-26 10:10:16","Wagon to start position","Connection_2"
46241423810.0694,2,1,64,37,,,,,,,,,"07-Aug-26 10:10:17","Wagon waiting for Feeder","Connection_2"
46241423821.7014,2,1,64,74,"13","5","1363","278",,,,,"07-Aug-26 10:10:18","Deployment in Progress - Pallet Nr: 13 Pallet Type: 5 Layer Nr: 1363 Matt Nr: 278","Connection_2"
46241423844.9074,2,0,64,37,,,,,,,,,"07-Aug-26 10:10:20","Wagon waiting for Feeder","Connection_2"
46241423844.9074,2,0,64,74,"13","5","1363","278",,,,,"07-Aug-26 10:10:20","Deployment in Progress - Pallet Nr: 13 Pallet Type: 5 Layer Nr: 1363 Matt Nr: 278","Connection_2"
46241424100.2546,2,1,64,149,,,,,,,,,"07-Aug-26 10:10:42","Cutting","Connection_2"
46241424135.6134,2,1,64,150,,,,,,,,,"07-Aug-26 10:10:45","Cutting completed","Connection_2"
46241424158.9583,2,0,64,149,,,,,,,,,"07-Aug-26 10:10:47","Cutting","Connection_2"
46241424158.9583,2,0,64,150,,,,,,,,,"07-Aug-26 10:10:47","Cutting completed","Connection_2"
46241424193.1597,2,1,64,37,,,,,,,,,"07-Aug-26 10:10:50","Wagon waiting for Feeder","Connection_2"
46241424193.1597,2,1,64,72,,,,,,,,,"07-Aug-26 10:10:50","Unwinder Material Tension","Connection_2"
46241424217.338,2,1,64,36,,,,,,,,,"07-Aug-26 10:10:52","Wagon to start position","Connection_2"
46241424217.338,2,0,64,37,,,,,,,,,"07-Aug-26 10:10:52","Wagon waiting for Feeder","Connection_2"
46241424217.338,2,0,64,72,,,,,,,,,"07-Aug-26 10:10:52","Unwinder Material Tension","Connection_2"
46241424217.338,2,1,64,112,,,,,,,,,"07-Aug-26 10:10:52","Lowering Pallet","Connection_2"
46241424263.4491,2,0,64,36,,,,,,,,,"07-Aug-26 10:10:56","Wagon to start position","Connection_2"
46241424263.4491,2,0,64,112,,,,,,,,,"07-Aug-26 10:10:56","Lowering Pallet","Connection_2"
46241424297.7083,2,1,64,37,,,,,,,,,"07-Aug-26 10:10:59","Wagon waiting for Feeder","Connection_2"
46241424297.7083,2,1,64,74,"13","5","1364","277",,,,,"07-Aug-26 10:10:59","Deployment in Progress - Pallet Nr: 13 Pallet Type: 5 Layer Nr: 1364 Matt Nr: 277","Connection_2"
46241424320.9028,2,0,64,37,,,,,,,,,"07-Aug-26 10:11:01","Wagon waiting for Feeder","Connection_2"
46241424355.7292,2,0,64,74,"13","5","1364","277",,,,,"07-Aug-26 10:11:04","Deployment in Progress - Pallet Nr: 13 Pallet Type: 5 Layer Nr: 1364 Matt Nr: 277","Connection_2"
46241424634.3287,2,1,64,149,,,,,,,,,"07-Aug-26 10:11:28","Cutting","Connection_2"
46241424657.5695,2,1,64,150,,,,,,,,,"07-Aug-26 10:11:30","Cutting completed","Connection_2"
46241424681.412,2,0,64,149,,,,,,,,,"07-Aug-26 10:11:32","Cutting","Connection_2"
46241424681.412,2,0,64,150,,,,,,,,,"07-Aug-26 10:11:32","Cutting completed","Connection_2"
46241424715.625,2,1,64,37,,,,,,,,,"07-Aug-26 10:11:35","Wagon waiting for Feeder","Connection_2"
46241424715.625,2,1,64,72,,,,,,,,,"07-Aug-26 10:11:35","Unwinder Material Tension","Connection_2"
46241424727.8009,2,1,64,36,,,,,,,,,"07-Aug-26 10:11:36","Wagon to start position","Connection_2"
46241424763.2639,2,0,64,37,,,,,,,,,"07-Aug-26 10:11:40","Wagon waiting for Feeder","Connection_2"
46241424763.2639,2,0,64,72,,,,,,,,,"07-Aug-26 10:11:40","Unwinder Material Tension","Connection_2"
46241424797.4421,2,0,64,36,,,,,,,,,"07-Aug-26 10:11:42","Wagon to start position","Connection_2"
46241424820.1157,2,1,64,37,,,,,,,,,"07-Aug-26 10:11:44","Wagon waiting for Feeder","Connection_2"
46241424820.1157,2,1,64,74,"13","5","1365","276",,,,,"07-Aug-26 10:11:44","Deployment in Progress - Pallet Nr: 13 Pallet Type: 5 Layer Nr: 1365 Matt Nr: 276","Connection_2"
46241424854.9537,2,0,64,37,,,,,,,,,"07-Aug-26 10:11:47","Wagon waiting for Feeder","Connection_2"
46241424854.9537,2,0,64,74,"13","5","1365","276",,,,,"07-Aug-26 10:11:47","Deployment in Progress - Pallet Nr: 13 Pallet Type: 5 Layer Nr: 1365 Matt Nr: 276","Connection_2"
46241425122.0718,2,1,64,149,,,,,,,,,"07-Aug-26 10:12:11","Cutting","Connection_2"
46241425156.875,2,1,64,150,,,,,,,,,"07-Aug-26 10:12:14","Cutting completed","Connection_2"
46241425180.0926,2,0,64,149,,,,,,,,,"07-Aug-26 10:12:16","Cutting","Connection_2"
46241425180.0926,2,0,64,150,,,,,,,,,"07-Aug-26 10:12:16","Cutting completed","Connection_2"
46241425214.9769,2,1,64,37,,,,,,,,,"07-Aug-26 10:12:19","Wagon waiting for Feeder","Connection_2"
46241425214.9769,2,1,64,72,,,,,,,,,"07-Aug-26 10:12:19","Unwinder Material Tension","Connection_2"
46241425238.1713,2,0,64,37,,,,,,,,,"07-Aug-26 10:12:21","Wagon waiting for Feeder","Connection_2"
46241425238.1713,2,0,64,72,,,,,,,,,"07-Aug-26 10:12:21","Unwinder Material Tension","Connection_2"
46241425238.1713,2,1,64,112,,,,,,,,,"07-Aug-26 10:12:21","Lowering Pallet","Connection_2"
46241425250.9607,2,1,64,36,,,,,,,,,"07-Aug-26 10:12:22","Wagon to start position","Connection_2"
46241425274.294,2,0,64,112,,,,,,,,,"07-Aug-26 10:12:24","Lowering Pallet","Connection_2"
46241425319.4676,2,0,64,36,,,,,,,,,"07-Aug-26 10:12:28","Wagon to start position","Connection_2"
46241425319.4676,2,1,64,37,,,,,,,,,"07-Aug-26 10:12:28","Wagon waiting for Feeder","Connection_2"
46241425319.4676,2,1,64,74,"13","5","1366","275",,,,,"07-Aug-26 10:12:28","Deployment in Progress - Pallet Nr: 13 Pallet Type: 5 Layer Nr: 1366 Matt Nr: 275","Connection_2"
46241425342.662,2,0,64,37,,,,,,,,,"07-Aug-26 10:12:30","Wagon waiting for Feeder","Connection_2"
46241425342.662,2,0,64,74,"13","5","1366","275",,,,,"07-Aug-26 10:12:30","Deployment in Progress - Pallet Nr: 13 Pallet Type: 5 Layer Nr: 1366 Matt Nr: 275","Connection_2"
46241425656.088,2,1,64,149,,,,,,,,,"07-Aug-26 10:12:57","Cutting","Connection_2"
46241425679.294,2,1,64,150,,,,,,,,,"07-Aug-26 10:12:59","Cutting completed","Connection_2"
46241425703.1019,2,0,64,149,,,,,,,,,"07-Aug-26 10:13:01","Cutting","Connection_2"
46241425703.1019,2,0,64,150,,,,,,,,,"07-Aug-26 10:13:01","Cutting completed","Connection_2"
46241425737.3495,2,1,64,37,,,,,,,,,"07-Aug-26 10:13:04","Wagon waiting for Feeder","Connection_2"
46241425737.3495,2,1,64,72,,,,,,,,,"07-Aug-26 10:13:04","Unwinder Material Tension","Connection_2"
46241425761.3426,2,1,64,36,,,,,,,,,"07-Aug-26 10:13:06","Wagon to start position","Connection_2"
46241425784.8611,2,0,64,37,,,,,,,,,"07-Aug-26 10:13:08","Wagon waiting for Feeder","Connection_2"
46241425784.8611,2,0,64,72,,,,,,,,,"07-Aug-26 10:13:08","Unwinder Material Tension","Connection_2"
46241425830.6945,2,0,64,36,,,,,,,,,"07-Aug-26 10:13:12","Wagon to start position","Connection_2"
46241425853.4606,2,1,64,37,,,,,,,,,"07-Aug-26 10:13:14","Wagon waiting for Feeder","Connection_2"
46241425853.4606,2,1,64,74,"13","5","1367","274",,,,,"07-Aug-26 10:13:14","Deployment in Progress - Pallet Nr: 13 Pallet Type: 5 Layer Nr: 1367 Matt Nr: 274","Connection_2"
46241425876.6898,2,0,64,37,,,,,,,,,"07-Aug-26 10:13:16","Wagon waiting for Feeder","Connection_2"
46241425876.6898,2,0,64,74,"13","5","1367","274",,,,,"07-Aug-26 10:13:16","Deployment in Progress - Pallet Nr: 13 Pallet Type: 5 Layer Nr: 1367 Matt Nr: 274","Connection_2"
46241426143.669,2,1,64,149,,,,,,,,,"07-Aug-26 10:13:39","Cutting","Connection_2"
46241426178.4954,2,1,64,150,,,,,,,,,"07-Aug-26 10:13:42","Cutting completed","Connection_2"
46241426201.7361,2,0,64,149,,,,,,,,,"07-Aug-26 10:13:44","Cutting","Connection_2"
46241426201.7361,2,0,64,150,,,,,,,,,"07-Aug-26 10:13:44","Cutting completed","Connection_2"
46241426236.6204,2,1,64,37,,,,,,,,,"07-Aug-26 10:13:47","Wagon waiting for Feeder","Connection_2"
46241426236.6204,2,1,64,72,,,,,,,,,"07-Aug-26 10:13:47","Unwinder Material Tension","Connection_2"
46241426259.838,2,0,64,37,,,,,,,,,"07-Aug-26 10:13:49","Wagon waiting for Feeder","Connection_2"
46241426259.838,2,0,64,72,,,,,,,,,"07-Aug-26 10:13:49","Unwinder Material Tension","Connection_2"
46241426259.838,2,1,64,112,,,,,,,,,"07-Aug-26 10:13:49","Lowering Pallet","Connection_2"
46241426272.3611,2,1,64,36,,,,,,,,,"07-Aug-26 10:13:50","Wagon to start position","Connection_2"
46241426295.8796,2,0,64,112,,,,,,,,,"07-Aug-26 10:13:52","Lowering Pallet","Connection_2"
46241426341.1343,2,0,64,36,,,,,,,,,"07-Aug-26 10:13:56","Wagon to start position","Connection_2"
46241426341.1343,2,1,64,37,,,,,,,,,"07-Aug-26 10:13:56","Wagon waiting for Feeder","Connection_2"
46241426341.1343,2,1,64,74,"13","5","1368","273",,,,,"07-Aug-26 10:13:56","Deployment in Progress - Pallet Nr: 13 Pallet Type: 5 Layer Nr: 1368 Matt Nr: 273","Connection_2"
46241426375.9144,2,0,64,37,,,,,,,,,"07-Aug-26 10:13:59","Wagon waiting for Feeder","Connection_2"
46241426375.9144,2,0,64,74,"13","5","1368","273",,,,,"07-Aug-26 10:13:59","Deployment in Progress - Pallet Nr: 13 Pallet Type: 5 Layer Nr: 1368 Matt Nr: 273","Connection_2"
46241426677.7546,2,1,64,149,,,,,,,,,"07-Aug-26 10:14:25","Cutting","Connection_2"
46241426712.7894,2,1,64,150,,,,,,,,,"07-Aug-26 10:14:28","Cutting completed","Connection_2"
46241426736.4005,2,0,64,149,,,,,,,,,"07-Aug-26 10:14:30","Cutting","Connection_2"
46241426736.4005,2,0,64,150,,,,,,,,,"07-Aug-26 10:14:30","Cutting completed","Connection_2"
46241426770.5903,2,1,64,37,,,,,,,,,"07-Aug-26 10:14:33","Wagon waiting for Feeder","Connection_2"
46241426770.5903,2,1,64,72,,,,,,,,,"07-Aug-26 10:14:33","Unwinder Material Tension","Connection_2"
46241426783.3449,2,1,64,36,,,,,,,,,"07-Aug-26 10:14:34","Wagon to start position","Connection_2"
46241426806.4931,2,0,64,37,,,,,,,,,"07-Aug-26 10:14:36","Wagon waiting for Feeder","Connection_2"
46241426806.4931,2,0,64,72,,,,,,,,,"07-Aug-26 10:14:36","Unwinder Material Tension","Connection_2"
46241426852.419,2,0,64,36,,,,,,,,,"07-Aug-26 10:14:40","Wagon to start position","Connection_2"
46241426875.1273,2,1,64,37,,,,,,,,,"07-Aug-26 10:14:42","Wagon waiting for Feeder","Connection_2"
46241426875.1273,2,1,64,74,"13","5","1369","272",,,,,"07-Aug-26 10:14:42","Deployment in Progress - Pallet Nr: 13 Pallet Type: 5 Layer Nr: 1369 Matt Nr: 272","Connection_2"
46241426898.3565,2,0,64,37,,,,,,,,,"07-Aug-26 10:14:44","Wagon waiting for Feeder","Connection_2"
46241426898.3565,2,0,64,74,"13","5","1369","272",,,,,"07-Aug-26 10:14:44","Deployment in Progress - Pallet Nr: 13 Pallet Type: 5 Layer Nr: 1369 Matt Nr: 272","Connection_2"
46241427176.875,2,1,64,149,,,,,,,,,"07-Aug-26 10:15:08","Cutting","Connection_2"
46241427211.6667,2,1,64,150,,,,,,,,,"07-Aug-26 10:15:11","Cutting completed","Connection_2"
46241427234.8611,2,0,64,149,,,,,,,,,"07-Aug-26 10:15:13","Cutting","Connection_2"
46241427234.8611,2,0,64,150,,,,,,,,,"07-Aug-26 10:15:13","Cutting completed","Connection_2"
46241427269.6759,2,1,64,37,,,,,,,,,"07-Aug-26 10:15:16","Wagon waiting for Feeder","Connection_2"
46241427269.6759,2,1,64,72,,,,,,,,,"07-Aug-26 10:15:16","Unwinder Material Tension","Connection_2"
46241427292.9051,2,0,64,37,,,,,,,,,"07-Aug-26 10:15:18","Wagon waiting for Feeder","Connection_2"
46241427292.9051,2,0,64,72,,,,,,,,,"07-Aug-26 10:15:18","Unwinder Material Tension","Connection_2"
46241427292.9051,2,1,64,112,,,,,,,,,"07-Aug-26 10:15:18","Lowering Pallet","Connection_2"
46241427305.6597,2,1,64,36,,,,,,,,,"07-Aug-26 10:15:19","Wagon to start position","Connection_2"
46241427339.919,2,0,64,112,,,,,,,,,"07-Aug-26 10:15:22","Lowering Pallet","Connection_2"
46241427374.1667,2,0,64,36,,,,,,,,,"07-Aug-26 10:15:25","Wagon to start position","Connection_2"
46241427374.1667,2,1,64,37,,,,,,,,,"07-Aug-26 10:15:25","Wagon waiting for Feeder","Connection_2"
46241427374.1667,2,1,64,74,"13","5","1370","271",,,,,"07-Aug-26 10:15:25","Deployment in Progress - Pallet Nr: 13 Pallet Type: 5 Layer Nr: 1370 Matt Nr: 271","Connection_2"
46241427397.4074,2,0,64,37,,,,,,,,,"07-Aug-26 10:15:27","Wagon waiting for Feeder","Connection_2"
46241427397.4074,2,0,64,74,"13","5","1370","271",,,,,"07-Aug-26 10:15:27","Deployment in Progress - Pallet Nr: 13 Pallet Type: 5 Layer Nr: 1370 Matt Nr: 271","Connection_2"
46241427722.4653,2,1,64,149,,,,,,,,,"07-Aug-26 10:15:55","Cutting","Connection_2"
46241427757.8356,2,1,64,150,,,,,,,,,"07-Aug-26 10:15:58","Cutting completed","Connection_2"
46241427780.8565,2,0,64,149,,,,,,,,,"07-Aug-26 10:16:00","Cutting","Connection_2"
46241427780.8565,2,0,64,150,,,,,,,,,"07-Aug-26 10:16:00","Cutting completed","Connection_2"
46241427803.7731,2,1,64,37,,,,,,,,,"07-Aug-26 10:16:02","Wagon waiting for Feeder","Connection_2"
46241427803.7731,2,1,64,72,,,,,,,,,"07-Aug-26 10:16:02","Unwinder Material Tension","Connection_2"
46241427828.125,2,1,64,36,,,,,,,,,"07-Aug-26 10:16:04","Wagon to start position","Connection_2"
46241427851.4468,2,0,64,37,,,,,,,,,"07-Aug-26 10:16:06","Wagon waiting for Feeder","Connection_2"
46241427851.4468,2,0,64,72,,,,,,,,,"07-Aug-26 10:16:06","Unwinder Material Tension","Connection_2"
46241427897.2917,2,0,64,36,,,,,,,,,"07-Aug-26 10:16:10","Wagon to start position","Connection_2"
46241427919.919,2,1,64,37,,,,,,,,,"07-Aug-26 10:16:12","Wagon waiting for Feeder","Connection_2"
46241427919.919,2,1,64,74,"13","5","1371","270",,,,,"07-Aug-26 10:16:12","Deployment in Progress - Pallet Nr: 13 Pallet Type: 5 Layer Nr: 1371 Matt Nr: 270","Connection_2"
46241427943.125,2,0,64,37,,,,,,,,,"07-Aug-26 10:16:14","Wagon waiting for Feeder","Connection_2"
46241427943.125,2,0,64,74,"13","5","1371","270",,,,,"07-Aug-26 10:16:14","Deployment in Progress - Pallet Nr: 13 Pallet Type: 5 Layer Nr: 1371 Matt Nr: 270","Connection_2"
46241428256.6551,2,1,64,149,,,,,,,,,"07-Aug-26 10:16:41","Cutting","Connection_2"
46241428279.8727,2,1,64,150,,,,,,,,,"07-Aug-26 10:16:43","Cutting completed","Connection_2"
46241428303.6806,2,0,64,149,,,,,,,,,"07-Aug-26 10:16:45","Cutting","Connection_2"
46241428303.6806,2,0,64,150,,,,,,,,,"07-Aug-26 10:16:45","Cutting completed","Connection_2"
46241428337.9398,2,1,64,37,,,,,,,,,"07-Aug-26 10:16:48","Wagon waiting for Feeder","Connection_2"
46241428337.9398,2,1,64,72,,,,,,,,,"07-Aug-26 10:16:48","Unwinder Material Tension","Connection_2"
46241428361.169,2,0,64,37,,,,,,,,,"07-Aug-26 10:16:50","Wagon waiting for Feeder","Connection_2"
46241428361.169,2,0,64,72,,,,,,,,,"07-Aug-26 10:16:50","Unwinder Material Tension","Connection_2"
46241428361.169,2,1,64,112,,,,,,,,,"07-Aug-26 10:16:50","Lowering Pallet","Connection_2"
46241428397.1991,2,1,64,36,,,,,,,,,"07-Aug-26 10:16:54","Wagon to start position","Connection_2"
46241428397.1991,2,0,64,112,,,,,,,,,"07-Aug-26 10:16:54","Lowering Pallet","Connection_2"
46241428442.4537,2,0,64,36,,,,,,,,,"07-Aug-26 10:16:57","Wagon to start position","Connection_2"
46241428442.4537,2,1,64,37,,,,,,,,,"07-Aug-26 10:16:57","Wagon waiting for Feeder","Connection_2"
46241428442.4537,2,1,64,74,"13","5","1372","269",,,,,"07-Aug-26 10:16:57","Deployment in Progress - Pallet Nr: 13 Pallet Type: 5 Layer Nr: 1372 Matt Nr: 269","Connection_2"
46241428477.3148,2,0,64,37,,,,,,,,,"07-Aug-26 10:17:00","Wagon waiting for Feeder","Connection_2"
46241428500.5556,2,0,64,74,"13","5","1372","269",,,,,"07-Aug-26 10:17:02","Deployment in Progress - Pallet Nr: 13 Pallet Type: 5 Layer Nr: 1372 Matt Nr: 269","Connection_2"
46241428837.3611,2,1,64,149,,,,,,,,,"07-Aug-26 10:17:32","Cutting","Connection_2"
46241428872.1759,2,1,64,150,,,,,,,,,"07-Aug-26 10:17:35","Cutting completed","Connection_2"
46241428895.3935,2,0,64,149,,,,,,,,,"07-Aug-26 10:17:37","Cutting","Connection_2"
46241428895.3935,2,0,64,150,,,,,,,,,"07-Aug-26 10:17:37","Cutting completed","Connection_2"
46241428930.2083,2,1,64,37,,,,,,,,,"07-Aug-26 10:17:40","Wagon waiting for Feeder","Connection_2"
46241428930.2083,2,1,64,72,,,,,,,,,"07-Aug-26 10:17:40","Unwinder Material Tension","Connection_2"
46241428942.7662,2,1,64,36,,,,,,,,,"07-Aug-26 10:17:41","Wagon to start position","Connection_2"
46241428966.2963,2,0,64,37,,,,,,,,,"07-Aug-26 10:17:43","Wagon waiting for Feeder","Connection_2"
46241428966.2963,2,0,64,72,,,,,,,,,"07-Aug-26 10:17:43","Unwinder Material Tension","Connection_2"
46241429012.1181,2,0,64,36,,,,,,,,,"07-Aug-26 10:17:47","Wagon to start position","Connection_2"
46241429034.6875,2,1,64,37,,,,,,,,,"07-Aug-26 10:17:49","Wagon waiting for Feeder","Connection_2"
46241429034.6875,2,1,64,74,"13","5","1373","268",,,,,"07-Aug-26 10:17:49","Deployment in Progress - Pallet Nr: 13 Pallet Type: 5 Layer Nr: 1373 Matt Nr: 268","Connection_2"
46241429057.9051,2,0,64,37,,,,,,,,,"07-Aug-26 10:17:51","Wagon waiting for Feeder","Connection_2"
46241429057.9051,2,0,64,74,"13","5","1373","268",,,,,"07-Aug-26 10:17:51","Deployment in Progress - Pallet Nr: 13 Pallet Type: 5 Layer Nr: 1373 Matt Nr: 268","Connection_2"
46241429988.7269,2,0,65,1144,,,,,,,,,"07-Aug-26 10:19:11","Unwinder 4 Run dry","Connection_1"
46241430051.9329,2,1,65,1144,,,,,,,,,"07-Aug-26 10:19:16","Unwinder 4 Run dry","Connection_1"
46241430086.1921,2,0,65,1144,,,,,,,,,"07-Aug-26 10:19:19","Unwinder 4 Run dry","Connection_1"
46241430135.1505,2,1,65,1144,,,,,,,,,"07-Aug-26 10:19:24","Unwinder 4 Run dry","Connection_1"
46241430160.3472,2,1,65,1007,,,,,,,,,"07-Aug-26 10:19:26","Stop","Connection_1"
46241430690.625,2,0,65,1006,,,,,,,,,"07-Aug-26 10:20:12","Start","Connection_1"
46241430756.4352,2,0,65,1003,"1373",,,,,,,,"07-Aug-26 10:20:17","Start Layer - Nr: 1373","Connection_1"
46241430973.9005,2,1,64,149,,,,,,,,,"07-Aug-26 10:20:36","Cutting","Connection_2"
46241431008.7269,2,1,64,150,,,,,,,,,"07-Aug-26 10:20:39","Cutting completed","Connection_2"
46241431031.9792,2,0,64,149,,,,,,,,,"07-Aug-26 10:20:41","Cutting","Connection_2"
46241431031.9792,2,0,64,150,,,,,,,,,"07-Aug-26 10:20:41","Cutting completed","Connection_2"
46241431066.8171,2,1,64,37,,,,,,,,,"07-Aug-26 10:20:44","Wagon waiting for Feeder","Connection_2"
46241431066.8171,2,1,64,72,,,,,,,,,"07-Aug-26 10:20:44","Unwinder Material Tension","Connection_2"
46241431090.6134,2,1,64,36,,,,,,,,,"07-Aug-26 10:20:46","Wagon to start position","Connection_2"
46241431090.6134,2,0,64,37,,,,,,,,,"07-Aug-26 10:20:46","Wagon waiting for Feeder","Connection_2"
46241431090.6134,2,0,64,72,,,,,,,,,"07-Aug-26 10:20:46","Unwinder Material Tension","Connection_2"
46241431090.6134,2,1,64,112,,,,,,,,,"07-Aug-26 10:20:46","Lowering Pallet","Connection_2"
46241431137.1065,2,0,64,36,,,,,,,,,"07-Aug-26 10:20:50","Wagon to start position","Connection_2"
46241431137.1065,2,0,64,112,,,,,,,,,"07-Aug-26 10:20:50","Lowering Pallet","Connection_2"
46241431252.662,2,1,64,37,,,,,,,,,"07-Aug-26 10:21:00","Wagon waiting for Feeder","Connection_2"
46241431252.662,2,1,64,74,"13","5","1374","267",,,,,"07-Aug-26 10:21:00","Deployment in Progress - Pallet Nr: 13 Pallet Type: 5 Layer Nr: 1374 Matt Nr: 267","Connection_2"
46241431275.8912,2,0,64,37,,,,,,,,,"07-Aug-26 10:21:02","Wagon waiting for Feeder","Connection_2"
46241431299.1319,2,0,64,74,"13","5","1374","267",,,,,"07-Aug-26 10:21:04","Deployment in Progress - Pallet Nr: 13 Pallet Type: 5 Layer Nr: 1374 Matt Nr: 267","Connection_2"
46241431651.9329,2,0,65,1144,,,,,,,,,"07-Aug-26 10:21:35","Unwinder 4 Run dry","Connection_1"
46241431717.6968,2,0,65,1007,,,,,,,,,"07-Aug-26 10:21:40","Stop","Connection_1"
46241431760.544,2,1,65,1006,,,,,,,,,"07-Aug-26 10:21:44","Start","Connection_1"
46241431765.8681,2,0,65,1004,"1374",,,,,,,,"07-Aug-26 10:21:45","Abort layer - Nr: 1374","Connection_1"
46241431769.9537,2,1,65,1005,"0",,,,,,,,"07-Aug-26 10:21:45","Repeat lag - Nr: 0","Connection_1"
46241431775.2894,2,1,64,113,,,,,,,,,"07-Aug-26 10:21:45","Abort Layer active, press start to finish","Connection_2"
46241431775.2894,2,1,64,33,,,,,,,,,"07-Aug-26 10:21:45","Repeat Layer Started","Connection_2"
46241431780.7292,2,1,65,1143,,,,,,,,,"07-Aug-26 10:21:46","Unwinder 4 Unload","Connection_1"
46241431786.8982,2,1,64,128,,,,,,,,,"07-Aug-26 10:21:46","Unloading ended","Connection_2"
46241431798.5185,2,0,64,113,,,,,,,,,"07-Aug-26 10:21:47","Abort Layer active, press start to finish","Connection_2"
46241431810.1273,2,0,64,33,,,,,,,,,"07-Aug-26 10:21:48","Repeat Layer Started","Connection_2"
46241431833.3565,2,0,64,128,,,,,,,,,"07-Aug-26 10:21:50","Unloading ended","Connection_2"
46241432112.1181,2,1,64,129,,,,,,,,,"07-Aug-26 10:22:14","Unloading started","Connection_2"
46241432135.3241,2,0,64,129,,,,,,,,,"07-Aug-26 10:22:16","Unloading started","Connection_2"
46241435258.7847,2,0,65,1006,,,,,,,,,"07-Aug-26 10:26:46","Start","Connection_1"
46241446733.1829,2,0,65,1142,,,,,,,,,"07-Aug-26 10:43:18","Unwinder 4 Load","Connection_1"
46241446743.2523,2,1,64,126,,,,,,,,,"07-Aug-26 10:43:19","Loading starting","Connection_2"
46241446777.5,2,0,64,126,,,,,,,,,"07-Aug-26 10:43:22","Loading starting","Connection_2"
46241446911.9329,2,0,65,1143,,,,,,,,,"07-Aug-26 10:43:33","Unwinder 4 Unload","Connection_1"
46241446914.1782,2,1,65,1143,,,,,,,,,"07-Aug-26 10:43:33","Unwinder 4 Unload","Connection_1"
46241446940.9722,2,0,65,1143,,,,,,,,,"07-Aug-26 10:43:36","Unwinder 4 Unload","Connection_1"
46241446943.0208,2,1,65,1143,,,,,,,,,"07-Aug-26 10:43:36","Unwinder 4 Unload","Connection_1"
46241446946.8519,2,0,65,1143,,,,,,,,,"07-Aug-26 10:43:36","Unwinder 4 Unload","Connection_1"
46241446948.8194,2,1,65,1143,,,,,,,,,"07-Aug-26 10:43:36","Unwinder 4 Unload","Connection_1"
46241446950.7292,2,0,65,1143,,,,,,,,,"07-Aug-26 10:43:37","Unwinder 4 Unload","Connection_1"
46241446952.2107,2,1,65,1143,,,,,,,,,"07-Aug-26 10:43:37","Unwinder 4 Unload","Connection_1"
46241446954.0857,2,0,65,1143,,,,,,,,,"07-Aug-26 10:43:37","Unwinder 4 Unload","Connection_1"
46241446957.9514,2,1,65,1133,,,,,,,,,"07-Aug-26 10:43:37","Unwinder 3 Unload","Connection_1"
46241446959.9421,2,0,65,1133,,,,,,,,,"07-Aug-26 10:43:37","Unwinder 3 Unload","Connection_1"
46241446961.4352,2,0,65,1132,,,,,,,,,"07-Aug-26 10:43:37","Unwinder 3 Load","Connection_1"
46241446963.5995,2,1,65,1132,,,,,,,,,"07-Aug-26 10:43:38","Unwinder 3 Load","Connection_1"
46241446966.0301,2,1,65,1133,,,,,,,,,"07-Aug-26 10:43:38","Unwinder 3 Unload","Connection_1"
46241446968.6111,2,0,65,1133,,,,,,,,,"07-Aug-26 10:43:38","Unwinder 3 Unload","Connection_1"
46241446976.3194,2,1,65,1143,,,,,,,,,"07-Aug-26 10:43:39","Unwinder 4 Unload","Connection_1"
46241446978.2639,2,0,65,1143,,,,,,,,,"07-Aug-26 10:43:39","Unwinder 4 Unload","Connection_1"
46241446980.5556,2,1,65,1143,,,,,,,,,"07-Aug-26 10:43:39","Unwinder 4 Unload","Connection_1"
46241446982.5347,2,0,65,1143,,,,,,,,,"07-Aug-26 10:43:39","Unwinder 4 Unload","Connection_1"
46241446984.6065,2,1,65,1143,,,,,,,,,"07-Aug-26 10:43:39","Unwinder 4 Unload","Connection_1"
46241446986.0417,2,1,64,127,,,,,,,,,"07-Aug-26 10:43:40","Loading ended","Connection_2"
46241446986.5972,2,0,65,1143,,,,,,,,,"07-Aug-26 10:43:40","Unwinder 4 Unload","Connection_1"
46241446988.6921,2,1,65,1143,,,,,,,,,"07-Aug-26 10:43:40","Unwinder 4 Unload","Connection_1"
46241446990.7639,2,0,65,1143,,,,,,,,,"07-Aug-26 10:43:40","Unwinder 4 Unload","Connection_1"
46241446992.6968,2,1,65,1143,,,,,,,,,"07-Aug-26 10:43:40","Unwinder 4 Unload","Connection_1"
46241446994.5718,2,0,65,1143,,,,,,,,,"07-Aug-26 10:43:40","Unwinder 4 Unload","Connection_1"
46241446996.6782,2,1,65,1143,,,,,,,,,"07-Aug-26 10:43:41","Unwinder 4 Unload","Connection_1"
46241446998.8773,2,0,65,1143,,,,,,,,,"07-Aug-26 10:43:41","Unwinder 4 Unload","Connection_1"
46241447020.9259,2,0,64,127,,,,,,,,,"07-Aug-26 10:43:43","Loading ended","Connection_2"
46241447088.5995,2,1,65,1141,,,,,,,,,"07-Aug-26 10:43:48","Unwinder 4 Backward","Connection_1"
46241447145.3472,2,0,65,1141,,,,,,,,,"07-Aug-26 10:43:53","Unwinder 4 Backward","Connection_1"
46241447219.2477,2,0,65,1140,,,,,,,,,"07-Aug-26 10:44:00","Unwinder 4 Forward","Connection_1"
46241447221.5741,2,1,65,1140,,,,,,,,,"07-Aug-26 10:44:00","Unwinder 4 Forward","Connection_1"
46241447278.4259,2,0,65,1140,,,,,,,,,"07-Aug-26 10:44:05","Unwinder 4 Forward","Connection_1"
46241447330.1389,2,1,65,1140,,,,,,,,,"07-Aug-26 10:44:09","Unwinder 4 Forward","Connection_1"
46241447441.7593,2,1,65,1141,,,,,,,,,"07-Aug-26 10:44:19","Unwinder 4 Backward","Connection_1"
46241447479.8611,2,0,65,1140,,,,,,,,,"07-Aug-26 10:44:22","Unwinder 4 Forward","Connection_1"
46241447508.2523,2,0,65,1002,,,,,,,,,"07-Aug-26 10:44:25","Acknowledge material present","Connection_1"
46241447560.6019,2,1,65,1142,,,,,,,,,"07-Aug-26 10:44:29","Unwinder 4 Load","Connection_1"
46241447566.713,2,1,64,126,,,,,,,,,"07-Aug-26 10:44:30","Loading starting","Connection_2"
46241447601.5741,2,0,64,126,,,,,,,,,"07-Aug-26 10:44:33","Loading starting","Connection_2"
46241447926.7361,2,1,64,149,,,,,,,,,"07-Aug-26 10:45:01","Cutting","Connection_2"
46241447961.5278,2,1,64,150,,,,,,,,,"07-Aug-26 10:45:04","Cutting completed","Connection_2"
46241447973.7269,2,1,64,127,,,,,,,,,"07-Aug-26 10:45:05","Loading ended","Connection_2"
46241447985.3009,2,0,64,149,,,,,,,,,"07-Aug-26 10:45:06","Cutting","Connection_2"
46241447985.3009,2,0,64,150,,,,,,,,,"07-Aug-26 10:45:06","Cutting completed","Connection_2"
46241447996.3542,2,0,64,127,,,,,,,,,"07-Aug-26 10:45:07","Loading ended","Connection_2"
46241448453.1829,2,1,65,1006,,,,,,,,,"07-Aug-26 10:45:46","Start","Connection_1"
46241448499.4676,2,1,65,1003,"0",,,,,,,,"07-Aug-26 10:45:50","Start Layer - Nr: 0","Connection_1"
46241448507.1065,2,1,64,33,,,,,,,,,"07-Aug-26 10:45:51","Repeat Layer Started","Connection_2"
46241448518.7037,2,1,64,37,,,,,,,,,"07-Aug-26 10:45:52","Wagon waiting for Feeder","Connection_2"
46241448518.7037,2,1,64,72,,,,,,,,,"07-Aug-26 10:45:52","Unwinder Material Tension","Connection_2"
46241448543.2755,2,0,64,33,,,,,,,,,"07-Aug-26 10:45:54","Repeat Layer Started","Connection_2"
46241448543.2755,2,1,64,36,,,,,,,,,"07-Aug-26 10:45:54","Wagon to start position","Connection_2"
46241448543.2755,2,1,64,112,,,,,,,,,"07-Aug-26 10:45:54","Lowering Pallet","Connection_2"
46241448565.6713,2,0,64,37,,,,,,,,,"07-Aug-26 10:45:56","Wagon waiting for Feeder","Connection_2"
46241448565.6713,2,0,64,72,,,,,,,,,"07-Aug-26 10:45:56","Unwinder Material Tension","Connection_2"
46241448600.0463,2,0,64,36,,,,,,,,,"07-Aug-26 10:45:59","Wagon to start position","Connection_2"
46241448600.0463,2,0,64,112,,,,,,,,,"07-Aug-26 10:45:59","Lowering Pallet","Connection_2"
46241448600.0463,2,1,64,74,"13","5","1374","267",,,,,"07-Aug-26 10:45:59","Deployment in Progress - Pallet Nr: 13 Pallet Type: 5 Layer Nr: 1374 Matt Nr: 267","Connection_2"
46241448634.8727,2,0,64,74,"13","5","1374","267",,,,,"07-Aug-26 10:46:02","Deployment in Progress - Pallet Nr: 13 Pallet Type: 5 Layer Nr: 1374 Matt Nr: 267","Connection_2"
46241448948.4491,2,1,64,149,,,,,,,,,"07-Aug-26 10:46:29","Cutting","Connection_2"
46241448983.287,2,1,64,150,,,,,,,,,"07-Aug-26 10:46:32","Cutting completed","Connection_2"
46241449007.0255,2,0,64,149,,,,,,,,,"07-Aug-26 10:46:34","Cutting","Connection_2"
46241449007.0255,2,0,64,150,,,,,,,,,"07-Aug-26 10:46:34","Cutting completed","Connection_2"
46241449041.3773,2,1,64,37,,,,,,,,,"07-Aug-26 10:46:37","Wagon waiting for Feeder","Connection_2"
46241449041.3773,2,1,64,72,,,,,,,,,"07-Aug-26 10:46:37","Unwinder Material Tension","Connection_2"
46241449053.6111,2,1,64,36,,,,,,,,,"07-Aug-26 10:46:38","Wagon to start position","Connection_2"
46241449088.7847,2,0,64,37,,,,,,,,,"07-Aug-26 10:46:41","Wagon waiting for Feeder","Connection_2"
46241449088.7847,2,0,64,72,,,,,,,,,"07-Aug-26 10:46:41","Unwinder Material Tension","Connection_2"
46241449123.2292,2,0,64,36,,,,,,,,,"07-Aug-26 10:46:44","Wagon to start position","Connection_2"
46241449145.8796,2,1,64,37,,,,,,,,,"07-Aug-26 10:46:46","Wagon waiting for Feeder","Connection_2"
46241449145.8796,2,1,64,74,"13","5","1375","266",,,,,"07-Aug-26 10:46:46","Deployment in Progress - Pallet Nr: 13 Pallet Type: 5 Layer Nr: 1375 Matt Nr: 266","Connection_2"
46241449180.706,2,0,64,37,,,,,,,,,"07-Aug-26 10:46:49","Wagon waiting for Feeder","Connection_2"
46241449180.706,2,0,64,74,"13","5","1375","266",,,,,"07-Aug-26 10:46:49","Deployment in Progress - Pallet Nr: 13 Pallet Type: 5 Layer Nr: 1375 Matt Nr: 266","Connection_2"
46241449517.3495,2,1,64,149,,,,,,,,,"07-Aug-26 10:47:18","Cutting","Connection_2"
46241449552.6852,2,1,64,150,,,,,,,,,"07-Aug-26 10:47:21","Cutting completed","Connection_2"
46241449575.9722,2,0,64,149,,,,,,,,,"07-Aug-26 10:47:23","Cutting","Connection_2"
46241449575.9722,2,0,64,150,,,,,,,,,"07-Aug-26 10:47:23","Cutting completed","Connection_2"
46241449598.5764,2,1,64,37,,,,,,,,,"07-Aug-26 10:47:25","Wagon waiting for Feeder","Connection_2"
46241449598.5764,2,1,64,72,,,,,,,,,"07-Aug-26 10:47:25","Unwinder Material Tension","Connection_2"
46241449633.3912,2,0,64,37,,,,,,,,,"07-Aug-26 10:47:28","Wagon waiting for Feeder","Connection_2"
46241449633.3912,2,0,64,72,,,,,,,,,"07-Aug-26 10:47:28","Unwinder Material Tension","Connection_2"
46241449633.3912,2,1,64,112,,,,,,,,,"07-Aug-26 10:47:28","Lowering Pallet","Connection_2"
46241449646.2037,2,1,64,36,,,,,,,,,"07-Aug-26 10:47:29","Wagon to start position","Connection_2"
46241449669.537,2,0,64,112,,,,,,,,,"07-Aug-26 10:47:31","Lowering Pallet","Connection_2"
46241449714.7222,2,0,64,36,,,,,,,,,"07-Aug-26 10:47:35","Wagon to start position","Connection_2"
46241449714.7222,2,1,64,37,,,,,,,,,"07-Aug-26 10:47:35","Wagon waiting for Feeder","Connection_2"
46241449714.7222,2,1,64,74,"13","5","1376","265",,,,,"07-Aug-26 10:47:35","Deployment in Progress - Pallet Nr: 13 Pallet Type: 5 Layer Nr: 1376 Matt Nr: 265","Connection_2"
46241449737.9167,2,0,64,37,,,,,,,,,"07-Aug-26 10:47:37","Wagon waiting for Feeder","Connection_2"
46241449737.9167,2,0,64,74,"13","5","1376","265",,,,,"07-Aug-26 10:47:37","Deployment in Progress - Pallet Nr: 13 Pallet Type: 5 Layer Nr: 1376 Matt Nr: 265","Connection_2"
46241450109.5602,2,1,64,149,,,,,,,,,"07-Aug-26 10:48:09","Cutting","Connection_2"
46241450144.3981,2,1,64,150,,,,,,,,,"07-Aug-26 10:48:12","Cutting completed","Connection_2"
46241450167.6273,2,0,64,149,,,,,,,,,"07-Aug-26 10:48:14","Cutting","Connection_2"
46241450167.6273,2,0,64,150,,,,,,,,,"07-Aug-26 10:48:14","Cutting completed","Connection_2"
46241450202.4769,2,1,64,37,,,,,,,,,"07-Aug-26 10:48:17","Wagon waiting for Feeder","Connection_2"
46241450202.4769,2,1,64,72,,,,,,,,,"07-Aug-26 10:48:17","Unwinder Material Tension","Connection_2"
46241450226.8634,2,1,64,36,,,,,,,,,"07-Aug-26 10:48:20","Wagon to start position","Connection_2"
46241450226.8634,2,0,64,37,,,,,,,,,"07-Aug-26 10:48:20","Wagon waiting for Feeder","Connection_2"
46241450226.8634,2,0,64,72,,,,,,,,,"07-Aug-26 10:48:20","Unwinder Material Tension","Connection_2"
46241450226.8634,2,1,64,112,,,,,,,,,"07-Aug-26 10:48:20","Lowering Pallet","Connection_2"
46241450272.7778,2,0,64,36,,,,,,,,,"07-Aug-26 10:48:24","Wagon to start position","Connection_2"
46241450272.7778,2,0,64,112,,,,,,,,,"07-Aug-26 10:48:24","Lowering Pallet","Connection_2"
46241450306.9792,2,1,64,37,,,,,,,,,"07-Aug-26 10:48:27","Wagon waiting for Feeder","Connection_2"
46241450306.9792,2,1,64,74,"13","5","1377","264",,,,,"07-Aug-26 10:48:27","Deployment in Progress - Pallet Nr: 13 Pallet Type: 5 Layer Nr: 1377 Matt Nr: 264","Connection_2"
46241450330.1968,2,0,64,37,,,,,,,,,"07-Aug-26 10:48:29","Wagon waiting for Feeder","Connection_2"
46241450365.0231,2,0,64,74,"13","5","1377","264",,,,,"07-Aug-26 10:48:32","Deployment in Progress - Pallet Nr: 13 Pallet Type: 5 Layer Nr: 1377 Matt Nr: 264","Connection_2"
46241450678.6111,2,1,64,149,,,,,,,,,"07-Aug-26 10:48:59","Cutting","Connection_2"
46241450713.4375,2,1,64,150,,,,,,,,,"07-Aug-26 10:49:02","Cutting completed","Connection_2"
46241450736.6667,2,0,64,149,,,,,,,,,"07-Aug-26 10:49:04","Cutting","Connection_2"
46241450736.6667,2,0,64,150,,,,,,,,,"07-Aug-26 10:49:04","Cutting completed","Connection_2"
46241450771.4815,2,1,64,37,,,,,,,,,"07-Aug-26 10:49:07","Wagon waiting for Feeder","Connection_2"
46241450771.4815,2,1,64,72,,,,,,,,,"07-Aug-26 10:49:07","Unwinder Material Tension","Connection_2"
46241450794.6875,2,0,64,37,,,,,,,,,"07-Aug-26 10:49:09","Wagon waiting for Feeder","Connection_2"
46241450794.6875,2,0,64,72,,,,,,,,,"07-Aug-26 10:49:09","Unwinder Material Tension","Connection_2"
46241450794.6875,2,1,64,112,,,,,,,,,"07-Aug-26 10:49:09","Lowering Pallet","Connection_2"
46241450806.9213,2,1,64,36,,,,,,,,,"07-Aug-26 10:49:10","Wagon to start position","Connection_2"
46241450842.1065,2,0,64,112,,,,,,,,,"07-Aug-26 10:49:13","Lowering Pallet","Connection_2"
46241450875.9607,2,0,64,36,,,,,,,,,"07-Aug-26 10:49:16","Wagon to start position","Connection_2"
46241450875.9607,2,1,64,37,,,,,,,,,"07-Aug-26 10:49:16","Wagon waiting for Feeder","Connection_2"
46241450875.9607,2,1,64,74,"13","5","1378","263",,,,,"07-Aug-26 10:49:16","Deployment in Progress - Pallet Nr: 13 Pallet Type: 5 Layer Nr: 1378 Matt Nr: 263","Connection_2"
46241450910.787,2,0,64,37,,,,,,,,,"07-Aug-26 10:49:19","Wagon waiting for Feeder","Connection_2"
46241450910.787,2,0,64,74,"13","5","1378","263",,,,,"07-Aug-26 10:49:19","Deployment in Progress - Pallet Nr: 13 Pallet Type: 5 Layer Nr: 1378 Matt Nr: 263","Connection_2"
46241451293.7963,2,1,64,149,,,,,,,,,"07-Aug-26 10:49:52","Cutting","Connection_2"
46241451317.0486,2,1,64,150,,,,,,,,,"07-Aug-26 10:49:54","Cutting completed","Connection_2"
46241451340.8102,2,0,64,149,,,,,,,,,"07-Aug-26 10:49:56","Cutting","Connection_2"
46241451340.8102,2,0,64,150,,,,,,,,,"07-Aug-26 10:49:56","Cutting completed","Connection_2"
46241451375.1273,2,1,64,37,,,,,,,,,"07-Aug-26 10:49:59","Wagon waiting for Feeder","Connection_2"
46241451375.1273,2,1,64,72,,,,,,,,,"07-Aug-26 10:49:59","Unwinder Material Tension","Connection_2"
46241451398.3565,2,0,64,37,,,,,,,,,"07-Aug-26 10:50:01","Wagon waiting for Feeder","Connection_2"
46241451398.3565,2,0,64,72,,,,,,,,,"07-Aug-26 10:50:01","Unwinder Material Tension","Connection_2"
46241451398.3565,2,1,64,112,,,,,,,,,"07-Aug-26 10:50:01","Lowering Pallet","Connection_2"
46241451411.0417,2,1,64,36,,,,,,,,,"07-Aug-26 10:50:02","Wagon to start position","Connection_2"
46241451445.2894,2,0,64,36,,,,,,,,,"07-Aug-26 10:50:05","Wagon to start position","Connection_2"
46241451445.2894,2,0,64,112,,,,,,,,,"07-Aug-26 10:50:05","Lowering Pallet","Connection_2"
46241451479.5833,2,1,64,37,,,,,,,,,"07-Aug-26 10:50:08","Wagon waiting for Feeder","Connection_2"
46241451479.5833,2,1,64,74,"13","5","1379","262",,,,,"07-Aug-26 10:50:08","Deployment in Progress - Pallet Nr: 13 Pallet Type: 5 Layer Nr: 1379 Matt Nr: 262","Connection_2"
46241451514.4213,2,0,64,37,,,,,,,,,"07-Aug-26 10:50:11","Wagon waiting for Feeder","Connection_2"
46241451537.6157,2,0,64,74,"13","5","1379","262",,,,,"07-Aug-26 10:50:13","Deployment in Progress - Pallet Nr: 13 Pallet Type: 5 Layer Nr: 1379 Matt Nr: 262","Connection_2"
46241451862.7083,2,1,64,149,,,,,,,,,"07-Aug-26 10:50:41","Cutting","Connection_2"
46241451885.9375,2,1,64,150,,,,,,,,,"07-Aug-26 10:50:43","Cutting completed","Connection_2"
46241451909.6181,2,0,64,149,,,,,,,,,"07-Aug-26 10:50:45","Cutting","Connection_2"
46241451909.6181,2,0,64,150,,,,,,,,,"07-Aug-26 10:50:45","Cutting completed","Connection_2"
46241451943.9583,2,1,64,37,,,,,,,,,"07-Aug-26 10:50:48","Wagon waiting for Feeder","Connection_2"
46241451943.9583,2,1,64,72,,,,,,,,,"07-Aug-26 10:50:48","Unwinder Material Tension","Connection_2"
46241451967.1875,2,0,64,37,,,,,,,,,"07-Aug-26 10:50:50","Wagon waiting for Feeder","Connection_2"
46241451967.1875,2,0,64,72,,,,,,,,,"07-Aug-26 10:50:50","Unwinder Material Tension","Connection_2"
46241451967.1875,2,1,64,112,,,,,,,,,"07-Aug-26 10:50:50","Lowering Pallet","Connection_2"
46241451980.0347,2,1,64,36,,,,,,,,,"07-Aug-26 10:50:51","Wagon to start position","Connection_2"
46241452014.2014,2,0,64,36,,,,,,,,,"07-Aug-26 10:50:54","Wagon to start position","Connection_2"
46241452014.2014,2,0,64,112,,,,,,,,,"07-Aug-26 10:50:54","Lowering Pallet","Connection_2"
46241452048.4491,2,1,64,37,,,,,,,,,"07-Aug-26 10:50:57","Wagon waiting for Feeder","Connection_2"
46241452060.0463,2,1,64,74,"13","5","1380","261",,,,,"07-Aug-26 10:50:58","Deployment in Progress - Pallet Nr: 13 Pallet Type: 5 Layer Nr: 1380 Matt Nr: 261","Connection_2"
46241452083.2986,2,0,64,37,,,,,,,,,"07-Aug-26 10:51:00","Wagon waiting for Feeder","Connection_2"
46241452106.5394,2,0,64,74,"13","5","1380","261",,,,,"07-Aug-26 10:51:02","Deployment in Progress - Pallet Nr: 13 Pallet Type: 5 Layer Nr: 1380 Matt Nr: 261","Connection_2"
46241452466.3542,2,1,64,149,,,,,,,,,"07-Aug-26 10:51:33","Cutting","Connection_2"
46241452489.5602,2,1,64,150,,,,,,,,,"07-Aug-26 10:51:35","Cutting completed","Connection_2"
46241452513.4259,2,0,64,149,,,,,,,,,"07-Aug-26 10:51:37","Cutting","Connection_2"
46241452513.4259,2,0,64,150,,,,,,,,,"07-Aug-26 10:51:37","Cutting completed","Connection_2"
46241452547.6273,2,1,64,37,,,,,,,,,"07-Aug-26 10:51:40","Wagon waiting for Feeder","Connection_2"
46241452547.6273,2,1,64,72,,,,,,,,,"07-Aug-26 10:51:40","Unwinder Material Tension","Connection_2"
46241452570.8333,2,1,64,112,,,,,,,,,"07-Aug-26 10:51:42","Lowering Pallet","Connection_2"
46241452583.5532,2,1,64,36,,,,,,,,,"07-Aug-26 10:51:43","Wagon to start position","Connection_2"
46241452583.5532,2,0,64,37,,,,,,,,,"07-Aug-26 10:51:43","Wagon waiting for Feeder","Connection_2"
46241452583.5532,2,0,64,72,,,,,,,,,"07-Aug-26 10:51:43","Unwinder Material Tension","Connection_2"
46241452617.7315,2,0,64,36,,,,,,,,,"07-Aug-26 10:51:46","Wagon to start position","Connection_2"
46241452617.7315,2,0,64,112,,,,,,,,,"07-Aug-26 10:51:46","Lowering Pallet","Connection_2"
46241452652.0949,2,1,64,37,,,,,,,,,"07-Aug-26 10:51:49","Wagon waiting for Feeder","Connection_2"
46241452663.7269,2,1,64,74,"13","5","1381","260",,,,,"07-Aug-26 10:51:50","Deployment in Progress - Pallet Nr: 13 Pallet Type: 5 Layer Nr: 1381 Matt Nr: 260","Connection_2"
46241452686.9676,2,0,64,37,,,,,,,,,"07-Aug-26 10:51:52","Wagon waiting for Feeder","Connection_2"
46241452710.162,2,0,64,74,"13","5","1381","260",,,,,"07-Aug-26 10:51:54","Deployment in Progress - Pallet Nr: 13 Pallet Type: 5 Layer Nr: 1381 Matt Nr: 260","Connection_2"
46241453035.4051,2,1,64,149,,,,,,,,,"07-Aug-26 10:52:22","Cutting","Connection_2"
46241453070.8333,2,1,64,150,,,,,,,,,"07-Aug-26 10:52:25","Cutting completed","Connection_2"
46241453093.9815,2,0,64,149,,,,,,,,,"07-Aug-26 10:52:27","Cutting","Connection_2"
46241453093.9815,2,0,64,150,,,,,,,,,"07-Aug-26 10:52:27","Cutting completed","Connection_2"
46241453116.6551,2,1,64,37,,,,,,,,,"07-Aug-26 10:52:29","Wagon waiting for Feeder","Connection_2"
46241453116.6551,2,1,64,72,,,,,,,,,"07-Aug-26 10:52:29","Unwinder Material Tension","Connection_2"
46241453152.6389,2,1,64,36,,,,,,,,,"07-Aug-26 10:52:32","Wagon to start position","Connection_2"
46241453152.6389,2,0,64,37,,,,,,,,,"07-Aug-26 10:52:32","Wagon waiting for Feeder","Connection_2"
46241453152.6389,2,0,64,72,,,,,,,,,"07-Aug-26 10:52:32","Unwinder Material Tension","Connection_2"
46241453152.6389,2,1,64,112,,,,,,,,,"07-Aug-26 10:52:32","Lowering Pallet","Connection_2"
46241453198.4722,2,0,64,36,,,,,,,,,"07-Aug-26 10:52:36","Wagon to start position","Connection_2"
46241453198.4722,2,0,64,112,,,,,,,,,"07-Aug-26 10:52:36","Lowering Pallet","Connection_2"
46241453232.7083,2,1,64,37,,,,,,,,,"07-Aug-26 10:52:39","Wagon waiting for Feeder","Connection_2"
46241453232.7083,2,1,64,74,"13","5","1382","259",,,,,"07-Aug-26 10:52:39","Deployment in Progress - Pallet Nr: 13 Pallet Type: 5 Layer Nr: 1382 Matt Nr: 259","Connection_2"
46241453255.8912,2,0,64,37,,,,,,,,,"07-Aug-26 10:52:41","Wagon waiting for Feeder","Connection_2"
46241453279.0972,2,0,64,74,"13","5","1382","259",,,,,"07-Aug-26 10:52:43","Deployment in Progress - Pallet Nr: 13 Pallet Type: 5 Layer Nr: 1382 Matt Nr: 259","Connection_2"
46241453639.0162,2,1,64,149,,,,,,,,,"07-Aug-26 10:53:14","Cutting","Connection_2"
46241453673.8773,2,1,64,150,,,,,,,,,"07-Aug-26 10:53:17","Cutting completed","Connection_2"
46241453697.0486,2,0,64,149,,,,,,,,,"07-Aug-26 10:53:19","Cutting","Connection_2"
46241453697.0486,2,0,64,150,,,,,,,,,"07-Aug-26 10:53:19","Cutting completed","Connection_2"
46241453731.875,2,1,64,37,,,,,,,,,"07-Aug-26 10:53:22","Wagon waiting for Feeder","Connection_2"
46241453731.875,2,1,64,72,,,,,,,,,"07-Aug-26 10:53:22","Unwinder Material Tension","Connection_2"
46241453756.2153,2,1,64,36,,,,,,,,,"07-Aug-26 10:53:25","Wagon to start position","Connection_2"
46241453756.2153,2,0,64,37,,,,,,,,,"07-Aug-26 10:53:25","Wagon waiting for Feeder","Connection_2"
46241453756.2153,2,0,64,72,,,,,,,,,"07-Aug-26 10:53:25","Unwinder Material Tension","Connection_2"
46241453756.2153,2,1,64,112,,,,,,,,,"07-Aug-26 10:53:25","Lowering Pallet","Connection_2"
46241453802.1412,2,0,64,36,,,,,,,,,"07-Aug-26 10:53:29","Wagon to start position","Connection_2"
46241453802.1412,2,0,64,112,,,,,,,,,"07-Aug-26 10:53:29","Lowering Pallet","Connection_2"
46241453836.3194,2,1,64,37,,,,,,,,,"07-Aug-26 10:53:31","Wagon waiting for Feeder","Connection_2"
46241453836.3194,2,1,64,74,"13","5","1383","258",,,,,"07-Aug-26 10:53:31","Deployment in Progress - Pallet Nr: 13 Pallet Type: 5 Layer Nr: 1383 Matt Nr: 258","Connection_2"
46241453859.5486,2,0,64,37,,,,,,,,,"07-Aug-26 10:53:33","Wagon waiting for Feeder","Connection_2"
46241453894.375,2,0,64,74,"13","5","1383","258",,,,,"07-Aug-26 10:53:36","Deployment in Progress - Pallet Nr: 13 Pallet Type: 5 Layer Nr: 1383 Matt Nr: 258","Connection_2"
46241454219.5139,2,1,64,149,,,,,,,,,"07-Aug-26 10:54:05","Cutting","Connection_2"
46241454254.3287,2,1,64,150,,,,,,,,,"07-Aug-26 10:54:08","Cutting completed","Connection_2"
46241454277.5579,2,0,64,149,,,,,,,,,"07-Aug-26 10:54:10","Cutting","Connection_2"
46241454277.5579,2,0,64,150,,,,,,,,,"07-Aug-26 10:54:10","Cutting completed","Connection_2"
46241454312.4074,2,1,64,37,,,,,,,,,"07-Aug-26 10:54:13","Wagon waiting for Feeder","Connection_2"
46241454312.4074,2,1,64,72,,,,,,,,,"07-Aug-26 10:54:13","Unwinder Material Tension","Connection_2"
46241454336.7708,2,1,64,36,,,,,,,,,"07-Aug-26 10:54:15","Wagon to start position","Connection_2"
46241454336.7708,2,0,64,37,,,,,,,,,"07-Aug-26 10:54:15","Wagon waiting for Feeder","Connection_2"
46241454336.7708,2,0,64,72,,,,,,,,,"07-Aug-26 10:54:15","Unwinder Material Tension","Connection_2"
46241454336.7708,2,1,64,112,,,,,,,,,"07-Aug-26 10:54:15","Lowering Pallet","Connection_2"
46241454382.6042,2,0,64,36,,,,,,,,,"07-Aug-26 10:54:19","Wagon to start position","Connection_2"
46241454382.6042,2,0,64,112,,,,,,,,,"07-Aug-26 10:54:19","Lowering Pallet","Connection_2"
46241454416.956,2,1,64,37,,,,,,,,,"07-Aug-26 10:54:22","Wagon waiting for Feeder","Connection_2"
46241454416.956,2,1,64,74,"13","5","1384","257",,,,,"07-Aug-26 10:54:22","Deployment in Progress - Pallet Nr: 13 Pallet Type: 5 Layer Nr: 1384 Matt Nr: 257","Connection_2"
46241454440.1389,2,0,64,37,,,,,,,,,"07-Aug-26 10:54:24","Wagon waiting for Feeder","Connection_2"
46241454474.9884,2,0,64,74,"13","5","1384","257",,,,,"07-Aug-26 10:54:27","Deployment in Progress - Pallet Nr: 13 Pallet Type: 5 Layer Nr: 1384 Matt Nr: 257","Connection_2"
46241454834.8958,2,1,64,149,,,,,,,,,"07-Aug-26 10:54:58","Cutting","Connection_2"
46241454869.7569,2,1,64,150,,,,,,,,,"07-Aug-26 10:55:01","Cutting completed","Connection_2"
46241454892.9745,2,0,64,149,,,,,,,,,"07-Aug-26 10:55:03","Cutting","Connection_2"
46241454892.9745,2,0,64,150,,,,,,,,,"07-Aug-26 10:55:03","Cutting completed","Connection_2"
46241454927.7893,2,1,64,37,,,,,,,,,"07-Aug-26 10:55:06","Wagon waiting for Feeder","Connection_2"
46241454927.7893,2,1,64,72,,,,,,,,,"07-Aug-26 10:55:06","Unwinder Material Tension","Connection_2"
46241454952.2917,2,1,64,36,,,,,,,,,"07-Aug-26 10:55:08","Wagon to start position","Connection_2"
46241454952.2917,2,0,64,37,,,,,,,,,"07-Aug-26 10:55:08","Wagon waiting for Feeder","Connection_2"
46241454952.2917,2,0,64,72,,,,,,,,,"07-Aug-26 10:55:08","Unwinder Material Tension","Connection_2"
46241454952.2917,2,1,64,112,,,,,,,,,"07-Aug-26 10:55:08","Lowering Pallet","Connection_2"
46241454997.8588,2,0,64,36,,,,,,,,,"07-Aug-26 10:55:12","Wagon to start position","Connection_2"
46241454997.8588,2,0,64,112,,,,,,,,,"07-Aug-26 10:55:12","Lowering Pallet","Connection_2"
46241455032.3495,2,1,64,37,,,,,,,,,"07-Aug-26 10:55:15","Wagon waiting for Feeder","Connection_2"
46241455032.3495,2,1,64,74,"13","5","1385","256",,,,,"07-Aug-26 10:55:15","Deployment in Progress - Pallet Nr: 13 Pallet Type: 5 Layer Nr: 1385 Matt Nr: 256","Connection_2"
46241455067.1644,2,0,64,37,,,,,,,,,"07-Aug-26 10:55:18","Wagon waiting for Feeder","Connection_2"
46241455090.4051,2,0,64,74,"13","5","1385","256",,,,,"07-Aug-26 10:55:20","Deployment in Progress - Pallet Nr: 13 Pallet Type: 5 Layer Nr: 1385 Matt Nr: 256","Connection_2"
46241455427.1181,2,1,64,149,,,,,,,,,"07-Aug-26 10:55:49","Cutting","Connection_2"
46241455462.4421,2,1,64,150,,,,,,,,,"07-Aug-26 10:55:52","Cutting completed","Connection_2"
46241455485.7755,2,0,64,149,,,,,,,,,"07-Aug-26 10:55:54","Cutting","Connection_2"
46241455485.7755,2,0,64,150,,,,,,,,,"07-Aug-26 10:55:54","Cutting completed","Connection_2"
46241455519.9884,2,1,64,37,,,,,,,,,"07-Aug-26 10:55:57","Wagon waiting for Feeder","Connection_2"
46241455519.9884,2,1,64,72,,,,,,,,,"07-Aug-26 10:55:57","Unwinder Material Tension","Connection_2"
46241455544.3403,2,1,64,36,,,,,,,,,"07-Aug-26 10:55:59","Wagon to start position","Connection_2"
46241455544.3403,2,0,64,37,,,,,,,,,"07-Aug-26 10:55:59","Wagon waiting for Feeder","Connection_2"
46241455544.3403,2,0,64,72,,,,,,,,,"07-Aug-26 10:55:59","Unwinder Material Tension","Connection_2"
46241455544.3403,2,1,64,112,,,,,,,,,"07-Aug-26 10:55:59","Lowering Pallet","Connection_2"
46241455590.1736,2,0,64,36,,,,,,,,,"07-Aug-26 10:56:03","Wagon to start position","Connection_2"
46241455590.1736,2,0,64,112,,,,,,,,,"07-Aug-26 10:56:03","Lowering Pallet","Connection_2"
46241455624.5255,2,1,64,37,,,,,,,,,"07-Aug-26 10:56:06","Wagon waiting for Feeder","Connection_2"
46241455624.5255,2,1,64,74,"13","5","1386","255",,,,,"07-Aug-26 10:56:06","Deployment in Progress - Pallet Nr: 13 Pallet Type: 5 Layer Nr: 1386 Matt Nr: 255","Connection_2"
46241455647.7546,2,0,64,37,,,,,,,,,"07-Aug-26 10:56:08","Wagon waiting for Feeder","Connection_2"
46241455682.5694,2,0,64,74,"13","5","1386","255",,,,,"07-Aug-26 10:56:11","Deployment in Progress - Pallet Nr: 13 Pallet Type: 5 Layer Nr: 1386 Matt Nr: 255","Connection_2"
46241456042.4884,2,1,64,149,,,,,,,,,"07-Aug-26 10:56:42","Cutting","Connection_2"
46241456077.3264,2,1,64,150,,,,,,,,,"07-Aug-26 10:56:45","Cutting completed","Connection_2"
46241456100.5208,2,0,64,149,,,,,,,,,"07-Aug-26 10:56:47","Cutting","Connection_2"
46241456100.5208,2,0,64,150,,,,,,,,,"07-Aug-26 10:56:47","Cutting completed","Connection_2"
46241456135.3356,2,1,64,37,,,,,,,,,"07-Aug-26 10:56:50","Wagon waiting for Feeder","Connection_2"
46241456135.3356,2,1,64,72,,,,,,,,,"07-Aug-26 10:56:50","Unwinder Material Tension","Connection_2"
46241456159.7222,2,1,64,36,,,,,,,,,"07-Aug-26 10:56:52","Wagon to start position","Connection_2"
46241456159.7222,2,0,64,37,,,,,,,,,"07-Aug-26 10:56:52","Wagon waiting for Feeder","Connection_2"
46241456159.7222,2,0,64,72,,,,,,,,,"07-Aug-26 10:56:52","Unwinder Material Tension","Connection_2"
46241456159.7222,2,1,64,112,,,,,,,,,"07-Aug-26 10:56:52","Lowering Pallet","Connection_2"
46241456205.6481,2,0,64,36,,,,,,,,,"07-Aug-26 10:56:56","Wagon to start position","Connection_2"
46241456205.6481,2,0,64,112,,,,,,,,,"07-Aug-26 10:56:56","Lowering Pallet","Connection_2"
46241456239.8727,2,1,64,37,,,,,,,,,"07-Aug-26 10:56:59","Wagon waiting for Feeder","Connection_2"
46241456239.8727,2,1,64,74,"13","5","1387","254",,,,,"07-Aug-26 10:56:59","Deployment in Progress - Pallet Nr: 13 Pallet Type: 5 Layer Nr: 1387 Matt Nr: 254","Connection_2"
46241456263.1019,2,0,64,37,,,,,,,,,"07-Aug-26 10:57:01","Wagon waiting for Feeder","Connection_2"
46241456297.9398,2,0,64,74,"13","5","1387","254",,,,,"07-Aug-26 10:57:04","Deployment in Progress - Pallet Nr: 13 Pallet Type: 5 Layer Nr: 1387 Matt Nr: 254","Connection_2"
46241456634.6412,2,1,64,149,,,,,,,,,"07-Aug-26 10:57:33","Cutting","Connection_2"
46241456669.456,2,1,64,150,,,,,,,,,"07-Aug-26 10:57:36","Cutting completed","Connection_2"
46241456692.6505,2,0,64,149,,,,,,,,,"07-Aug-26 10:57:38","Cutting","Connection_2"
46241456692.6505,2,0,64,150,,,,,,,,,"07-Aug-26 10:57:38","Cutting completed","Connection_2"
46241456938.5995,2,1,65,1143,,,,,,,,,"07-Aug-26 10:57:59","Unwinder 4 Unload","Connection_1"
46241456948.1018,2,1,64,128,,,,,,,,,"07-Aug-26 10:58:00","Unloading ended","Connection_2"
46241456971.331,2,0,64,128,,,,,,,,,"07-Aug-26 10:58:02","Unloading ended","Connection_2"
46241457273.2523,2,1,64,129,,,,,,,,,"07-Aug-26 10:58:28","Unloading started","Connection_2"
46241457296.4699,2,0,64,129,,,,,,,,,"07-Aug-26 10:58:30","Unloading started","Connection_2"
46241457476.3079,2,1,65,1112,,,,,,,,,"07-Aug-26 10:58:46","Unwinder 1 Load","Connection_1"
46241457483.5301,2,1,64,126,,,,,,,,,"07-Aug-26 10:58:47","Loading starting","Connection_2"
46241457483.5301,2,1,64,131,,,,,,,,,"07-Aug-26 10:58:47","Feeder prepering for load of material","Connection_2"
46241457528.7384,2,0,64,126,,,,,,,,,"07-Aug-26 10:58:50","Loading starting","Connection_2"
46241457528.7384,2,0,64,131,,,,,,,,,"07-Aug-26 10:58:50","Feeder prepering for load of material","Connection_2"
46241457786.4699,2,1,65,1110,,,,,,,,,"07-Aug-26 10:59:13","Unwinder 1 Forward","Connection_1"
46241457816.331,2,1,65,1002,,,,,,,,,"07-Aug-26 10:59:15","Acknowledge material present","Connection_1"
46241457854.4676,2,1,64,130,,,,,,,,,"07-Aug-26 10:59:19","Buffer go to position","Connection_2"
46241457889.2014,2,0,64,130,,,,,,,,,"07-Aug-26 10:59:22","Buffer go to position","Connection_2"
46241458260.3588,2,1,64,149,,,,,,,,,"07-Aug-26 10:59:54","Cutting","Connection_2"
46241458283.5417,2,1,64,150,,,,,,,,,"07-Aug-26 10:59:56","Cutting completed","Connection_2"
46241458295.7292,2,1,64,127,,,,,,,,,"07-Aug-26 10:59:57","Loading ended","Connection_2"
46241458307.3843,2,0,64,149,,,,,,,,,"07-Aug-26 10:59:58","Cutting","Connection_2"
46241458307.3843,2,0,64,150,,,,,,,,,"07-Aug-26 10:59:58","Cutting completed","Connection_2"
46241458329.9653,2,0,64,127,,,,,,,,,"07-Aug-26 11:00:00","Loading ended","Connection_2"
46241458395.2662,2,0,65,1003,"1388",,,,,,,,"07-Aug-26 11:00:05","Start Layer - Nr: 1388","Connection_1"
46241458411.2037,2,1,64,37,,,,,,,,,"07-Aug-26 11:00:07","Wagon waiting for Feeder","Connection_2"
46241458411.2037,2,1,64,72,,,,,,,,,"07-Aug-26 11:00:07","Unwinder Material Tension","Connection_2"
46241458435.6829,2,1,64,36,,,,,,,,,"07-Aug-26 11:00:09","Wagon to start position","Connection_2"
46241458435.6829,2,0,64,37,,,,,,,,,"07-Aug-26 11:00:09","Wagon waiting for Feeder","Connection_2"
46241458435.6829,2,0,64,72,,,,,,,,,"07-Aug-26 11:00:09","Unwinder Material Tension","Connection_2"
46241458435.6829,2,1,64,112,,,,,,,,,"07-Aug-26 11:00:09","Lowering Pallet","Connection_2"
46241458435.6829,2,1,64,132,,,,,,,,,"07-Aug-26 11:00:09","Feeder material to start position","Connection_2"
46241458446.6088,2,1,64,37,,,,,,,,,"07-Aug-26 11:00:10","Wagon waiting for Feeder","Connection_2"
46241458469.7569,2,0,64,112,,,,,,,,,"07-Aug-26 11:00:12","Lowering Pallet","Connection_2"
46241458469.7569,2,0,64,132,,,,,,,,,"07-Aug-26 11:00:12","Feeder material to start position","Connection_2"
46241458492.4306,2,0,64,36,,,,,,,,,"07-Aug-26 11:00:14","Wagon to start position","Connection_2"
46241458492.4306,2,0,64,37,,,,,,,,,"07-Aug-26 11:00:14","Wagon waiting for Feeder","Connection_2"
46241458492.4306,2,1,64,74,"13","5","1388","253-0",,,,,"07-Aug-26 11:00:14","Deployment in Progress - Pallet Nr: 13 Pallet Type: 5 Layer Nr: 1388 Matt Nr: 253-0","Connection_2"
46241458527.2685,2,0,64,74,"13","5","1388","253-0",,,,,"07-Aug-26 11:00:17","Deployment in Progress - Pallet Nr: 13 Pallet Type: 5 Layer Nr: 1388 Matt Nr: 253-0","Connection_2"
46241458910.4398,2,1,64,149,,,,,,,,,"07-Aug-26 11:00:50","Cutting","Connection_2"
46241458945.8681,2,1,64,150,,,,,,,,,"07-Aug-26 11:00:53","Cutting completed","Connection_2"
46241458968.9699,2,0,64,149,,,,,,,,,"07-Aug-26 11:00:55","Cutting","Connection_2"
46241458968.9699,2,0,64,150,,,,,,,,,"07-Aug-26 11:00:55","Cutting completed","Connection_2"
46241459003.287,2,1,64,37,,,,,,,,,"07-Aug-26 11:00:58","Wagon waiting for Feeder","Connection_2"
46241459003.287,2,1,64,72,,,,,,,,,"07-Aug-26 11:00:58","Unwinder Material Tension","Connection_2"
46241459027.581,2,1,64,36,,,,,,,,,"07-Aug-26 11:01:00","Wagon to start position","Connection_2"
46241459027.581,2,0,64,37,,,,,,,,,"07-Aug-26 11:01:00","Wagon waiting for Feeder","Connection_2"
46241459027.581,2,0,64,72,,,,,,,,,"07-Aug-26 11:01:00","Unwinder Material Tension","Connection_2"
46241459027.581,2,1,64,112,,,,,,,,,"07-Aug-26 11:01:00","Lowering Pallet","Connection_2"
46241459027.581,2,1,64,132,,,,,,,,,"07-Aug-26 11:01:00","Feeder material to start position","Connection_2"
46241459062.581,2,0,64,112,,,,,,,,,"07-Aug-26 11:01:03","Lowering Pallet","Connection_2"
46241459073.5069,2,0,64,132,,,,,,,,,"07-Aug-26 11:01:04","Feeder material to start position","Connection_2"
46241459107.7431,2,0,64,36,,,,,,,,,"07-Aug-26 11:01:07","Wagon to start position","Connection_2"
46241459107.7431,2,1,64,37,,,,,,,,,"07-Aug-26 11:01:07","Wagon waiting for Feeder","Connection_2"
46241459107.7431,2,1,64,74,"13","5","1389","251-252",,,,,"07-Aug-26 11:01:07","Deployment in Progress - Pallet Nr: 13 Pallet Type: 5 Layer Nr: 1389 Matt Nr: 251-252","Connection_2"
46241459130.9606,2,0,64,37,,,,,,,,,"07-Aug-26 11:01:09","Wagon waiting for Feeder","Connection_2"
46241459130.9606,2,0,64,74,"13","5","1389","251-252",,,,,"07-Aug-26 11:01:09","Deployment in Progress - Pallet Nr: 13 Pallet Type: 5 Layer Nr: 1389 Matt Nr: 251-252","Connection_2"
46241459525.7292,2,1,64,149,,,,,,,,,"07-Aug-26 11:01:43","Cutting","Connection_2"
46241459561.1111,2,1,64,150,,,,,,,,,"07-Aug-26 11:01:46","Cutting completed","Connection_2"
46241459584.3519,2,0,64,149,,,,,,,,,"07-Aug-26 11:01:48","Cutting","Connection_2"
46241459584.3519,2,0,64,150,,,,,,,,,"07-Aug-26 11:01:48","Cutting completed","Connection_2"
46241459723.1713,2,1,64,37,,,,,,,,,"07-Aug-26 11:02:00","Wagon waiting for Feeder","Connection_2"
46241459723.1713,2,1,64,72,,,,,,,,,"07-Aug-26 11:02:00","Unwinder Material Tension","Connection_2"
46241459747.5463,2,1,64,36,,,,,,,,,"07-Aug-26 11:02:02","Wagon to start position","Connection_2"
46241459747.5463,2,0,64,37,,,,,,,,,"07-Aug-26 11:02:02","Wagon waiting for Feeder","Connection_2"
46241459747.5463,2,0,64,72,,,,,,,,,"07-Aug-26 11:02:02","Unwinder Material Tension","Connection_2"
46241459747.5463,2,1,64,112,,,,,,,,,"07-Aug-26 11:02:02","Lowering Pallet","Connection_2"
46241459747.5463,2,1,64,132,,,,,,,,,"07-Aug-26 11:02:02","Feeder material to start position","Connection_2"
46241459793.4722,2,0,64,36,,,,,,,,,"07-Aug-26 11:02:06","Wagon to start position","Connection_2"
46241459793.4722,2,0,64,112,,,,,,,,,"07-Aug-26 11:02:06","Lowering Pallet","Connection_2"
46241459793.4722,2,0,64,132,,,,,,,,,"07-Aug-26 11:02:06","Feeder material to start position","Connection_2"
46241459827.7431,2,1,64,37,,,,,,,,,"07-Aug-26 11:02:09","Wagon waiting for Feeder","Connection_2"
46241459827.7431,2,1,64,74,"13","5","1390","249-250",,,,,"07-Aug-26 11:02:09","Deployment in Progress - Pallet Nr: 13 Pallet Type: 5 Layer Nr: 1390 Matt Nr: 249-250","Connection_2"
46241459850.9375,2,0,64,37,,,,,,,,,"07-Aug-26 11:02:11","Wagon waiting for Feeder","Connection_2"
46241459850.9375,2,0,64,74,"13","5","1390","249-250",,,,,"07-Aug-26 11:02:11","Deployment in Progress - Pallet Nr: 13 Pallet Type: 5 Layer Nr: 1390 Matt Nr: 249-250","Connection_2"
46241460245.7407,2,1,64,149,,,,,,,,,"07-Aug-26 11:02:45","Cutting","Connection_2"
46241460280.5903,2,1,64,150,,,,,,,,,"07-Aug-26 11:02:48","Cutting completed","Connection_2"
46241460303.7847,2,0,64,149,,,,,,,,,"07-Aug-26 11:02:50","Cutting","Connection_2"
46241460303.7847,2,0,64,150,,,,,,,,,"07-Aug-26 11:02:50","Cutting completed","Connection_2"
46241460338.6227,2,1,64,37,,,,,,,,,"07-Aug-26 11:02:53","Wagon waiting for Feeder","Connection_2"
46241460338.6227,2,1,64,72,,,,,,,,,"07-Aug-26 11:02:53","Unwinder Material Tension","Connection_2"
46241460362.3611,2,1,64,36,,,,,,,,,"07-Aug-26 11:02:55","Wagon to start position","Connection_2"
46241460362.3611,2,0,64,37,,,,,,,,,"07-Aug-26 11:02:55","Wagon waiting for Feeder","Connection_2"
46241460362.3611,2,0,64,72,,,,,,,,,"07-Aug-26 11:02:55","Unwinder Material Tension","Connection_2"
46241460362.3611,2,1,64,112,,,,,,,,,"07-Aug-26 11:02:55","Lowering Pallet","Connection_2"
46241460374.7801,2,1,64,132,,,,,,,,,"07-Aug-26 11:02:56","Feeder material to start position","Connection_2"
46241460397.7431,2,0,64,112,,,,,,,,,"07-Aug-26 11:02:58","Lowering Pallet","Connection_2"
46241460408.9468,2,0,64,132,,,,,,,,,"07-Aug-26 11:02:59","Feeder material to start position","Connection_2"
46241460443.1713,2,0,64,36,,,,,,,,,"07-Aug-26 11:03:02","Wagon to start position","Connection_2"
46241460443.1713,2,1,64,37,,,,,,,,,"07-Aug-26 11:03:02","Wagon waiting for Feeder","Connection_2"
46241460443.1713,2,1,64,74,"13","5","1391","247-248",,,,,"07-Aug-26 11:03:02","Deployment in Progress - Pallet Nr: 13 Pallet Type: 5 Layer Nr: 1391 Matt Nr: 247-248","Connection_2"
46241460466.412,2,0,64,37,,,,,,,,,"07-Aug-26 11:03:04","Wagon waiting for Feeder","Connection_2"
46241460466.412,2,0,64,74,"13","5","1391","247-248",,,,,"07-Aug-26 11:03:04","Deployment in Progress - Pallet Nr: 13 Pallet Type: 5 Layer Nr: 1391 Matt Nr: 247-248","Connection_2"
46241460861.2963,2,1,64,149,,,,,,,,,"07-Aug-26 11:03:38","Cutting","Connection_2"
46241460896.1458,2,1,64,150,,,,,,,,,"07-Aug-26 11:03:41","Cutting completed","Connection_2"
46241460919.838,2,0,64,149,,,,,,,,,"07-Aug-26 11:03:43","Cutting","Connection_2"
46241460919.838,2,0,64,150,,,,,,,,,"07-Aug-26 11:03:43","Cutting completed","Connection_2"
46241461058.7384,2,1,64,37,,,,,,,,,"07-Aug-26 11:03:55","Wagon waiting for Feeder","Connection_2"
46241461058.7384,2,1,64,72,,,,,,,,,"07-Aug-26 11:03:55","Unwinder Material Tension","Connection_2"
46241461081.9097,2,0,64,37,,,,,,,,,"07-Aug-26 11:03:57","Wagon waiting for Feeder","Connection_2"
46241461081.9097,2,0,64,72,,,,,,,,,"07-Aug-26 11:03:57","Unwinder Material Tension","Connection_2"
46241461081.9097,2,1,64,112,,,,,,,,,"07-Aug-26 11:03:57","Lowering Pallet","Connection_2"
46241461094.6065,2,1,64,36,,,,,,,,,"07-Aug-26 11:03:59","Wagon to start position","Connection_2"
46241461094.6065,2,1,64,132,,,,,,,,,"07-Aug-26 11:03:59","Feeder material to start position","Connection_2"
46241461129.4213,2,0,64,112,,,,,,,,,"07-Aug-26 11:04:02","Lowering Pallet","Connection_2"
46241461140.5324,2,0,64,132,,,,,,,,,"07-Aug-26 11:04:03","Feeder material to start position","Connection_2"
46241461163.206,2,0,64,36,,,,,,,,,"07-Aug-26 11:04:05","Wagon to start position","Connection_2"
46241461163.206,2,1,64,37,,,,,,,,,"07-Aug-26 11:04:05","Wagon waiting for Feeder","Connection_2"
46241461163.206,2,1,64,74,"13","5","1392","245-246",,,,,"07-Aug-26 11:04:05","Deployment in Progress - Pallet Nr: 13 Pallet Type: 5 Layer Nr: 1392 Matt Nr: 245-246","Connection_2"
46241461198.0787,2,0,64,37,,,,,,,,,"07-Aug-26 11:04:08","Wagon waiting for Feeder","Connection_2"
46241461198.0787,2,0,64,74,"13","5","1392","245-246",,,,,"07-Aug-26 11:04:08","Deployment in Progress - Pallet Nr: 13 Pallet Type: 5 Layer Nr: 1392 Matt Nr: 245-246","Connection_2"
46241461592.9977,2,1,64,149,,,,,,,,,"07-Aug-26 11:04:42","Cutting","Connection_2"
46241461616.2384,2,1,64,150,,,,,,,,,"07-Aug-26 11:04:44","Cutting completed","Connection_2"
46241461651.6088,2,0,64,149,,,,,,,,,"07-Aug-26 11:04:47","Cutting","Connection_2"
46241461651.6088,2,0,64,150,,,,,,,,,"07-Aug-26 11:04:47","Cutting completed","Connection_2"
46241461674.2245,2,1,64,37,,,,,,,,,"07-Aug-26 11:04:49","Wagon waiting for Feeder","Connection_2"
46241461674.2245,2,1,64,72,,,,,,,,,"07-Aug-26 11:04:49","Unwinder Material Tension","Connection_2"
46241461710.162,2,1,64,36,,,,,,,,,"07-Aug-26 11:04:52","Wagon to start position","Connection_2"
46241461710.162,2,0,64,37,,,,,,,,,"07-Aug-26 11:04:52","Wagon waiting for Feeder","Connection_2"
46241461710.162,2,0,64,72,,,,,,,,,"07-Aug-26 11:04:52","Unwinder Material Tension","Connection_2"
46241461710.162,2,1,64,112,,,,,,,,,"07-Aug-26 11:04:52","Lowering Pallet","Connection_2"
46241461710.162,2,1,64,132,,,,,,,,,"07-Aug-26 11:04:52","Feeder material to start position","Connection_2"
46241461744.9884,2,0,64,112,,,,,,,,,"07-Aug-26 11:04:55","Lowering Pallet","Connection_2"
46241461756.0995,2,0,64,132,,,,,,,,,"07-Aug-26 11:04:56","Feeder material to start position","Connection_2"
46241461790.2778,2,0,64,36,,,,,,,,,"07-Aug-26 11:04:59","Wagon to start position","Connection_2"
46241461790.2778,2,1,64,37,,,,,,,,,"07-Aug-26 11:04:59","Wagon waiting for Feeder","Connection_2"
46241461790.2778,2,1,64,74,"13","5","1393","243-244",,,,,"07-Aug-26 11:04:59","Deployment in Progress - Pallet Nr: 13 Pallet Type: 5 Layer Nr: 1393 Matt Nr: 243-244","Connection_2"
46241461813.5185,2,0,64,37,,,,,,,,,"07-Aug-26 11:05:01","Wagon waiting for Feeder","Connection_2"
46241461813.5185,2,0,64,74,"13","5","1393","243-244",,,,,"07-Aug-26 11:05:01","Deployment in Progress - Pallet Nr: 13 Pallet Type: 5 Layer Nr: 1393 Matt Nr: 243-244","Connection_2"
46241462208.3102,2,1,64,149,,,,,,,,,"07-Aug-26 11:05:35","Cutting","Connection_2"
46241462243.1713,2,1,64,150,,,,,,,,,"07-Aug-26 11:05:38","Cutting completed","Connection_2"
46241462266.4236,2,0,64,149,,,,,,,,,"07-Aug-26 11:05:40","Cutting","Connection_2"
46241462266.4236,2,0,64,150,,,,,,,,,"07-Aug-26 11:05:40","Cutting completed","Connection_2"
46241462301.25,2,1,64,37,,,,,,,,,"07-Aug-26 11:05:43","Wagon waiting for Feeder","Connection_2"
46241462301.25,2,1,64,72,,,,,,,,,"07-Aug-26 11:05:43","Unwinder Material Tension","Connection_2"
46241462324.9537,2,1,64,36,,,,,,,,,"07-Aug-26 11:05:45","Wagon to start position","Connection_2"
46241462324.9537,2,0,64,37,,,,,,,,,"07-Aug-26 11:05:45","Wagon waiting for Feeder","Connection_2"
46241462324.9537,2,0,64,72,,,,,,,,,"07-Aug-26 11:05:45","Unwinder Material Tension","Connection_2"
46241462324.9537,2,1,64,112,,,,,,,,,"07-Aug-26 11:05:45","Lowering Pallet","Connection_2"
46241462337.2569,2,1,64,132,,,,,,,,,"07-Aug-26 11:05:46","Feeder material to start position","Connection_2"
46241462371.4352,2,0,64,112,,,,,,,,,"07-Aug-26 11:05:49","Lowering Pallet","Connection_2"
46241462371.4352,2,0,64,132,,,,,,,,,"07-Aug-26 11:05:49","Feeder material to start position","Connection_2"
46241462405.6944,2,0,64,36,,,,,,,,,"07-Aug-26 11:05:52","Wagon to start position","Connection_2"
46241462405.6944,2,1,64,37,,,,,,,,,"07-Aug-26 11:05:52","Wagon waiting for Feeder","Connection_2"
46241462405.6944,2,1,64,74,"13","5","1394","241-242",,,,,"07-Aug-26 11:05:52","Deployment in Progress - Pallet Nr: 13 Pallet Type: 5 Layer Nr: 1394 Matt Nr: 241-242","Connection_2"
46241462440.544,2,0,64,37,,,,,,,,,"07-Aug-26 11:05:55","Wagon waiting for Feeder","Connection_2"
46241462440.544,2,0,64,74,"13","5","1394","241-242",,,,,"07-Aug-26 11:05:55","Deployment in Progress - Pallet Nr: 13 Pallet Type: 5 Layer Nr: 1394 Matt Nr: 241-242","Connection_2"
46241463195.3356,2,1,64,149,,,,,,,,,"07-Aug-26 11:07:00","Cutting","Connection_2"
46241463218.5764,2,1,64,150,,,,,,,,,"07-Aug-26 11:07:02","Cutting completed","Connection_2"
46241463242.4074,2,0,64,149,,,,,,,,,"07-Aug-26 11:07:04","Cutting","Connection_2"
46241463242.4074,2,0,64,150,,,,,,,,,"07-Aug-26 11:07:04","Cutting completed","Connection_2"
46241463283.9931,2,1,65,1114,,,,,,,,,"07-Aug-26 11:07:08","Unwinder 1 Run dry","Connection_1"
46241463352.0949,2,1,65,1113,,,,,,,,,"07-Aug-26 11:07:14","Unwinder 1 Unload","Connection_1"
46241463357.8356,2,1,64,128,,,,,,,,,"07-Aug-26 11:07:14","Unloading ended","Connection_2"
46241463392.662,2,0,64,128,,,,,,,,,"07-Aug-26 11:07:17","Unloading ended","Connection_2"
46241463682.9514,2,1,64,129,,,,,,,,,"07-Aug-26 11:07:42","Unloading started","Connection_2"
46241463706.1806,2,0,64,129,,,,,,,,,"07-Aug-26 11:07:44","Unloading started","Connection_2"
46241463893.0093,2,0,65,1111,,,,,,,,,"07-Aug-26 11:08:00","Unwinder 1 Backward","Connection_1"
46241463931.9792,2,1,65,1152,,,,,,,,,"07-Aug-26 11:08:04","Unwinder 5 Load","Connection_1"
46241463936.4468,2,0,65,1132,,,,,,,,,"07-Aug-26 11:08:04","Unwinder 3 Load","Connection_1"
46241463939.0509,2,1,64,126,,,,,,,,,"07-Aug-26 11:08:04","Loading starting","Connection_2"
46241463951.088,2,1,64,131,,,,,,,,,"07-Aug-26 11:08:05","Feeder prepering for load of material","Connection_2"
46241463985.3472,2,0,64,126,,,,,,,,,"07-Aug-26 11:08:08","Loading starting","Connection_2"
46241463985.3472,2,0,64,131,,,,,,,,,"07-Aug-26 11:08:08","Feeder prepering for load of material","Connection_2"
46241464119.1898,2,1,65,1007,,,,,,,,,"07-Aug-26 11:08:20","Stop","Connection_1"
46241464524.6296,2,0,65,1006,,,,,,,,,"07-Aug-26 11:08:55","Start","Connection_1"
46241464551.4583,2,0,65,1153,,,,,,,,,"07-Aug-26 11:08:57","Unwinder 5 Unload","Connection_1"
46241464565.5093,2,1,64,127,,,,,,,,,"07-Aug-26 11:08:58","Loading ended","Connection_2"
46241464588.7384,2,0,64,127,,,,,,,,,"07-Aug-26 11:09:00","Loading ended","Connection_2"
46241464621.25,2,1,65,1151,,,,,,,,,"07-Aug-26 11:09:03","Unwinder 5 Backward","Connection_1"
46241464659.1088,2,0,65,1150,,,,,,,,,"07-Aug-26 11:09:07","Unwinder 5 Forward","Connection_1"
46241464670.6944,2,1,65,1150,,,,,,,,,"07-Aug-26 11:09:08","Unwinder 5 Forward","Connection_1"
46241464702.5347,2,0,65,1150,,,,,,,,,"07-Aug-26 11:09:10","Unwinder 5 Forward","Connection_1"
46241464826.3542,2,0,65,1151,,,,,,,,,"07-Aug-26 11:09:21","Unwinder 5 Backward","Connection_1"
46241464853.7963,2,1,65,1150,,,,,,,,,"07-Aug-26 11:09:23","Unwinder 5 Forward","Connection_1"
46241464898.2292,2,0,65,1150,,,,,,,,,"07-Aug-26 11:09:27","Unwinder 5 Forward","Connection_1"
46241464923.5417,2,0,65,1152,,,,,,,,,"07-Aug-26 11:09:29","Unwinder 5 Load","Connection_1"
46241464937.2222,2,1,64,126,,,,,,,,,"07-Aug-26 11:09:31","Loading starting","Connection_2"
46241464937.2222,2,1,64,131,,,,,,,,,"07-Aug-26 11:09:31","Feeder prepering for load of material","Connection_2"
46241464960.4167,2,0,64,126,,,,,,,,,"07-Aug-26 11:09:33","Loading starting","Connection_2"
46241464960.4167,2,0,64,131,,,,,,,,,"07-Aug-26 11:09:33","Feeder prepering for load of material","Connection_2"
46241465042.2454,2,1,64,130,,,,,,,,,"07-Aug-26 11:09:40","Buffer go to position","Connection_2"
46241465077.1528,2,0,64,130,,,,,,,,,"07-Aug-26 11:09:43","Buffer go to position","Connection_2"
46241465209.8032,2,1,65,1132,,,,,,,,,"07-Aug-26 11:09:54","Unwinder 3 Load","Connection_1"
46241465252.8009,2,0,65,1002,,,,,,,,,"07-Aug-26 11:09:58","Acknowledge material present","Connection_1"
46241465506.2153,2,1,64,149,,,,,,,,,"07-Aug-26 11:10:20","Cutting","Connection_2"
46241465541.0532,2,1,64,150,,,,,,,,,"07-Aug-26 11:10:23","Cutting completed","Connection_2"
46241465554.7222,2,1,64,126,,,,,,,,,"07-Aug-26 11:10:24","Loading starting","Connection_2"
46241465554.7222,2,1,64,127,,,,,,,,,"07-Aug-26 11:10:24","Loading ended","Connection_2"
46241465565.4514,2,0,64,149,,,,,,,,,"07-Aug-26 11:10:25","Cutting","Connection_2"
46241465565.4514,2,0,64,150,,,,,,,,,"07-Aug-26 11:10:25","Cutting completed","Connection_2"
46241465588.5995,2,0,64,127,,,,,,,,,"07-Aug-26 11:10:27","Loading ended","Connection_2"
46241465622.338,2,0,64,126,,,,,,,,,"07-Aug-26 11:10:30","Loading starting","Connection_2"
46241466121.7708,2,1,64,149,,,,,,,,,"07-Aug-26 11:11:13","Cutting","Connection_2"
46241466156.5972,2,1,64,150,,,,,,,,,"07-Aug-26 11:11:16","Cutting completed","Connection_2"
46241466168.7963,2,1,64,127,,,,,,,,,"07-Aug-26 11:11:17","Loading ended","Connection_2"
46241466180.463,2,0,64,149,,,,,,,,,"07-Aug-26 11:11:18","Cutting","Connection_2"
46241466180.463,2,0,64,150,,,,,,,,,"07-Aug-26 11:11:18","Cutting completed","Connection_2"
46241466191.4468,2,0,64,127,,,,,,,,,"07-Aug-26 11:11:19","Loading ended","Connection_2"
46241466242.2917,2,1,65,1003,"1395",,,,,,,,"07-Aug-26 11:11:23","Start Layer - Nr: 1395","Connection_1"
46241466261.169,2,1,64,37,,,,,,,,,"07-Aug-26 11:11:25","Wagon waiting for Feeder","Connection_2"
46241466261.169,2,1,64,72,,,,,,,,,"07-Aug-26 11:11:25","Unwinder Material Tension","Connection_2"
46241466285.6018,2,1,64,36,,,,,,,,,"07-Aug-26 11:11:27","Wagon to start position","Connection_2"
46241466285.6018,2,0,64,37,,,,,,,,,"07-Aug-26 11:11:27","Wagon waiting for Feeder","Connection_2"
46241466285.6018,2,0,64,72,,,,,,,,,"07-Aug-26 11:11:27","Unwinder Material Tension","Connection_2"
46241466285.6018,2,1,64,112,,,,,,,,,"07-Aug-26 11:11:27","Lowering Pallet","Connection_2"
46241466296.4352,2,1,64,37,,,,,,,,,"07-Aug-26 11:11:28","Wagon waiting for Feeder","Connection_2"
46241466319.7685,2,0,64,36,,,,,,,,,"07-Aug-26 11:11:30","Wagon to start position","Connection_2"
46241466319.7685,2,0,64,112,,,,,,,,,"07-Aug-26 11:11:30","Lowering Pallet","Connection_2"
46241466342.4306,2,1,64,74,"13","5","1395","358",,,,,"07-Aug-26 11:11:32","Deployment in Progress - Pallet Nr: 13 Pallet Type: 5 Layer Nr: 1395 Matt Nr: 358","Connection_2"
46241466354.0394,2,0,64,37,,,,,,,,,"07-Aug-26 11:11:33","Wagon waiting for Feeder","Connection_2"
46241466377.2801,2,0,64,74,"13","5","1395","358",,,,,"07-Aug-26 11:11:35","Deployment in Progress - Pallet Nr: 13 Pallet Type: 5 Layer Nr: 1395 Matt Nr: 358","Connection_2"
46241466679.1551,2,1,64,149,,,,,,,,,"07-Aug-26 11:12:01","Cutting","Connection_2"
46241466714.4907,2,1,64,150,,,,,,,,,"07-Aug-26 11:12:04","Cutting completed","Connection_2"
46241466737.6968,2,0,64,149,,,,,,,,,"07-Aug-26 11:12:06","Cutting","Connection_2"
46241466737.6968,2,0,64,150,,,,,,,,,"07-Aug-26 11:12:06","Cutting completed","Connection_2"
46241466760.4167,2,1,64,37,,,,,,,,,"07-Aug-26 11:12:08","Wagon waiting for Feeder","Connection_2"
46241466760.4167,2,1,64,72,,,,,,,,,"07-Aug-26 11:12:08","Unwinder Material Tension","Connection_2"
46241466784.7685,2,1,64,36,,,,,,,,,"07-Aug-26 11:12:10","Wagon to start position","Connection_2"
46241466808.1134,2,0,64,37,,,,,,,,,"07-Aug-26 11:12:12","Wagon waiting for Feeder","Connection_2"
46241466808.1134,2,0,64,72,,,,,,,,,"07-Aug-26 11:12:12","Unwinder Material Tension","Connection_2"
46241466853.9468,2,0,64,36,,,,,,,,,"07-Aug-26 11:12:16","Wagon to start position","Connection_2"
46241466876.5394,2,1,64,37,,,,,,,,,"07-Aug-26 11:12:18","Wagon waiting for Feeder","Connection_2"
46241466876.5394,2,1,64,74,"13","5","1396","357",,,,,"07-Aug-26 11:12:18","Deployment in Progress - Pallet Nr: 13 Pallet Type: 5 Layer Nr: 1396 Matt Nr: 357","Connection_2"
46241466899.7801,2,0,64,37,,,,,,,,,"07-Aug-26 11:12:20","Wagon waiting for Feeder","Connection_2"
46241466899.7801,2,0,64,74,"13","5","1396","357",,,,,"07-Aug-26 11:12:20","Deployment in Progress - Pallet Nr: 13 Pallet Type: 5 Layer Nr: 1396 Matt Nr: 357","Connection_2"
46241467213.3912,2,1,64,149,,,,,,,,,"07-Aug-26 11:12:47","Cutting","Connection_2"
46241467248.8542,2,1,64,150,,,,,,,,,"07-Aug-26 11:12:50","Cutting completed","Connection_2"
46241467272.0486,2,0,64,149,,,,,,,,,"07-Aug-26 11:12:52","Cutting","Connection_2"
46241467272.0486,2,0,64,150,,,,,,,,,"07-Aug-26 11:12:52","Cutting completed","Connection_2"
46241467306.2847,2,1,64,37,,,,,,,,,"07-Aug-26 11:12:55","Wagon waiting for Feeder","Connection_2"
46241467306.2847,2,1,64,72,,,,,,,,,"07-Aug-26 11:12:55","Unwinder Material Tension","Connection_2"
46241467330.5671,2,1,64,36,,,,,,,,,"07-Aug-26 11:12:57","Wagon to start position","Connection_2"
46241467330.5671,2,0,64,37,,,,,,,,,"07-Aug-26 11:12:57","Wagon waiting for Feeder","Connection_2"
46241467330.5671,2,0,64,72,,,,,,,,,"07-Aug-26 11:12:57","Unwinder Material Tension","Connection_2"
46241467330.5671,2,1,64,112,,,,,,,,,"07-Aug-26 11:12:57","Lowering Pallet","Connection_2"
46241467376.5972,2,0,64,36,,,,,,,,,"07-Aug-26 11:13:01","Wagon to start position","Connection_2"
46241467376.5972,2,0,64,112,,,,,,,,,"07-Aug-26 11:13:01","Lowering Pallet","Connection_2"
46241467410.8333,2,1,64,37,,,,,,,,,"07-Aug-26 11:13:04","Wagon waiting for Feeder","Connection_2"
46241467410.8333,2,1,64,74,"13","5","1397","356",,,,,"07-Aug-26 11:13:04","Deployment in Progress - Pallet Nr: 13 Pallet Type: 5 Layer Nr: 1397 Matt Nr: 356","Connection_2"
46241467434.0625,2,0,64,37,,,,,,,,,"07-Aug-26 11:13:06","Wagon waiting for Feeder","Connection_2"
46241467468.8773,2,0,64,74,"13","5","1397","356",,,,,"07-Aug-26 11:13:09","Deployment in Progress - Pallet Nr: 13 Pallet Type: 5 Layer Nr: 1397 Matt Nr: 356","Connection_2"
46241467759.0972,2,1,64,149,,,,,,,,,"07-Aug-26 11:13:34","Cutting","Connection_2"
46241467782.3032,2,1,64,150,,,,,,,,,"07-Aug-26 11:13:36","Cutting completed","Connection_2"
46241467806.088,2,0,64,149,,,,,,,,,"07-Aug-26 11:13:38","Cutting","Connection_2"
46241467806.088,2,0,64,150,,,,,,,,,"07-Aug-26 11:13:38","Cutting completed","Connection_2"
46241467840.9838,2,1,64,37,,,,,,,,,"07-Aug-26 11:13:41","Wagon waiting for Feeder","Connection_2"
46241467840.9838,2,1,64,72,,,,,,,,,"07-Aug-26 11:13:41","Unwinder Material Tension","Connection_2"
46241467864.6065,2,1,64,36,,,,,,,,,"07-Aug-26 11:13:44","Wagon to start position","Connection_2"
46241467864.6065,2,1,64,132,,,,,,,,,"07-Aug-26 11:13:44","Feeder material to start position","Connection_2"
46241467888.0208,2,0,64,37,,,,,,,,,"07-Aug-26 11:13:46","Wagon waiting for Feeder","Connection_2"
46241467888.0208,2,0,64,72,,,,,,,,,"07-Aug-26 11:13:46","Unwinder Material Tension","Connection_2"
46241467911.169,2,0,64,132,,,,,,,,,"07-Aug-26 11:13:48","Feeder material to start position","Connection_2"
46241467933.7731,2,0,64,36,,,,,,,,,"07-Aug-26 11:13:49","Wagon to start position","Connection_2"
46241467956.4583,2,1,64,37,,,,,,,,,"07-Aug-26 11:13:51","Wagon waiting for Feeder","Connection_2"
46241467956.4583,2,1,64,74,"13","5","1398","355",,,,,"07-Aug-26 11:13:51","Deployment in Progress - Pallet Nr: 13 Pallet Type: 5 Layer Nr: 1398 Matt Nr: 355","Connection_2"
46241467979.6759,2,0,64,37,,,,,,,,,"07-Aug-26 11:13:53","Wagon waiting for Feeder","Connection_2"
46241467979.6759,2,0,64,74,"13","5","1398","355",,,,,"07-Aug-26 11:13:53","Deployment in Progress - Pallet Nr: 13 Pallet Type: 5 Layer Nr: 1398 Matt Nr: 355","Connection_2"
46241468270,2,1,64,149,,,,,,,,,"07-Aug-26 11:14:19","Cutting","Connection_2"
46241468304.8264,2,1,64,150,,,,,,,,,"07-Aug-26 11:14:22","Cutting completed","Connection_2"
46241468328.044,2,0,64,149,,,,,,,,,"07-Aug-26 11:14:24","Cutting","Connection_2"
46241468328.044,2,0,64,150,,,,,,,,,"07-Aug-26 11:14:24","Cutting completed","Connection_2"
46241468363.4144,2,1,64,37,,,,,,,,,"07-Aug-26 11:14:27","Wagon waiting for Feeder","Connection_2"
46241468363.4144,2,1,64,72,,,,,,,,,"07-Aug-26 11:14:27","Unwinder Material Tension","Connection_2"
46241468386.1111,2,1,64,112,,,,,,,,,"07-Aug-26 11:14:29","Lowering Pallet","Connection_2"
46241468398.8773,2,1,64,36,,,,,,,,,"07-Aug-26 11:14:30","Wagon to start position","Connection_2"
46241468398.8773,2,0,64,37,,,,,,,,,"07-Aug-26 11:14:30","Wagon waiting for Feeder","Connection_2"
46241468398.8773,2,0,64,72,,,,,,,,,"07-Aug-26 11:14:30","Unwinder Material Tension","Connection_2"
46241468444.8032,2,0,64,36,,,,,,,,,"07-Aug-26 11:14:34","Wagon to start position","Connection_2"
46241468444.8032,2,0,64,112,,,,,,,,,"07-Aug-26 11:14:34","Lowering Pallet","Connection_2"
46241468467.4074,2,1,64,37,,,,,,,,,"07-Aug-26 11:14:36","Wagon waiting for Feeder","Connection_2"
46241468467.4074,2,1,64,74,"13","5","1399","354",,,,,"07-Aug-26 11:14:36","Deployment in Progress - Pallet Nr: 13 Pallet Type: 5 Layer Nr: 1399 Matt Nr: 354","Connection_2"
46241468502.2106,2,0,64,37,,,,,,,,,"07-Aug-26 11:14:39","Wagon waiting for Feeder","Connection_2"
46241468525.4167,2,0,64,74,"13","5","1399","354",,,,,"07-Aug-26 11:14:41","Deployment in Progress - Pallet Nr: 13 Pallet Type: 5 Layer Nr: 1399 Matt Nr: 354","Connection_2"
46241468827.4074,2,1,64,149,,,,,,,,,"07-Aug-26 11:15:07","Cutting","Connection_2"
46241468862.8125,2,1,64,150,,,,,,,,,"07-Aug-26 11:15:10","Cutting completed","Connection_2"
46241468886.0069,2,0,64,149,,,,,,,,,"07-Aug-26 11:15:12","Cutting","Connection_2"
46241468886.0069,2,0,64,150,,,,,,,,,"07-Aug-26 11:15:12","Cutting completed","Connection_2"
46241468897.6736,2,1,64,125,,,,,,,,,"07-Aug-26 11:15:13","EndLayer finished","Connection_2"
46241468920.2778,2,0,64,125,,,,,,,,,"07-Aug-26 11:15:15","EndLayer finished","Connection_2"
46241469957.7199,2,1,65,1017,,,,,,,,,"07-Aug-26 11:16:44","Goto Execution List","Connection_1"
46241470004.0278,2,0,65,1022,,,,,,,,,"07-Aug-26 11:16:48","Insert Single layer","Connection_1"
46241470351.2269,2,0,65,1003,"922",,,,,,,,"07-Aug-26 11:17:18","Start Layer - Nr: 922","Connection_1"
46241470360.1736,2,1,64,43,,,,,,,,,"07-Aug-26 11:17:19","+A11.G4: Waiting for Pallet","Connection_2"
46241470383.4028,2,0,64,43,,,,,,,,,"07-Aug-26 11:17:21","+A11.G4: Waiting for Pallet","Connection_2"
46241470814.2014,2,0,65,1007,,,,,,,,,"07-Aug-26 11:17:58","Stop","Connection_1"
46241470848.9236,2,1,65,1006,,,,,,,,,"07-Aug-26 11:18:01","Start","Connection_1"
46241471335.0347,2,1,65,1007,,,,,,,,,"07-Aug-26 11:18:43","Stop","Connection_1"
46241471358.1713,2,0,65,1006,,,,,,,,,"07-Aug-26 11:18:45","Start","Connection_1"
46241471427.6273,2,1,65,1003,"922",,,,,,,,"07-Aug-26 11:18:51","Start Layer - Nr: 922","Connection_1"
46241471508.6343,2,0,65,1007,,,,,,,,,"07-Aug-26 11:18:58","Stop","Connection_1"
46241473916.0301,2,1,65,1006,,,,,,,,,"07-Aug-26 11:22:26","Start","Connection_1"
46241474608.9236,2,1,65,1153,,,,,,,,,"07-Aug-26 11:23:26","Unwinder 5 Unload","Connection_1"
46241474621.4352,2,1,64,128,,,,,,,,,"07-Aug-26 11:23:27","Unloading ended","Connection_2"
46241474644.6644,2,0,64,128,,,,,,,,,"07-Aug-26 11:23:29","Unloading ended","Connection_2"
46241474934.9306,2,1,64,129,,,,,,,,,"07-Aug-26 11:23:54","Unloading started","Connection_2"
46241474969.7917,2,0,64,129,,,,,,,,,"07-Aug-26 11:23:57","Unloading started","Connection_2"
46241475215.4514,2,1,65,1151,,,,,,,,,"07-Aug-26 11:24:19","Unwinder 5 Backward","Connection_1"
46241475296.0185,2,0,65,1112,,,,,,,,,"07-Aug-26 11:24:26","Unwinder 1 Load","Connection_1"
46241475307.7546,2,1,64,126,,,,,,,,,"07-Aug-26 11:24:27","Loading starting","Connection_2"
46241475307.7546,2,1,64,131,,,,,,,,,"07-Aug-26 11:24:27","Feeder prepering for load of material","Connection_2"
46241475342.0718,2,0,64,126,,,,,,,,,"07-Aug-26 11:24:30","Loading starting","Connection_2"
46241475342.0718,2,0,64,131,,,,,,,,,"07-Aug-26 11:24:30","Feeder prepering for load of material","Connection_2"
46241475492.9977,2,1,64,130,,,,,,,,,"07-Aug-26 11:24:43","Buffer go to position","Connection_2"
46241475527.7199,2,0,64,130,,,,,,,,,"07-Aug-26 11:24:46","Buffer go to position","Connection_2"
46241475887.3148,2,1,64,149,,,,,,,,,"07-Aug-26 11:25:17","Cutting","Connection_2"
46241475922.1412,2,1,64,150,,,,,,,,,"07-Aug-26 11:25:20","Cutting completed","Connection_2"
46241475922.1412,2,1,64,127,,,,,,,,,"07-Aug-26 11:25:20","Loading ended","Connection_2"
46241475945.3472,2,0,64,149,,,,,,,,,"07-Aug-26 11:25:22","Cutting","Connection_2"
46241475945.3472,2,0,64,150,,,,,,,,,"07-Aug-26 11:25:22","Cutting completed","Connection_2"
46241475956.956,2,0,64,127,,,,,,,,,"07-Aug-26 11:25:23","Loading ended","Connection_2"
46241476034.0741,2,0,65,1003,"922",,,,,,,,"07-Aug-26 11:25:29","Start Layer - Nr: 922","Connection_1"
46241476038.2755,2,1,64,37,,,,,,,,,"07-Aug-26 11:25:30","Wagon waiting for Feeder","Connection_2"
46241476038.2755,2,1,64,72,,,,,,,,,"07-Aug-26 11:25:30","Unwinder Material Tension","Connection_2"
46241476062.5,2,1,64,36,,,,,,,,,"07-Aug-26 11:25:32","Wagon to start position","Connection_2"
46241476062.5,2,1,64,132,,,,,,,,,"07-Aug-26 11:25:32","Feeder material to start position","Connection_2"
46241476073.7037,2,0,64,37,,,,,,,,,"07-Aug-26 11:25:33","Wagon waiting for Feeder","Connection_2"
46241476073.7037,2,0,64,72,,,,,,,,,"07-Aug-26 11:25:33","Unwinder Material Tension","Connection_2"
46241476096.9329,2,0,64,132,,,,,,,,,"07-Aug-26 11:25:35","Feeder material to start position","Connection_2"
46241476108.6111,2,0,64,36,,,,,,,,,"07-Aug-26 11:25:36","Wagon to start position","Connection_2"
46241476119.5255,2,1,64,74,"10","6","922","31-32",,,,,"07-Aug-26 11:25:37","Deployment in Progress - Pallet Nr: 10 Pallet Type: 6 Layer Nr: 922 Matt Nr: 31-32","Connection_2"
46241476142.7199,2,0,64,74,"10","6","922","31-32",,,,,"07-Aug-26 11:25:39","Deployment in Progress - Pallet Nr: 10 Pallet Type: 6 Layer Nr: 922 Matt Nr: 31-32","Connection_2"
46241476549.132,2,1,64,149,,,,,,,,,"07-Aug-26 11:26:14","Cutting","Connection_2"
46241476583.9583,2,1,64,150,,,,,,,,,"07-Aug-26 11:26:17","Cutting completed","Connection_2"
46241476607.1991,2,0,64,149,,,,,,,,,"07-Aug-26 11:26:19","Cutting","Connection_2"
46241476607.1991,2,0,64,150,,,,,,,,,"07-Aug-26 11:26:19","Cutting completed","Connection_2"
46241476642.0255,2,1,64,37,,,,,,,,,"07-Aug-26 11:26:22","Wagon waiting for Feeder","Connection_2"
46241476642.0255,2,1,64,72,,,,,,,,,"07-Aug-26 11:26:22","Unwinder Material Tension","Connection_2"
46241476665.7407,2,1,64,36,,,,,,,,,"07-Aug-26 11:26:24","Wagon to start position","Connection_2"
46241476665.7407,2,0,64,37,,,,,,,,,"07-Aug-26 11:26:24","Wagon waiting for Feeder","Connection_2"
46241476665.7407,2,0,64,72,,,,,,,,,"07-Aug-26 11:26:24","Unwinder Material Tension","Connection_2"
46241476665.7407,2,1,64,112,,,,,,,,,"07-Aug-26 11:26:24","Lowering Pallet","Connection_2"
46241476678.0556,2,1,64,132,,,,,,,,,"07-Aug-26 11:26:25","Feeder material to start position","Connection_2"
46241476712.2338,2,0,64,112,,,,,,,,,"07-Aug-26 11:26:28","Lowering Pallet","Connection_2"
46241476712.2338,2,0,64,132,,,,,,,,,"07-Aug-26 11:26:28","Feeder material to start position","Connection_2"
46241476747.037,2,0,64,36,,,,,,,,,"07-Aug-26 11:26:31","Wagon to start position","Connection_2"
46241476758.0787,2,1,64,37,,,,,,,,,"07-Aug-26 11:26:32","Wagon waiting for Feeder","Connection_2"
46241476758.0787,2,1,64,74,"10","6","923","29-30",,,,,"07-Aug-26 11:26:32","Deployment in Progress - Pallet Nr: 10 Pallet Type: 6 Layer Nr: 923 Matt Nr: 29-30","Connection_2"
46241476781.2847,2,0,64,37,,,,,,,,,"07-Aug-26 11:26:34","Wagon waiting for Feeder","Connection_2"
46241476816.1458,2,0,64,74,"10","6","923","29-30",,,,,"07-Aug-26 11:26:37","Deployment in Progress - Pallet Nr: 10 Pallet Type: 6 Layer Nr: 923 Matt Nr: 29-30","Connection_2"
46241477187.7083,2,1,64,149,,,,,,,,,"07-Aug-26 11:27:09","Cutting","Connection_2"
46241477222.5579,2,1,64,150,,,,,,,,,"07-Aug-26 11:27:12","Cutting completed","Connection_2"
46241477245.7986,2,0,64,149,,,,,,,,,"07-Aug-26 11:27:14","Cutting","Connection_2"
46241477245.7986,2,0,64,150,,,,,,,,,"07-Aug-26 11:27:14","Cutting completed","Connection_2"
46241477280.5903,2,1,64,37,,,,,,,,,"07-Aug-26 11:27:17","Wagon waiting for Feeder","Connection_2"
46241477280.5903,2,1,64,72,,,,,,,,,"07-Aug-26 11:27:17","Unwinder Material Tension","Connection_2"
46241477304.4097,2,1,64,36,,,,,,,,,"07-Aug-26 11:27:19","Wagon to start position","Connection_2"
46241477304.4097,2,0,64,37,,,,,,,,,"07-Aug-26 11:27:19","Wagon waiting for Feeder","Connection_2"
46241477304.4097,2,0,64,72,,,,,,,,,"07-Aug-26 11:27:19","Unwinder Material Tension","Connection_2"
46241477304.4097,2,1,64,112,,,,,,,,,"07-Aug-26 11:27:19","Lowering Pallet","Connection_2"
46241477316.9097,2,1,64,132,,,,,,,,,"07-Aug-26 11:27:20","Feeder material to start position","Connection_2"
46241477339.6875,2,0,64,112,,,,,,,,,"07-Aug-26 11:27:22","Lowering Pallet","Connection_2"
46241477350.8912,2,0,64,132,,,,,,,,,"07-Aug-26 11:27:23","Feeder material to start position","Connection_2"
46241477385.706,2,0,64,36,,,,,,,,,"07-Aug-26 11:27:26","Wagon to start position","Connection_2"
46241477396.7824,2,1,64,37,,,,,,,,,"07-Aug-26 11:27:27","Wagon waiting for Feeder","Connection_2"
46241477396.7824,2,1,64,74,"10","6","924","27-28",,,,,"07-Aug-26 11:27:27","Deployment in Progress - Pallet Nr: 10 Pallet Type: 6 Layer Nr: 924 Matt Nr: 27-28","Connection_2"
46241477419.9769,2,0,64,37,,,,,,,,,"07-Aug-26 11:27:29","Wagon waiting for Feeder","Connection_2"
46241477454.838,2,0,64,74,"10","6","924","27-28",,,,,"07-Aug-26 11:27:32","Deployment in Progress - Pallet Nr: 10 Pallet Type: 6 Layer Nr: 924 Matt Nr: 27-28","Connection_2"
46241477826.3079,2,1,64,149,,,,,,,,,"07-Aug-26 11:28:04","Cutting","Connection_2"
46241477861.1343,2,1,64,150,,,,,,,,,"07-Aug-26 11:28:07","Cutting completed","Connection_2"
46241477884.3866,2,0,64,149,,,,,,,,,"07-Aug-26 11:28:09","Cutting","Connection_2"
46241477884.3866,2,0,64,150,,,,,,,,,"07-Aug-26 11:28:09","Cutting completed","Connection_2"
46241477919.2014,2,1,64,37,,,,,,,,,"07-Aug-26 11:28:12","Wagon waiting for Feeder","Connection_2"
46241477919.2014,2,1,64,72,,,,,,,,,"07-Aug-26 11:28:12","Unwinder Material Tension","Connection_2"
46241477942.9861,2,1,64,36,,,,,,,,,"07-Aug-26 11:28:14","Wagon to start position","Connection_2"
46241477942.9861,2,0,64,37,,,,,,,,,"07-Aug-26 11:28:14","Wagon waiting for Feeder","Connection_2"
46241477942.9861,2,0,64,72,,,,,,,,,"07-Aug-26 11:28:14","Unwinder Material Tension","Connection_2"
46241477942.9861,2,1,64,112,,,,,,,,,"07-Aug-26 11:28:14","Lowering Pallet","Connection_2"
46241477955.2083,2,1,64,132,,,,,,,,,"07-Aug-26 11:28:15","Feeder material to start position","Connection_2"
46241477978.3565,2,0,64,112,,,,,,,,,"07-Aug-26 11:28:17","Lowering Pallet","Connection_2"
46241477989.375,2,0,64,132,,,,,,,,,"07-Aug-26 11:28:18","Feeder material to start position","Connection_2"
46241478024.1898,2,0,64,36,,,,,,,,,"07-Aug-26 11:28:21","Wagon to start position","Connection_2"
46241478035.2778,2,1,64,37,,,,,,,,,"07-Aug-26 11:28:22","Wagon waiting for Feeder","Connection_2"
46241478035.2778,2,1,64,74,"10","6","925","25-26",,,,,"07-Aug-26 11:28:22","Deployment in Progress - Pallet Nr: 10 Pallet Type: 6 Layer Nr: 925 Matt Nr: 25-26","Connection_2"
46241478058.5069,2,0,64,37,,,,,,,,,"07-Aug-26 11:28:24","Wagon waiting for Feeder","Connection_2"
46241478093.287,2,0,64,74,"10","6","925","25-26",,,,,"07-Aug-26 11:28:27","Deployment in Progress - Pallet Nr: 10 Pallet Type: 6 Layer Nr: 925 Matt Nr: 25-26","Connection_2"
46241478464.8611,2,1,64,149,,,,,,,,,"07-Aug-26 11:28:59","Cutting","Connection_2"
46241478500.2662,2,1,64,150,,,,,,,,,"07-Aug-26 11:29:02","Cutting completed","Connection_2"
46241478523.4954,2,0,64,149,,,,,,,,,"07-Aug-26 11:29:04","Cutting","Connection_2"
46241478523.4954,2,0,64,150,,,,,,,,,"07-Aug-26 11:29:04","Cutting completed","Connection_2"
46241478557.7431,2,1,64,37,,,,,,,,,"07-Aug-26 11:29:07","Wagon waiting for Feeder","Connection_2"
46241478557.7431,2,1,64,72,,,,,,,,,"07-Aug-26 11:29:07","Unwinder Material Tension","Connection_2"
46241478582.1528,2,1,64,36,,,,,,,,,"07-Aug-26 11:29:09","Wagon to start position","Connection_2"
46241478582.1528,2,0,64,37,,,,,,,,,"07-Aug-26 11:29:09","Wagon waiting for Feeder","Connection_2"
46241478582.1528,2,0,64,72,,,,,,,,,"07-Aug-26 11:29:09","Unwinder Material Tension","Connection_2"
46241478582.1528,2,1,64,112,,,,,,,,,"07-Aug-26 11:29:09","Lowering Pallet","Connection_2"
46241478582.1528,2,1,64,132,,,,,,,,,"07-Aug-26 11:29:09","Feeder material to start position","Connection_2"
46241478616.9792,2,0,64,112,,,,,,,,,"07-Aug-26 11:29:13","Lowering Pallet","Connection_2"
46241478627.9977,2,0,64,132,,,,,,,,,"07-Aug-26 11:29:13","Feeder material to start position","Connection_2"
46241478662.9051,2,0,64,36,,,,,,,,,"07-Aug-26 11:29:16","Wagon to start position","Connection_2"
46241478673.8889,2,1,64,37,,,,,,,,,"07-Aug-26 11:29:17","Wagon waiting for Feeder","Connection_2"
46241478673.8889,2,1,64,74,"10","6","926","23-24",,,,,"07-Aug-26 11:29:17","Deployment in Progress - Pallet Nr: 10 Pallet Type: 6 Layer Nr: 926 Matt Nr: 23-24","Connection_2"
46241478697.1296,2,0,64,37,,,,,,,,,"07-Aug-26 11:29:19","Wagon waiting for Feeder","Connection_2"
46241478720.3472,2,0,64,74,"10","6","926","23-24",,,,,"07-Aug-26 11:29:21","Deployment in Progress - Pallet Nr: 10 Pallet Type: 6 Layer Nr: 926 Matt Nr: 23-24","Connection_2"
46241479103.5417,2,1,64,149,,,,,,,,,"07-Aug-26 11:29:55","Cutting","Connection_2"
46241479138.4028,2,1,64,150,,,,,,,,,"07-Aug-26 11:29:58","Cutting completed","Connection_2"
46241479161.6204,2,0,64,149,,,,,,,,,"07-Aug-26 11:30:00","Cutting","Connection_2"
46241479161.6204,2,0,64,150,,,,,,,,,"07-Aug-26 11:30:00","Cutting completed","Connection_2"
46241479196.4468,2,1,64,37,,,,,,,,,"07-Aug-26 11:30:03","Wagon waiting for Feeder","Connection_2"
46241479196.4468,2,1,64,72,,,,,,,,,"07-Aug-26 11:30:03","Unwinder Material Tension","Connection_2"
46241479220.6945,2,1,64,36,,,,,,,,,"07-Aug-26 11:30:05","Wagon to start position","Connection_2"
46241479220.6945,2,0,64,37,,,,,,,,,"07-Aug-26 11:30:05","Wagon waiting for Feeder","Connection_2"
46241479220.6945,2,0,64,72,,,,,,,,,"07-Aug-26 11:30:05","Unwinder Material Tension","Connection_2"
46241479220.6945,2,1,64,112,,,,,,,,,"07-Aug-26 11:30:05","Lowering Pallet","Connection_2"
46241479220.6945,2,1,64,132,,,,,,,,,"07-Aug-26 11:30:05","Feeder material to start position","Connection_2"
46241479255.5903,2,0,64,112,,,,,,,,,"07-Aug-26 11:30:08","Lowering Pallet","Connection_2"
46241479266.713,2,0,64,132,,,,,,,,,"07-Aug-26 11:30:09","Feeder material to start position","Connection_2"
46241479301.4236,2,0,64,36,,,,,,,,,"07-Aug-26 11:30:12","Wagon to start position","Connection_2"
46241479312.5232,2,1,64,37,,,,,,,,,"07-Aug-26 11:30:13","Wagon waiting for Feeder","Connection_2"
46241479312.5232,2,1,64,74,"10","6","927","177-178",,,,,"07-Aug-26 11:30:13","Deployment in Progress - Pallet Nr: 10 Pallet Type: 6 Layer Nr: 927 Matt Nr: 177-178","Connection_2"
46241479335.7523,2,0,64,37,,,,,,,,,"07-Aug-26 11:30:15","Wagon waiting for Feeder","Connection_2"
46241479358.9699,2,0,64,74,"10","6","927","177-178",,,,,"07-Aug-26 11:30:17","Deployment in Progress - Pallet Nr: 10 Pallet Type: 6 Layer Nr: 927 Matt Nr: 177-178","Connection_2"
46241479742.0833,2,1,64,149,,,,,,,,,"07-Aug-26 11:30:50","Cutting","Connection_2"
46241479777.4537,2,1,64,150,,,,,,,,,"07-Aug-26 11:30:53","Cutting completed","Connection_2"
46241479800.6481,2,0,64,149,,,,,,,,,"07-Aug-26 11:30:55","Cutting","Connection_2"
46241479800.6481,2,0,64,150,,,,,,,,,"07-Aug-26 11:30:55","Cutting completed","Connection_2"
46241479834.9884,2,1,64,37,,,,,,,,,"07-Aug-26 11:30:58","Wagon waiting for Feeder","Connection_2"
46241479834.9884,2,1,64,72,,,,,,,,,"07-Aug-26 11:30:58","Unwinder Material Tension","Connection_2"
46241479859.3519,2,1,64,36,,,,,,,,,"07-Aug-26 11:31:00","Wagon to start position","Connection_2"
46241479859.3519,2,0,64,37,,,,,,,,,"07-Aug-26 11:31:00","Wagon waiting for Feeder","Connection_2"
46241479859.3519,2,0,64,72,,,,,,,,,"07-Aug-26 11:31:00","Unwinder Material Tension","Connection_2"
46241479859.3519,2,1,64,112,,,,,,,,,"07-Aug-26 11:31:00","Lowering Pallet","Connection_2"
46241479859.3519,2,1,64,132,,,,,,,,,"07-Aug-26 11:31:00","Feeder material to start position","Connection_2"
46241479894.0741,2,0,64,112,,,,,,,,,"07-Aug-26 11:31:03","Lowering Pallet","Connection_2"
46241479905.2894,2,0,64,132,,,,,,,,,"07-Aug-26 11:31:04","Feeder material to start position","Connection_2"
46241479940.0926,2,0,64,36,,,,,,,,,"07-Aug-26 11:31:07","Wagon to start position","Connection_2"
46241479951.1111,2,1,64,37,,,,,,,,,"07-Aug-26 11:31:08","Wagon waiting for Feeder","Connection_2"
46241479951.1111,2,1,64,74,"10","6","928","175-176",,,,,"07-Aug-26 11:31:08","Deployment in Progress - Pallet Nr: 10 Pallet Type: 6 Layer Nr: 928 Matt Nr: 175-176","Connection_2"
46241479974.3519,2,0,64,37,,,,,,,,,"07-Aug-26 11:31:10","Wagon waiting for Feeder","Connection_2"
46241479997.6042,2,0,64,74,"10","6","928","175-176",,,,,"07-Aug-26 11:31:12","Deployment in Progress - Pallet Nr: 10 Pallet Type: 6 Layer Nr: 928 Matt Nr: 175-176","Connection_2"
46241480380.625,2,1,64,149,,,,,,,,,"07-Aug-26 11:31:45","Cutting","Connection_2"
46241480415.463,2,1,64,150,,,,,,,,,"07-Aug-26 11:31:48","Cutting completed","Connection_2"
46241480438.7037,2,0,64,149,,,,,,,,,"07-Aug-26 11:31:50","Cutting","Connection_2"
46241480438.7037,2,0,64,150,,,,,,,,,"07-Aug-26 11:31:50","Cutting completed","Connection_2"
46241480473.5417,2,1,64,37,,,,,,,,,"07-Aug-26 11:31:53","Wagon waiting for Feeder","Connection_2"
46241480473.5417,2,1,64,72,,,,,,,,,"07-Aug-26 11:31:53","Unwinder Material Tension","Connection_2"
46241480497.2801,2,1,64,36,,,,,,,,,"07-Aug-26 11:31:55","Wagon to start position","Connection_2"
46241480497.2801,2,0,64,37,,,,,,,,,"07-Aug-26 11:31:55","Wagon waiting for Feeder","Connection_2"
46241480497.2801,2,0,64,72,,,,,,,,,"07-Aug-26 11:31:55","Unwinder Material Tension","Connection_2"
46241480497.2801,2,1,64,112,,,,,,,,,"07-Aug-26 11:31:55","Lowering Pallet","Connection_2"
46241480509.132,2,1,64,132,,,,,,,,,"07-Aug-26 11:31:56","Feeder material to start position","Connection_2"
46241480543.7616,2,0,64,112,,,,,,,,,"07-Aug-26 11:31:59","Lowering Pallet","Connection_2"
46241480543.7616,2,0,64,132,,,,,,,,,"07-Aug-26 11:31:59","Feeder material to start position","Connection_2"
46241480578.4838,2,0,64,36,,,,,,,,,"07-Aug-26 11:32:02","Wagon to start position","Connection_2"
46241480589.6296,2,1,64,37,,,,,,,,,"07-Aug-26 11:32:03","Wagon waiting for Feeder","Connection_2"
46241480589.6296,2,1,64,74,"10","6","929","173-174",,,,,"07-Aug-26 11:32:03","Deployment in Progress - Pallet Nr: 10 Pallet Type: 6 Layer Nr: 929 Matt Nr: 173-174","Connection_2"
46241480612.8472,2,0,64,37,,,,,,,,,"07-Aug-26 11:32:05","Wagon waiting for Feeder","Connection_2"
46241480647.6273,2,0,64,74,"10","6","929","173-174",,,,,"07-Aug-26 11:32:08","Deployment in Progress - Pallet Nr: 10 Pallet Type: 6 Layer Nr: 929 Matt Nr: 173-174","Connection_2"
46241481019.213,2,1,64,149,,,,,,,,,"07-Aug-26 11:32:40","Cutting","Connection_2"
46241481054.0509,2,1,64,150,,,,,,,,,"07-Aug-26 11:32:43","Cutting completed","Connection_2"
46241481077.257,2,0,64,149,,,,,,,,,"07-Aug-26 11:32:45","Cutting","Connection_2"
46241481077.257,2,0,64,150,,,,,,,,,"07-Aug-26 11:32:45","Cutting completed","Connection_2"
46241481112.0718,2,1,64,37,,,,,,,,,"07-Aug-26 11:32:48","Wagon waiting for Feeder","Connection_2"
46241481112.0718,2,1,64,72,,,,,,,,,"07-Aug-26 11:32:48","Unwinder Material Tension","Connection_2"
46241481135.8565,2,1,64,36,,,,,,,,,"07-Aug-26 11:32:50","Wagon to start position","Connection_2"
46241481135.8565,2,0,64,37,,,,,,,,,"07-Aug-26 11:32:50","Wagon waiting for Feeder","Connection_2"
46241481135.8565,2,0,64,72,,,,,,,,,"07-Aug-26 11:32:50","Unwinder Material Tension","Connection_2"
46241481135.8565,2,1,64,112,,,,,,,,,"07-Aug-26 11:32:50","Lowering Pallet","Connection_2"
46241481148.1713,2,1,64,132,,,,,,,,,"07-Aug-26 11:32:51","Feeder material to start position","Connection_2"
46241481182.338,2,0,64,112,,,,,,,,,"07-Aug-26 11:32:54","Lowering Pallet","Connection_2"
46241481182.338,2,0,64,132,,,,,,,,,"07-Aug-26 11:32:54","Feeder material to start position","Connection_2"
46241481217.2338,2,0,64,36,,,,,,,,,"07-Aug-26 11:32:57","Wagon to start position","Connection_2"
46241481228.2176,2,1,64,37,,,,,,,,,"07-Aug-26 11:32:58","Wagon waiting for Feeder","Connection_2"
46241481228.2176,2,1,64,74,"10","6","930","171-172",,,,,"07-Aug-26 11:32:58","Deployment in Progress - Pallet Nr: 10 Pallet Type: 6 Layer Nr: 930 Matt Nr: 171-172","Connection_2"
46241481251.4236,2,0,64,37,,,,,,,,,"07-Aug-26 11:33:00","Wagon waiting for Feeder","Connection_2"
46241481286.2384,2,0,64,74,"10","6","930","171-172",,,,,"07-Aug-26 11:33:03","Deployment in Progress - Pallet Nr: 10 Pallet Type: 6 Layer Nr: 930 Matt Nr: 171-172","Connection_2"
46241481657.8125,2,1,64,149,,,,,,,,,"07-Aug-26 11:33:35","Cutting","Connection_2"
46241481692.6389,2,1,64,150,,,,,,,,,"07-Aug-26 11:33:38","Cutting completed","Connection_2"
46241481715.8449,2,0,64,149,,,,,,,,,"07-Aug-26 11:33:40","Cutting","Connection_2"
46241481715.8449,2,0,64,150,,,,,,,,,"07-Aug-26 11:33:40","Cutting completed","Connection_2"
46241481750.6366,2,1,64,37,,,,,,,,,"07-Aug-26 11:33:43","Wagon waiting for Feeder","Connection_2"
46241481750.6366,2,1,64,72,,,,,,,,,"07-Aug-26 11:33:43","Unwinder Material Tension","Connection_2"
46241481774.6644,2,1,64,36,,,,,,,,,"07-Aug-26 11:33:45","Wagon to start position","Connection_2"
46241481774.6644,2,0,64,37,,,,,,,,,"07-Aug-26 11:33:45","Wagon waiting for Feeder","Connection_2"
46241481774.6644,2,0,64,72,,,,,,,,,"07-Aug-26 11:33:45","Unwinder Material Tension","Connection_2"
46241481774.6644,2,1,64,112,,,,,,,,,"07-Aug-26 11:33:45","Lowering Pallet","Connection_2"
46241481774.6644,2,1,64,132,,,,,,,,,"07-Aug-26 11:33:45","Feeder material to start position","Connection_2"
46241481809.6644,2,0,64,112,,,,,,,,,"07-Aug-26 11:33:48","Lowering Pallet","Connection_2"
46241481820.7755,2,0,64,132,,,,,,,,,"07-Aug-26 11:33:49","Feeder material to start position","Connection_2"
46241481855.6829,2,0,64,36,,,,,,,,,"07-Aug-26 11:33:52","Wagon to start position","Connection_2"
46241481866.7477,2,1,64,37,,,,,,,,,"07-Aug-26 11:33:53","Wagon waiting for Feeder","Connection_2"
46241481866.7477,2,1,64,74,"10","6","931","169-170",,,,,"07-Aug-26 11:33:53","Deployment in Progress - Pallet Nr: 10 Pallet Type: 6 Layer Nr: 931 Matt Nr: 169-170","Connection_2"
46241481889.9653,2,0,64,37,,,,,,,,,"07-Aug-26 11:33:55","Wagon waiting for Feeder","Connection_2"
46241481889.9653,2,0,64,74,"10","6","931","169-170",,,,,"07-Aug-26 11:33:55","Deployment in Progress - Pallet Nr: 10 Pallet Type: 6 Layer Nr: 931 Matt Nr: 169-170","Connection_2"
46241482296.3889,2,1,64,149,,,,,,,,,"07-Aug-26 11:34:30","Cutting","Connection_2"
46241482331.25,2,1,64,150,,,,,,,,,"07-Aug-26 11:34:33","Cutting completed","Connection_2"
46241482354.4444,2,0,64,149,,,,,,,,,"07-Aug-26 11:34:35","Cutting","Connection_2"
46241482354.4444,2,0,64,150,,,,,,,,,"07-Aug-26 11:34:35","Cutting completed","Connection_2"
46241482389.3056,2,1,64,37,,,,,,,,,"07-Aug-26 11:34:38","Wagon waiting for Feeder","Connection_2"
46241482389.3056,2,1,64,72,,,,,,,,,"07-Aug-26 11:34:38","Unwinder Material Tension","Connection_2"
46241482412.5347,2,1,64,36,,,,,,,,,"07-Aug-26 11:34:40","Wagon to start position","Connection_2"
46241482412.5347,2,0,64,37,,,,,,,,,"07-Aug-26 11:34:40","Wagon waiting for Feeder","Connection_2"
46241482412.5347,2,0,64,72,,,,,,,,,"07-Aug-26 11:34:40","Unwinder Material Tension","Connection_2"
46241482412.5347,2,1,64,112,,,,,,,,,"07-Aug-26 11:34:40","Lowering Pallet","Connection_2"
46241482425.4051,2,1,64,132,,,,,,,,,"07-Aug-26 11:34:42","Feeder material to start position","Connection_2"
46241482459.5833,2,0,64,112,,,,,,,,,"07-Aug-26 11:34:45","Lowering Pallet","Connection_2"
46241482459.5833,2,0,64,132,,,,,,,,,"07-Aug-26 11:34:45","Feeder material to start position","Connection_2"
46241482494.3056,2,0,64,36,,,,,,,,,"07-Aug-26 11:34:48","Wagon to start position","Connection_2"
46241482505.4514,2,1,64,37,,,,,,,,,"07-Aug-26 11:34:48","Wagon waiting for Feeder","Connection_2"
46241482505.4514,2,1,64,74,"10","6","932","167-168",,,,,"07-Aug-26 11:34:48","Deployment in Progress - Pallet Nr: 10 Pallet Type: 6 Layer Nr: 932 Matt Nr: 167-168","Connection_2"
46241482528.6806,2,0,64,37,,,,,,,,,"07-Aug-26 11:34:50","Wagon waiting for Feeder","Connection_2"
46241482563.5417,2,0,64,74,"10","6","932","167-168",,,,,"07-Aug-26 11:34:53","Deployment in Progress - Pallet Nr: 10 Pallet Type: 6 Layer Nr: 932 Matt Nr: 167-168","Connection_2"
46241482935.0463,2,1,64,149,,,,,,,,,"07-Aug-26 11:35:26","Cutting","Connection_2"
46241482969.919,2,1,64,150,,,,,,,,,"07-Aug-26 11:35:29","Cutting completed","Connection_2"
46241482993.125,2,0,64,149,,,,,,,,,"07-Aug-26 11:35:31","Cutting","Connection_2"
46241482993.125,2,0,64,150,,,,,,,,,"07-Aug-26 11:35:31","Cutting completed","Connection_2"
46241483132.419,2,1,64,37,,,,,,,,,"07-Aug-26 11:35:43","Wagon waiting for Feeder","Connection_2"
46241483132.419,2,1,64,72,,,,,,,,,"07-Aug-26 11:35:43","Unwinder Material Tension","Connection_2"
46241483168.3796,2,1,64,36,,,,,,,,,"07-Aug-26 11:35:46","Wagon to start position","Connection_2"
46241483168.3796,2,0,64,37,,,,,,,,,"07-Aug-26 11:35:46","Wagon waiting for Feeder","Connection_2"
46241483168.3796,2,0,64,72,,,,,,,,,"07-Aug-26 11:35:46","Unwinder Material Tension","Connection_2"
46241483168.3796,2,1,64,112,,,,,,,,,"07-Aug-26 11:35:46","Lowering Pallet","Connection_2"
46241483168.3796,2,1,64,132,,,,,,,,,"07-Aug-26 11:35:46","Feeder material to start position","Connection_2"
46241483203.1944,2,0,64,112,,,,,,,,,"07-Aug-26 11:35:49","Lowering Pallet","Connection_2"
46241483214.3056,2,0,64,132,,,,,,,,,"07-Aug-26 11:35:50","Feeder material to start position","Connection_2"
46241483248.4954,2,0,64,36,,,,,,,,,"07-Aug-26 11:35:53","Wagon to start position","Connection_2"
46241483248.4954,2,1,64,37,,,,,,,,,"07-Aug-26 11:35:53","Wagon waiting for Feeder","Connection_2"
46241483248.4954,2,1,64,74,"10","6","933","165-166",,,,,"07-Aug-26 11:35:53","Deployment in Progress - Pallet Nr: 10 Pallet Type: 6 Layer Nr: 933 Matt Nr: 165-166","Connection_2"
46241483283.3102,2,0,64,37,,,,,,,,,"07-Aug-26 11:35:56","Wagon waiting for Feeder","Connection_2"
46241483283.3102,2,0,64,74,"10","6","933","165-166",,,,,"07-Aug-26 11:35:56","Deployment in Progress - Pallet Nr: 10 Pallet Type: 6 Layer Nr: 933 Matt Nr: 165-166","Connection_2"
46241483678.1019,2,1,64,149,,,,,,,,,"07-Aug-26 11:36:30","Cutting","Connection_2"
46241483712.9514,2,1,64,150,,,,,,,,,"07-Aug-26 11:36:33","Cutting completed","Connection_2"
46241483736.1806,2,0,64,149,,,,,,,,,"07-Aug-26 11:36:35","Cutting","Connection_2"
46241483736.1806,2,0,64,150,,,,,,,,,"07-Aug-26 11:36:35","Cutting completed","Connection_2"
46241483770.9954,2,1,64,37,,,,,,,,,"07-Aug-26 11:36:38","Wagon waiting for Feeder","Connection_2"
46241483770.9954,2,1,64,72,,,,,,,,,"07-Aug-26 11:36:38","Unwinder Material Tension","Connection_2"
46241483794.213,2,0,64,37,,,,,,,,,"07-Aug-26 11:36:40","Wagon waiting for Feeder","Connection_2"
46241483794.213,2,0,64,72,,,,,,,,,"07-Aug-26 11:36:40","Unwinder Material Tension","Connection_2"
46241483794.213,2,1,64,112,,,,,,,,,"07-Aug-26 11:36:40","Lowering Pallet","Connection_2"
46241483807.0023,2,1,64,36,,,,,,,,,"07-Aug-26 11:36:41","Wagon to start position","Connection_2"
46241483807.0023,2,1,64,132,,,,,,,,,"07-Aug-26 11:36:41","Feeder material to start position","Connection_2"
46241483830.1505,2,0,64,112,,,,,,,,,"07-Aug-26 11:36:43","Lowering Pallet","Connection_2"
46241483852.7431,2,0,64,132,,,,,,,,,"07-Aug-26 11:36:45","Feeder material to start position","Connection_2"
46241483876.0764,2,0,64,36,,,,,,,,,"07-Aug-26 11:36:47","Wagon to start position","Connection_2"
46241483887.0718,2,1,64,37,,,,,,,,,"07-Aug-26 11:36:48","Wagon waiting for Feeder","Connection_2"
46241483887.0718,2,1,64,74,"10","6","934","163-164",,,,,"07-Aug-26 11:36:48","Deployment in Progress - Pallet Nr: 10 Pallet Type: 6 Layer Nr: 934 Matt Nr: 163-164","Connection_2"
46241483921.9097,2,0,64,37,,,,,,,,,"07-Aug-26 11:36:51","Wagon waiting for Feeder","Connection_2"
46241483945.1042,2,0,64,74,"10","6","934","163-164",,,,,"07-Aug-26 11:36:53","Deployment in Progress - Pallet Nr: 10 Pallet Type: 6 Layer Nr: 934 Matt Nr: 163-164","Connection_2"
46241484328.125,2,1,64,149,,,,,,,,,"07-Aug-26 11:37:26","Cutting","Connection_2"
46241484351.3194,2,1,64,150,,,,,,,,,"07-Aug-26 11:37:28","Cutting completed","Connection_2"
46241484386.7361,2,0,64,149,,,,,,,,,"07-Aug-26 11:37:31","Cutting","Connection_2"
46241484386.7361,2,0,64,150,,,,,,,,,"07-Aug-26 11:37:31","Cutting completed","Connection_2"
46241484409.375,2,1,64,37,,,,,,,,,"07-Aug-26 11:37:33","Wagon waiting for Feeder","Connection_2"
46241484409.375,2,1,64,72,,,,,,,,,"07-Aug-26 11:37:33","Unwinder Material Tension","Connection_2"
46241484445.3935,2,1,64,36,,,,,,,,,"07-Aug-26 11:37:36","Wagon to start position","Connection_2"
46241484445.3935,2,0,64,37,,,,,,,,,"07-Aug-26 11:37:36","Wagon waiting for Feeder","Connection_2"
46241484445.3935,2,0,64,72,,,,,,,,,"07-Aug-26 11:37:36","Unwinder Material Tension","Connection_2"
46241484445.3935,2,1,64,112,,,,,,,,,"07-Aug-26 11:37:36","Lowering Pallet","Connection_2"
46241484445.3935,2,1,64,132,,,,,,,,,"07-Aug-26 11:37:36","Feeder material to start position","Connection_2"
46241484480.2083,2,0,64,112,,,,,,,,,"07-Aug-26 11:37:39","Lowering Pallet","Connection_2"
46241484491.1343,2,0,64,132,,,,,,,,,"07-Aug-26 11:37:40","Feeder material to start position","Connection_2"
46241484525.5093,2,0,64,36,,,,,,,,,"07-Aug-26 11:37:43","Wagon to start position","Connection_2"
46241484525.5093,2,1,64,37,,,,,,,,,"07-Aug-26 11:37:43","Wagon waiting for Feeder","Connection_2"
46241484537.1296,2,1,64,74,"10","6","935","161-162",,,,,"07-Aug-26 11:37:44","Deployment in Progress - Pallet Nr: 10 Pallet Type: 6 Layer Nr: 935 Matt Nr: 161-162","Connection_2"
46241484560.3588,2,0,64,37,,,,,,,,,"07-Aug-26 11:37:46","Wagon waiting for Feeder","Connection_2"
46241484583.5764,2,0,64,74,"10","6","935","161-162",,,,,"07-Aug-26 11:37:48","Deployment in Progress - Pallet Nr: 10 Pallet Type: 6 Layer Nr: 935 Matt Nr: 161-162","Connection_2"
46241484955.2315,2,1,64,149,,,,,,,,,"07-Aug-26 11:38:20","Cutting","Connection_2"
46241484990.081,2,1,64,150,,,,,,,,,"07-Aug-26 11:38:23","Cutting completed","Connection_2"
46241485013.2986,2,0,64,149,,,,,,,,,"07-Aug-26 11:38:25","Cutting","Connection_2"
46241485013.2986,2,0,64,150,,,,,,,,,"07-Aug-26 11:38:25","Cutting completed","Connection_2"
46241485048.1366,2,1,64,37,,,,,,,,,"07-Aug-26 11:38:28","Wagon waiting for Feeder","Connection_2"
46241485048.1366,2,1,64,72,,,,,,,,,"07-Aug-26 11:38:28","Unwinder Material Tension","Connection_2"
46241485071.3657,2,0,64,37,,,,,,,,,"07-Aug-26 11:38:30","Wagon waiting for Feeder","Connection_2"
46241485071.3657,2,0,64,72,,,,,,,,,"07-Aug-26 11:38:30","Unwinder Material Tension","Connection_2"
46241485071.3657,2,1,64,112,,,,,,,,,"07-Aug-26 11:38:30","Lowering Pallet","Connection_2"
46241485083.5995,2,1,64,36,,,,,,,,,"07-Aug-26 11:38:31","Wagon to start position","Connection_2"
46241485095.7292,2,1,64,132,,,,,,,,,"07-Aug-26 11:38:32","Feeder material to start position","Connection_2"
46241485119.0625,2,0,64,112,,,,,,,,,"07-Aug-26 11:38:34","Lowering Pallet","Connection_2"
46241485130.081,2,0,64,132,,,,,,,,,"07-Aug-26 11:38:35","Feeder material to start position","Connection_2"
46241485153.2292,2,0,64,36,,,,,,,,,"07-Aug-26 11:38:37","Wagon to start position","Connection_2"
46241485164.2477,2,1,64,37,,,,,,,,,"07-Aug-26 11:38:38","Wagon waiting for Feeder","Connection_2"
46241485164.2477,2,1,64,74,"10","6","936","159-160",,,,,"07-Aug-26 11:38:38","Deployment in Progress - Pallet Nr: 10 Pallet Type: 6 Layer Nr: 936 Matt Nr: 159-160","Connection_2"
46241485199.0856,2,0,64,37,,,,,,,,,"07-Aug-26 11:38:41","Wagon waiting for Feeder","Connection_2"
46241485199.0856,2,0,64,74,"10","6","936","159-160",,,,,"07-Aug-26 11:38:41","Deployment in Progress - Pallet Nr: 10 Pallet Type: 6 Layer Nr: 936 Matt Nr: 159-160","Connection_2"
46241485605.4514,2,1,64,149,,,,,,,,,"07-Aug-26 11:39:16","Cutting","Connection_2"
46241485628.6574,2,1,64,150,,,,,,,,,"07-Aug-26 11:39:18","Cutting completed","Connection_2"
46241485652.4421,2,0,64,149,,,,,,,,,"07-Aug-26 11:39:20","Cutting","Connection_2"
46241485652.4421,2,0,64,150,,,,,,,,,"07-Aug-26 11:39:20","Cutting completed","Connection_2"
46241485686.7245,2,1,64,37,,,,,,,,,"07-Aug-26 11:39:23","Wagon waiting for Feeder","Connection_2"
46241485686.7245,2,1,64,72,,,,,,,,,"07-Aug-26 11:39:23","Unwinder Material Tension","Connection_2"
46241485722.3495,2,1,64,36,,,,,,,,,"07-Aug-26 11:39:26","Wagon to start position","Connection_2"
46241485722.3495,2,0,64,37,,,,,,,,,"07-Aug-26 11:39:26","Wagon waiting for Feeder","Connection_2"
46241485722.3495,2,0,64,72,,,,,,,,,"07-Aug-26 11:39:26","Unwinder Material Tension","Connection_2"
46241485722.3495,2,1,64,112,,,,,,,,,"07-Aug-26 11:39:26","Lowering Pallet","Connection_2"
46241485722.3495,2,1,64,132,,,,,,,,,"07-Aug-26 11:39:26","Feeder material to start position","Connection_2"
46241485757.5347,2,0,64,112,,,,,,,,,"07-Aug-26 11:39:29","Lowering Pallet","Connection_2"
46241485768.3681,2,0,64,132,,,,,,,,,"07-Aug-26 11:39:30","Feeder material to start position","Connection_2"
46241485802.8009,2,0,64,36,,,,,,,,,"07-Aug-26 11:39:33","Wagon to start position","Connection_2"
46241485802.8009,2,1,64,37,,,,,,,,,"07-Aug-26 11:39:33","Wagon waiting for Feeder","Connection_2"
46241485802.8009,2,1,64,74,"10","6","937","157-158",,,,,"07-Aug-26 11:39:33","Deployment in Progress - Pallet Nr: 10 Pallet Type: 6 Layer Nr: 937 Matt Nr: 157-158","Connection_2"
46241485837.6157,2,0,64,37,,,,,,,,,"07-Aug-26 11:39:36","Wagon waiting for Feeder","Connection_2"
46241485837.6157,2,0,64,74,"10","6","937","157-158",,,,,"07-Aug-26 11:39:36","Deployment in Progress - Pallet Nr: 10 Pallet Type: 6 Layer Nr: 937 Matt Nr: 157-158","Connection_2"
46241486232.2917,2,1,64,149,,,,,,,,,"07-Aug-26 11:40:10","Cutting","Connection_2"
46241486267.0949,2,1,64,150,,,,,,,,,"07-Aug-26 11:40:13","Cutting completed","Connection_2"
46241486290.3241,2,0,64,149,,,,,,,,,"07-Aug-26 11:40:15","Cutting","Connection_2"
46241486290.3241,2,0,64,150,,,,,,,,,"07-Aug-26 11:40:15","Cutting completed","Connection_2"
46241486429.6528,2,1,64,37,,,,,,,,,"07-Aug-26 11:40:28","Wagon waiting for Feeder","Connection_2"
46241486429.6528,2,1,64,72,,,,,,,,,"07-Aug-26 11:40:28","Unwinder Material Tension","Connection_2"
46241486465,2,1,64,36,,,,,,,,,"07-Aug-26 11:40:31","Wagon to start position","Connection_2"
46241486465,2,0,64,37,,,,,,,,,"07-Aug-26 11:40:31","Wagon waiting for Feeder","Connection_2"
46241486465,2,0,64,72,,,,,,,,,"07-Aug-26 11:40:31","Unwinder Material Tension","Connection_2"
46241486465,2,1,64,112,,,,,,,,,"07-Aug-26 11:40:31","Lowering Pallet","Connection_2"
46241486477.3148,2,1,64,132,,,,,,,,,"07-Aug-26 11:40:32","Feeder material to start position","Connection_2"
46241486500.463,2,0,64,112,,,,,,,,,"07-Aug-26 11:40:34","Lowering Pallet","Connection_2"
46241486523.0556,2,0,64,132,,,,,,,,,"07-Aug-26 11:40:36","Feeder material to start position","Connection_2"
46241486534.7222,2,0,64,36,,,,,,,,,"07-Aug-26 11:40:37","Wagon to start position","Connection_2"
46241486545.7986,2,1,64,37,,,,,,,,,"07-Aug-26 11:40:38","Wagon waiting for Feeder","Connection_2"
46241486557.3495,2,1,64,74,"10","6","938","155-156",,,,,"07-Aug-26 11:40:39","Deployment in Progress - Pallet Nr: 10 Pallet Type: 6 Layer Nr: 938 Matt Nr: 155-156","Connection_2"
46241486580.5556,2,0,64,37,,,,,,,,,"07-Aug-26 11:40:41","Wagon waiting for Feeder","Connection_2"
46241486603.7731,2,0,64,74,"10","6","938","155-156",,,,,"07-Aug-26 11:40:43","Deployment in Progress - Pallet Nr: 10 Pallet Type: 6 Layer Nr: 938 Matt Nr: 155-156","Connection_2"
46241486987.0139,2,1,64,149,,,,,,,,,"07-Aug-26 11:41:16","Cutting","Connection_2"
46241487022.3727,2,1,64,150,,,,,,,,,"07-Aug-26 11:41:19","Cutting completed","Connection_2"
46241487045.5671,2,0,64,149,,,,,,,,,"07-Aug-26 11:41:21","Cutting","Connection_2"
46241487045.5671,2,0,64,150,,,,,,,,,"07-Aug-26 11:41:21","Cutting completed","Connection_2"
46241487079.8032,2,1,64,37,,,,,,,,,"07-Aug-26 11:41:24","Wagon waiting for Feeder","Connection_2"
46241487079.8032,2,1,64,72,,,,,,,,,"07-Aug-26 11:41:24","Unwinder Material Tension","Connection_2"
46241487103.5764,2,1,64,36,,,,,,,,,"07-Aug-26 11:41:26","Wagon to start position","Connection_2"
46241487103.5764,2,0,64,37,,,,,,,,,"07-Aug-26 11:41:26","Wagon waiting for Feeder","Connection_2"
46241487103.5764,2,0,64,72,,,,,,,,,"07-Aug-26 11:41:26","Unwinder Material Tension","Connection_2"
46241487103.5764,2,1,64,112,,,,,,,,,"07-Aug-26 11:41:26","Lowering Pallet","Connection_2"
46241487115.8796,2,1,64,132,,,,,,,,,"07-Aug-26 11:41:27","Feeder material to start position","Connection_2"
46241487138.8542,2,0,64,112,,,,,,,,,"07-Aug-26 11:41:29","Lowering Pallet","Connection_2"
46241487149.9653,2,0,64,132,,,,,,,,,"07-Aug-26 11:41:30","Feeder material to start position","Connection_2"
46241487184.8727,2,0,64,36,,,,,,,,,"07-Aug-26 11:41:33","Wagon to start position","Connection_2"
46241487195.8796,2,1,64,37,,,,,,,,,"07-Aug-26 11:41:34","Wagon waiting for Feeder","Connection_2"
46241487195.8796,2,1,64,74,"10","6","939","153-154",,,,,"07-Aug-26 11:41:34","Deployment in Progress - Pallet Nr: 10 Pallet Type: 6 Layer Nr: 939 Matt Nr: 153-154","Connection_2"
46241487219.1088,2,0,64,37,,,,,,,,,"07-Aug-26 11:41:36","Wagon waiting for Feeder","Connection_2"
46241487253.9352,2,0,64,74,"10","6","939","153-154",,,,,"07-Aug-26 11:41:39","Deployment in Progress - Pallet Nr: 10 Pallet Type: 6 Layer Nr: 939 Matt Nr: 153-154","Connection_2"
46241487625.3356,2,1,64,149,,,,,,,,,"07-Aug-26 11:42:11","Cutting","Connection_2"
46241487660.5671,2,1,64,150,,,,,,,,,"07-Aug-26 11:42:14","Cutting completed","Connection_2"
46241487672.338,2,0,64,149,,,,,,,,,"07-Aug-26 11:42:15","Cutting","Connection_2"
46241487672.338,2,0,64,150,,,,,,,,,"07-Aug-26 11:42:15","Cutting completed","Connection_2"
46241487706.6435,2,1,64,37,,,,,,,,,"07-Aug-26 11:42:18","Wagon waiting for Feeder","Connection_2"
46241487706.6435,2,1,64,72,,,,,,,,,"07-Aug-26 11:42:18","Unwinder Material Tension","Connection_2"
46241487742.0602,2,1,64,36,,,,,,,,,"07-Aug-26 11:42:21","Wagon to start position","Connection_2"
46241487742.0602,2,0,64,37,,,,,,,,,"07-Aug-26 11:42:21","Wagon waiting for Feeder","Connection_2"
46241487742.0602,2,0,64,72,,,,,,,,,"07-Aug-26 11:42:21","Unwinder Material Tension","Connection_2"
46241487742.0602,2,1,64,112,,,,,,,,,"07-Aug-26 11:42:21","Lowering Pallet","Connection_2"
46241487754.2824,2,1,64,132,,,,,,,,,"07-Aug-26 11:42:22","Feeder material to start position","Connection_2"
46241487777.419,2,0,64,112,,,,,,,,,"07-Aug-26 11:42:24","Lowering Pallet","Connection_2"
46241487800.1157,2,0,64,132,,,,,,,,,"07-Aug-26 11:42:26","Feeder material to start position","Connection_2"
46241487811.6898,2,0,64,36,,,,,,,,,"07-Aug-26 11:42:27","Wagon to start position","Connection_2"
46241487834.3403,2,1,64,37,,,,,,,,,"07-Aug-26 11:42:29","Wagon waiting for Feeder","Connection_2"
46241487834.3403,2,1,64,74,"10","6","940","151-152",,,,,"07-Aug-26 11:42:29","Deployment in Progress - Pallet Nr: 10 Pallet Type: 6 Layer Nr: 940 Matt Nr: 151-152","Connection_2"
46241487857.581,2,0,64,37,,,,,,,,,"07-Aug-26 11:42:31","Wagon waiting for Feeder","Connection_2"
46241487880.7755,2,0,64,74,"10","6","940","151-152",,,,,"07-Aug-26 11:42:33","Deployment in Progress - Pallet Nr: 10 Pallet Type: 6 Layer Nr: 940 Matt Nr: 151-152","Connection_2"
46241488263.9468,2,1,64,149,,,,,,,,,"07-Aug-26 11:43:06","Cutting","Connection_2"
46241488298.8079,2,1,64,150,,,,,,,,,"07-Aug-26 11:43:09","Cutting completed","Connection_2"
46241488322.037,2,0,64,149,,,,,,,,,"07-Aug-26 11:43:11","Cutting","Connection_2"
46241488322.037,2,0,64,150,,,,,,,,,"07-Aug-26 11:43:11","Cutting completed","Connection_2"
46241488356.8634,2,1,64,37,,,,,,,,,"07-Aug-26 11:43:14","Wagon waiting for Feeder","Connection_2"
46241488356.8634,2,1,64,72,,,,,,,,,"07-Aug-26 11:43:14","Unwinder Material Tension","Connection_2"
46241488380.1389,2,0,64,37,,,,,,,,,"07-Aug-26 11:43:16","Wagon waiting for Feeder","Connection_2"
46241488380.1389,2,0,64,72,,,,,,,,,"07-Aug-26 11:43:16","Unwinder Material Tension","Connection_2"
46241488380.1389,2,1,64,112,,,,,,,,,"07-Aug-26 11:43:16","Lowering Pallet","Connection_2"
46241488392.8588,2,1,64,36,,,,,,,,,"07-Aug-26 11:43:17","Wagon to start position","Connection_2"
46241488392.8588,2,1,64,132,,,,,,,,,"07-Aug-26 11:43:17","Feeder material to start position","Connection_2"
46241488416.088,2,0,64,112,,,,,,,,,"07-Aug-26 11:43:19","Lowering Pallet","Connection_2"
46241488438.7847,2,0,64,132,,,,,,,,,"07-Aug-26 11:43:21","Feeder material to start position","Connection_2"
46241488462.0139,2,0,64,36,,,,,,,,,"07-Aug-26 11:43:23","Wagon to start position","Connection_2"
46241488472.9977,2,1,64,37,,,,,,,,,"07-Aug-26 11:43:24","Wagon waiting for Feeder","Connection_2"
46241488472.9977,2,1,64,74,"10","6","941","149-150",,,,,"07-Aug-26 11:43:24","Deployment in Progress - Pallet Nr: 10 Pallet Type: 6 Layer Nr: 941 Matt Nr: 149-150","Connection_2"
46241488496.2269,2,0,64,37,,,,,,,,,"07-Aug-26 11:43:26","Wagon waiting for Feeder","Connection_2"
46241488496.2269,2,0,64,74,"10","6","941","149-150",,,,,"07-Aug-26 11:43:26","Deployment in Progress - Pallet Nr: 10 Pallet Type: 6 Layer Nr: 941 Matt Nr: 149-150","Connection_2"
46241488902.5347,2,1,64,149,,,,,,,,,"07-Aug-26 11:44:01","Cutting","Connection_2"
46241488937.3611,2,1,64,150,,,,,,,,,"07-Aug-26 11:44:04","Cutting completed","Connection_2"
46241488960.5671,2,0,64,149,,,,,,,,,"07-Aug-26 11:44:06","Cutting","Connection_2"
46241488960.5671,2,0,64,150,,,,,,,,,"07-Aug-26 11:44:06","Cutting completed","Connection_2"
46241488995.4167,2,1,64,37,,,,,,,,,"07-Aug-26 11:44:09","Wagon waiting for Feeder","Connection_2"
46241488995.4167,2,1,64,72,,,,,,,,,"07-Aug-26 11:44:09","Unwinder Material Tension","Connection_2"
46241489018.6343,2,0,64,37,,,,,,,,,"07-Aug-26 11:44:11","Wagon waiting for Feeder","Connection_2"
46241489018.6343,2,0,64,72,,,,,,,,,"07-Aug-26 11:44:11","Unwinder Material Tension","Connection_2"
46241489018.6343,2,1,64,112,,,,,,,,,"07-Aug-26 11:44:11","Lowering Pallet","Connection_2"
46241489031.4352,2,1,64,36,,,,,,,,,"07-Aug-26 11:44:12","Wagon to start position","Connection_2"
46241489031.4352,2,1,64,132,,,,,,,,,"07-Aug-26 11:44:12","Feeder material to start position","Connection_2"
46241489065.6713,2,0,64,112,,,,,,,,,"07-Aug-26 11:44:15","Lowering Pallet","Connection_2"
46241489065.6713,2,0,64,132,,,,,,,,,"07-Aug-26 11:44:15","Feeder material to start position","Connection_2"
46241489100.6019,2,0,64,36,,,,,,,,,"07-Aug-26 11:44:18","Wagon to start position","Connection_2"
46241489111.5741,2,1,64,37,,,,,,,,,"07-Aug-26 11:44:19","Wagon waiting for Feeder","Connection_2"
46241489111.5741,2,1,64,74,"10","6","942","147-148",,,,,"07-Aug-26 11:44:19","Deployment in Progress - Pallet Nr: 10 Pallet Type: 6 Layer Nr: 942 Matt Nr: 147-148","Connection_2"
46241489134.7685,2,0,64,37,,,,,,,,,"07-Aug-26 11:44:21","Wagon waiting for Feeder","Connection_2"
46241489169.6181,2,0,64,74,"10","6","942","147-148",,,,,"07-Aug-26 11:44:24","Deployment in Progress - Pallet Nr: 10 Pallet Type: 6 Layer Nr: 942 Matt Nr: 147-148","Connection_2"
46241489552.8009,2,1,64,149,,,,,,,,,"07-Aug-26 11:44:57","Cutting","Connection_2"
46241489576.0764,2,1,64,150,,,,,,,,,"07-Aug-26 11:44:59","Cutting completed","Connection_2"
46241489599.8611,2,0,64,149,,,,,,,,,"07-Aug-26 11:45:01","Cutting","Connection_2"
46241489599.8611,2,0,64,150,,,,,,,,,"07-Aug-26 11:45:01","Cutting completed","Connection_2"
46241489634.1204,2,1,64,37,,,,,,,,,"07-Aug-26 11:45:04","Wagon waiting for Feeder","Connection_2"
46241489634.1204,2,1,64,72,,,,,,,,,"07-Aug-26 11:45:04","Unwinder Material Tension","Connection_2"
46241489657.3727,2,0,64,37,,,,,,,,,"07-Aug-26 11:45:06","Wagon waiting for Feeder","Connection_2"
46241489657.3727,2,0,64,72,,,,,,,,,"07-Aug-26 11:45:06","Unwinder Material Tension","Connection_2"
46241489657.3727,2,1,64,112,,,,,,,,,"07-Aug-26 11:45:06","Lowering Pallet","Connection_2"
46241489670.1389,2,1,64,36,,,,,,,,,"07-Aug-26 11:45:07","Wagon to start position","Connection_2"
46241489670.1389,2,1,64,132,,,,,,,,,"07-Aug-26 11:45:07","Feeder material to start position","Connection_2"
46241489693.287,2,0,64,112,,,,,,,,,"07-Aug-26 11:45:09","Lowering Pallet","Connection_2"
46241489715.9722,2,0,64,132,,,,,,,,,"07-Aug-26 11:45:11","Feeder material to start position","Connection_2"
46241489739.213,2,0,64,36,,,,,,,,,"07-Aug-26 11:45:13","Wagon to start position","Connection_2"
46241489750.2546,2,1,64,37,,,,,,,,,"07-Aug-26 11:45:14","Wagon waiting for Feeder","Connection_2"
46241489750.2546,2,1,64,74,"10","6","943","17-18",,,,,"07-Aug-26 11:45:14","Deployment in Progress - Pallet Nr: 10 Pallet Type: 6 Layer Nr: 943 Matt Nr: 17-18","Connection_2"
46241489785.0926,2,0,64,37,,,,,,,,,"07-Aug-26 11:45:17","Wagon waiting for Feeder","Connection_2"
46241489808.2986,2,0,64,74,"10","6","943","17-18",,,,,"07-Aug-26 11:45:19","Deployment in Progress - Pallet Nr: 10 Pallet Type: 6 Layer Nr: 943 Matt Nr: 17-18","Connection_2"
46241489959.2361,2,1,64,149,,,,,,,,,"07-Aug-26 11:45:32","Cutting","Connection_2"
46241489994.6412,2,1,64,150,,,,,,,,,"07-Aug-26 11:45:36","Cutting completed","Connection_2"
46241490017.8241,2,0,64,149,,,,,,,,,"07-Aug-26 11:45:38","Cutting","Connection_2"
46241490017.8241,2,0,64,150,,,,,,,,,"07-Aug-26 11:45:38","Cutting completed","Connection_2"
46241490040.4861,2,1,64,37,,,,,,,,,"07-Aug-26 11:45:39","Wagon waiting for Feeder","Connection_2"
46241490040.4861,2,1,64,72,,,,,,,,,"07-Aug-26 11:45:39","Unwinder Material Tension","Connection_2"
46241490064.919,2,1,64,36,,,,,,,,,"07-Aug-26 11:45:42","Wagon to start position","Connection_2"
46241490064.919,2,1,64,132,,,,,,,,,"07-Aug-26 11:45:42","Feeder material to start position","Connection_2"
46241490088.0671,2,0,64,37,,,,,,,,,"07-Aug-26 11:45:44","Wagon waiting for Feeder","Connection_2"
46241490088.0671,2,0,64,72,,,,,,,,,"07-Aug-26 11:45:44","Unwinder Material Tension","Connection_2"
46241490110.7523,2,0,64,132,,,,,,,,,"07-Aug-26 11:45:46","Feeder material to start position","Connection_2"
46241490122.419,2,0,64,36,,,,,,,,,"07-Aug-26 11:45:47","Wagon to start position","Connection_2"
46241490168.2639,2,1,64,37,,,,,,,,,"07-Aug-26 11:45:51","Wagon waiting for Feeder","Connection_2"
46241490168.2639,2,1,64,74,"10","6","944","15-16",,,,,"07-Aug-26 11:45:51","Deployment in Progress - Pallet Nr: 10 Pallet Type: 6 Layer Nr: 944 Matt Nr: 15-16","Connection_2"
46241490191.4699,2,0,64,37,,,,,,,,,"07-Aug-26 11:45:53","Wagon waiting for Feeder","Connection_2"
46241490214.7106,2,0,64,74,"10","6","944","15-16",,,,,"07-Aug-26 11:45:55","Deployment in Progress - Pallet Nr: 10 Pallet Type: 6 Layer Nr: 944 Matt Nr: 15-16","Connection_2"
46241490365.6944,2,1,64,149,,,,,,,,,"07-Aug-26 11:46:08","Cutting","Connection_2"
46241490400.5208,2,1,64,150,,,,,,,,,"07-Aug-26 11:46:11","Cutting completed","Connection_2"
46241490423.7847,2,0,64,149,,,,,,,,,"07-Aug-26 11:46:13","Cutting","Connection_2"
46241490423.7847,2,0,64,150,,,,,,,,,"07-Aug-26 11:46:13","Cutting completed","Connection_2"
46241490458.6227,2,1,64,37,,,,,,,,,"07-Aug-26 11:46:16","Wagon waiting for Feeder","Connection_2"
46241490458.6227,2,1,64,72,,,,,,,,,"07-Aug-26 11:46:16","Unwinder Material Tension","Connection_2"
46241490481.8518,2,0,64,37,,,,,,,,,"07-Aug-26 11:46:18","Wagon waiting for Feeder","Connection_2"
46241490481.8518,2,0,64,72,,,,,,,,,"07-Aug-26 11:46:18","Unwinder Material Tension","Connection_2"
46241490481.8518,2,1,64,112,,,,,,,,,"07-Aug-26 11:46:18","Lowering Pallet","Connection_2"
46241490494.1782,2,1,64,36,,,,,,,,,"07-Aug-26 11:46:19","Wagon to start position","Connection_2"
46241490494.1782,2,1,64,132,,,,,,,,,"07-Aug-26 11:46:19","Feeder material to start position","Connection_2"
46241490529.2593,2,0,64,112,,,,,,,,,"07-Aug-26 11:46:22","Lowering Pallet","Connection_2"
46241490540.4745,2,0,64,132,,,,,,,,,"07-Aug-26 11:46:23","Feeder material to start position","Connection_2"
46241490563.6227,2,0,64,36,,,,,,,,,"07-Aug-26 11:46:25","Wagon to start position","Connection_2"
46241490574.7106,2,1,64,37,,,,,,,,,"07-Aug-26 11:46:26","Wagon waiting for Feeder","Connection_2"
46241490574.7106,2,1,64,74,"10","6","945","13-14",,,,,"07-Aug-26 11:46:26","Deployment in Progress - Pallet Nr: 10 Pallet Type: 6 Layer Nr: 945 Matt Nr: 13-14","Connection_2"
46241490597.9398,2,0,64,37,,,,,,,,,"07-Aug-26 11:46:28","Wagon waiting for Feeder","Connection_2"
46241490632.8009,2,0,64,74,"10","6","945","13-14",,,,,"07-Aug-26 11:46:31","Deployment in Progress - Pallet Nr: 10 Pallet Type: 6 Layer Nr: 945 Matt Nr: 13-14","Connection_2"
46241490783.75,2,1,64,149,,,,,,,,,"07-Aug-26 11:46:44","Cutting","Connection_2"
46241490806.9907,2,1,64,150,,,,,,,,,"07-Aug-26 11:46:46","Cutting completed","Connection_2"
46241490830.8565,2,0,64,149,,,,,,,,,"07-Aug-26 11:46:48","Cutting","Connection_2"
46241490830.8565,2,0,64,150,,,,,,,,,"07-Aug-26 11:46:48","Cutting completed","Connection_2"
46241490865.0463,2,1,64,37,,,,,,,,,"07-Aug-26 11:46:51","Wagon waiting for Feeder","Connection_2"
46241490865.0463,2,1,64,72,,,,,,,,,"07-Aug-26 11:46:51","Unwinder Material Tension","Connection_2"
46241490889.5486,2,1,64,36,,,,,,,,,"07-Aug-26 11:46:53","Wagon to start position","Connection_2"
46241490889.5486,2,1,64,132,,,,,,,,,"07-Aug-26 11:46:53","Feeder material to start position","Connection_2"
46241490901.0417,2,0,64,37,,,,,,,,,"07-Aug-26 11:46:54","Wagon waiting for Feeder","Connection_2"
46241490901.0417,2,0,64,72,,,,,,,,,"07-Aug-26 11:46:54","Unwinder Material Tension","Connection_2"
46241490935.3009,2,0,64,132,,,,,,,,,"07-Aug-26 11:46:57","Feeder material to start position","Connection_2"
46241490946.875,2,0,64,36,,,,,,,,,"07-Aug-26 11:46:58","Wagon to start position","Connection_2"
46241490981.1458,2,1,64,37,,,,,,,,,"07-Aug-26 11:47:01","Wagon waiting for Feeder","Connection_2"
46241490981.1458,2,1,64,74,"10","6","946","11-12",,,,,"07-Aug-26 11:47:01","Deployment in Progress - Pallet Nr: 10 Pallet Type: 6 Layer Nr: 946 Matt Nr: 11-12","Connection_2"
46241491015.9722,2,0,64,37,,,,,,,,,"07-Aug-26 11:47:04","Wagon waiting for Feeder","Connection_2"
46241491039.1898,2,0,64,74,"10","6","946","11-12",,,,,"07-Aug-26 11:47:06","Deployment in Progress - Pallet Nr: 10 Pallet Type: 6 Layer Nr: 946 Matt Nr: 11-12","Connection_2"
46241491190.1157,2,1,64,149,,,,,,,,,"07-Aug-26 11:47:19","Cutting","Connection_2"
46241491225.4861,2,1,64,150,,,,,,,,,"07-Aug-26 11:47:22","Cutting completed","Connection_2"
46241491248.7731,2,0,64,149,,,,,,,,,"07-Aug-26 11:47:24","Cutting","Connection_2"
46241491248.7731,2,0,64,150,,,,,,,,,"07-Aug-26 11:47:24","Cutting completed","Connection_2"
46241491271.3773,2,1,64,37,,,,,,,,,"07-Aug-26 11:47:26","Wagon waiting for Feeder","Connection_2"
46241491271.3773,2,1,64,72,,,,,,,,,"07-Aug-26 11:47:26","Unwinder Material Tension","Connection_2"
46241491306.2153,2,0,64,37,,,,,,,,,"07-Aug-26 11:47:29","Wagon waiting for Feeder","Connection_2"
46241491306.2153,2,0,64,72,,,,,,,,,"07-Aug-26 11:47:29","Unwinder Material Tension","Connection_2"
46241491306.2153,2,1,64,112,,,,,,,,,"07-Aug-26 11:47:29","Lowering Pallet","Connection_2"
46241491318.4491,2,1,64,36,,,,,,,,,"07-Aug-26 11:47:30","Wagon to start position","Connection_2"
46241491330.5671,2,1,64,132,,,,,,,,,"07-Aug-26 11:47:31","Feeder material to start position","Connection_2"
46241491353.6458,2,0,64,112,,,,,,,,,"07-Aug-26 11:47:33","Lowering Pallet","Connection_2"
46241491364.838,2,0,64,132,,,,,,,,,"07-Aug-26 11:47:34","Feeder material to start position","Connection_2"
46241491388.1713,2,0,64,36,,,,,,,,,"07-Aug-26 11:47:36","Wagon to start position","Connection_2"
46241491399.1551,2,1,64,37,,,,,,,,,"07-Aug-26 11:47:37","Wagon waiting for Feeder","Connection_2"
46241491399.1551,2,1,64,74,"10","6","947","9-10",,,,,"07-Aug-26 11:47:37","Deployment in Progress - Pallet Nr: 10 Pallet Type: 6 Layer Nr: 947 Matt Nr: 9-10","Connection_2"
46241491422.3843,2,0,64,37,,,,,,,,,"07-Aug-26 11:47:39","Wagon waiting for Feeder","Connection_2"
46241491445.6134,2,0,64,74,"10","6","947","9-10",,,,,"07-Aug-26 11:47:41","Deployment in Progress - Pallet Nr: 10 Pallet Type: 6 Layer Nr: 947 Matt Nr: 9-10","Connection_2"
46241491596.5509,2,1,64,149,,,,,,,,,"07-Aug-26 11:47:54","Cutting","Connection_2"
46241491631.3889,2,1,64,150,,,,,,,,,"07-Aug-26 11:47:57","Cutting completed","Connection_2"
46241491655.2083,2,0,64,149,,,,,,,,,"07-Aug-26 11:47:59","Cutting","Connection_2"
46241491655.2083,2,0,64,150,,,,,,,,,"07-Aug-26 11:47:59","Cutting completed","Connection_2"
46241491689.4444,2,1,64,37,,,,,,,,,"07-Aug-26 11:48:02","Wagon waiting for Feeder","Connection_2"
46241491689.4444,2,1,64,72,,,,,,,,,"07-Aug-26 11:48:02","Unwinder Material Tension","Connection_2"
46241491713.831,2,1,64,36,,,,,,,,,"07-Aug-26 11:48:04","Wagon to start position","Connection_2"
46241491713.831,2,1,64,132,,,,,,,,,"07-Aug-26 11:48:04","Feeder material to start position","Connection_2"
46241491725.4977,2,0,64,37,,,,,,,,,"07-Aug-26 11:48:05","Wagon waiting for Feeder","Connection_2"
46241491725.4977,2,0,64,72,,,,,,,,,"07-Aug-26 11:48:05","Unwinder Material Tension","Connection_2"
46241491759.6528,2,0,64,132,,,,,,,,,"07-Aug-26 11:48:08","Feeder material to start position","Connection_2"
46241491771.3194,2,0,64,36,,,,,,,,,"07-Aug-26 11:48:09","Wagon to start position","Connection_2"
46241491805.5208,2,1,64,37,,,,,,,,,"07-Aug-26 11:48:12","Wagon waiting for Feeder","Connection_2"
46241491805.5208,2,1,64,74,"10","6","948","7-8",,,,,"07-Aug-26 11:48:12","Deployment in Progress - Pallet Nr: 10 Pallet Type: 6 Layer Nr: 948 Matt Nr: 7-8","Connection_2"
46241491840.3588,2,0,64,37,,,,,,,,,"07-Aug-26 11:48:15","Wagon waiting for Feeder","Connection_2"
46241491863.5764,2,0,64,74,"10","6","948","7-8",,,,,"07-Aug-26 11:48:17","Deployment in Progress - Pallet Nr: 10 Pallet Type: 6 Layer Nr: 948 Matt Nr: 7-8","Connection_2"
46241492014.5139,2,1,64,149,,,,,,,,,"07-Aug-26 11:48:30","Cutting","Connection_2"
46241492049.9421,2,1,64,150,,,,,,,,,"07-Aug-26 11:48:33","Cutting completed","Connection_2"
46241492072.5463,2,0,64,149,,,,,,,,,"07-Aug-26 11:48:35","Cutting","Connection_2"
46241492072.5463,2,0,64,150,,,,,,,,,"07-Aug-26 11:48:35","Cutting completed","Connection_2"
46241494135.8565,2,1,65,1003,"949",,,,,,,,"07-Aug-26 11:51:33","Start Layer - Nr: 949","Connection_1"
46241494159.0046,2,0,65,1003,"949",,,,,,,,"07-Aug-26 11:51:35","Start Layer - Nr: 949","Connection_1"
46241494307.6505,2,0,65,1113,,,,,,,,,"07-Aug-26 11:51:48","Unwinder 1 Unload","Connection_1"
46241494313.588,2,1,64,128,,,,,,,,,"07-Aug-26 11:51:49","Unloading ended","Connection_2"
46241494348.4375,2,0,64,128,,,,,,,,,"07-Aug-26 11:51:52","Unloading ended","Connection_2"
46241494638.831,2,1,64,129,,,,,,,,,"07-Aug-26 11:52:17","Unloading started","Connection_2"
46241494662.037,2,0,64,129,,,,,,,,,"07-Aug-26 11:52:19","Unloading started","Connection_2"
46241494697.0718,2,1,65,1111,,,,,,,,,"07-Aug-26 11:52:22","Unwinder 1 Backward","Connection_1"
46241494737.6505,2,1,65,1152,,,,,,,,,"07-Aug-26 11:52:25","Unwinder 5 Load","Connection_1"
46241494744.3634,2,1,64,126,,,,,,,,,"07-Aug-26 11:52:26","Loading starting","Connection_2"
46241494744.375,2,1,64,131,,,,,,,,,"07-Aug-26 11:52:26","Feeder prepering for load of material","Connection_2"
46241494790.8565,2,0,64,126,,,,,,,,,"07-Aug-26 11:52:30","Loading starting","Connection_2"
46241494790.8565,2,0,64,131,,,,,,,,,"07-Aug-26 11:52:30","Feeder prepering for load of material","Connection_2"
46241494887.7199,2,0,65,1153,,,,,,,,,"07-Aug-26 11:52:38","Unwinder 5 Unload","Connection_1"
46241494889.9769,2,1,65,1153,,,,,,,,,"07-Aug-26 11:52:38","Unwinder 5 Unload","Connection_1"
46241494891.6898,2,0,65,1153,,,,,,,,,"07-Aug-26 11:52:39","Unwinder 5 Unload","Connection_1"
46241494893.6111,2,1,65,1153,,,,,,,,,"07-Aug-26 11:52:39","Unwinder 5 Unload","Connection_1"
46241494895.8449,2,0,65,1153,,,,,,,,,"07-Aug-26 11:52:39","Unwinder 5 Unload","Connection_1"
46241494897.8125,2,1,65,1153,,,,,,,,,"07-Aug-26 11:52:39","Unwinder 5 Unload","Connection_1"
46241494899.8495,2,0,65,1153,,,,,,,,,"07-Aug-26 11:52:39","Unwinder 5 Unload","Connection_1"
46241494901.8171,2,1,65,1153,,,,,,,,,"07-Aug-26 11:52:40","Unwinder 5 Unload","Connection_1"
46241494905.7292,2,0,65,1153,,,,,,,,,"07-Aug-26 11:52:40","Unwinder 5 Unload","Connection_1"
46241494907.6736,2,1,65,1153,,,,,,,,,"07-Aug-26 11:52:40","Unwinder 5 Unload","Connection_1"
46241494909.5833,2,0,65,1153,,,,,,,,,"07-Aug-26 11:52:40","Unwinder 5 Unload","Connection_1"
46241494911.6088,2,1,65,1153,,,,,,,,,"07-Aug-26 11:52:40","Unwinder 5 Unload","Connection_1"
46241494913.5648,2,0,65,1153,,,,,,,,,"07-Aug-26 11:52:41","Unwinder 5 Unload","Connection_1"
46241494915.4977,2,1,65,1153,,,,,,,,,"07-Aug-26 11:52:41","Unwinder 5 Unload","Connection_1"
46241494917.7662,2,0,65,1153,,,,,,,,,"07-Aug-26 11:52:41","Unwinder 5 Unload","Connection_1"
46241494920.1736,2,1,65,1153,,,,,,,,,"07-Aug-26 11:52:41","Unwinder 5 Unload","Connection_1"
46241494922.2801,2,0,65,1153,,,,,,,,,"07-Aug-26 11:52:41","Unwinder 5 Unload","Connection_1"
46241494924.7917,2,1,65,1153,,,,,,,,,"07-Aug-26 11:52:42","Unwinder 5 Unload","Connection_1"
46241494926.5046,2,0,65,1153,,,,,,,,,"07-Aug-26 11:52:42","Unwinder 5 Unload","Connection_1"
46241494928.5532,2,1,65,1153,,,,,,,,,"07-Aug-26 11:52:42","Unwinder 5 Unload","Connection_1"
46241494930.7176,2,0,65,1153,,,,,,,,,"07-Aug-26 11:52:42","Unwinder 5 Unload","Connection_1"
46241494932.662,2,1,65,1153,,,,,,,,,"07-Aug-26 11:52:42","Unwinder 5 Unload","Connection_1"
46241494934.5949,2,0,65,1153,,,,,,,,,"07-Aug-26 11:52:42","Unwinder 5 Unload","Connection_1"
46241494936.4699,2,1,65,1153,,,,,,,,,"07-Aug-26 11:52:43","Unwinder 5 Unload","Connection_1"
46241494938.3565,2,0,65,1153,,,,,,,,,"07-Aug-26 11:52:43","Unwinder 5 Unload","Connection_1"
46241494940.2662,2,1,65,1153,,,,,,,,,"07-Aug-26 11:52:43","Unwinder 5 Unload","Connection_1"
46241494942.2338,2,0,65,1153,,,,,,,,,"07-Aug-26 11:52:43","Unwinder 5 Unload","Connection_1"
46241494944.1088,2,1,65,1153,,,,,,,,,"07-Aug-26 11:52:43","Unwinder 5 Unload","Connection_1"
46241494946.0995,2,0,65,1153,,,,,,,,,"07-Aug-26 11:52:43","Unwinder 5 Unload","Connection_1"
46241494948.2755,2,1,65,1153,,,,,,,,,"07-Aug-26 11:52:44","Unwinder 5 Unload","Connection_1"
46241494950.3125,2,0,65,1153,,,,,,,,,"07-Aug-26 11:52:44","Unwinder 5 Unload","Connection_1"
46241494952.2338,2,1,65,1153,,,,,,,,,"07-Aug-26 11:52:44","Unwinder 5 Unload","Connection_1"
46241494952.3611,2,1,64,127,,,,,,,,,"07-Aug-26 11:52:44","Loading ended","Connection_2"
46241494954.2477,2,0,65,1153,,,,,,,,,"07-Aug-26 11:52:44","Unwinder 5 Unload","Connection_1"
46241494956.3773,2,1,65,1153,,,,,,,,,"07-Aug-26 11:52:44","Unwinder 5 Unload","Connection_1"
46241494987.1759,2,0,64,127,,,,,,,,,"07-Aug-26 11:52:47","Loading ended","Connection_2"
46241495029.3519,2,0,65,1151,,,,,,,,,"07-Aug-26 11:52:51","Unwinder 5 Backward","Connection_1"
46241495099.0509,2,1,65,1150,,,,,,,,,"07-Aug-26 11:52:57","Unwinder 5 Forward","Connection_1"
46241495134.6644,2,0,65,1150,,,,,,,,,"07-Aug-26 11:53:00","Unwinder 5 Forward","Connection_1"
46241495167.419,2,1,65,1151,,,,,,,,,"07-Aug-26 11:53:02","Unwinder 5 Backward","Connection_1"
46241495201.1227,2,0,65,1152,,,,,,,,,"07-Aug-26 11:53:05","Unwinder 5 Load","Connection_1"
46241495208.044,2,1,64,126,,,,,,,,,"07-Aug-26 11:53:06","Loading starting","Connection_2"
46241495208.044,2,1,64,131,,,,,,,,,"07-Aug-26 11:53:06","Feeder prepering for load of material","Connection_2"
46241495242.6736,2,0,64,126,,,,,,,,,"07-Aug-26 11:53:09","Loading starting","Connection_2"
46241495242.6736,2,0,64,131,,,,,,,,,"07-Aug-26 11:53:09","Feeder prepering for load of material","Connection_2"
46241495254.8958,2,1,64,130,,,,,,,,,"07-Aug-26 11:53:10","Buffer go to position","Connection_2"
46241495280.4514,2,1,65,1002,,,,,,,,,"07-Aug-26 11:53:12","Acknowledge material present","Connection_1"
46241495289.7106,2,0,64,130,,,,,,,,,"07-Aug-26 11:53:13","Buffer go to position","Connection_2"
46241495718.8079,2,1,64,149,,,,,,,,,"07-Aug-26 11:53:50","Cutting","Connection_2"
46241495753.6227,2,1,64,150,,,,,,,,,"07-Aug-26 11:53:53","Cutting completed","Connection_2"
46241495765.8218,2,1,64,127,,,,,,,,,"07-Aug-26 11:53:54","Loading ended","Connection_2"
46241495776.8287,2,0,64,149,,,,,,,,,"07-Aug-26 11:53:55","Cutting","Connection_2"
46241495776.8287,2,0,64,150,,,,,,,,,"07-Aug-26 11:53:55","Cutting completed","Connection_2"
46241495788.4259,2,0,64,127,,,,,,,,,"07-Aug-26 11:53:56","Loading ended","Connection_2"
46241495790.9491,2,1,65,1003,"949",,,,,,,,"07-Aug-26 11:53:56","Start Layer - Nr: 949","Connection_1"
46241495800.0579,2,1,64,37,,,,,,,,,"07-Aug-26 11:53:57","Wagon waiting for Feeder","Connection_2"
46241495800.0579,2,1,64,72,,,,,,,,,"07-Aug-26 11:53:57","Unwinder Material Tension","Connection_2"
46241495823.2639,2,0,64,37,,,,,,,,,"07-Aug-26 11:53:59","Wagon waiting for Feeder","Connection_2"
46241495823.2639,2,0,64,72,,,,,,,,,"07-Aug-26 11:53:59","Unwinder Material Tension","Connection_2"
46241495823.2639,2,1,64,112,,,,,,,,,"07-Aug-26 11:53:59","Lowering Pallet","Connection_2"
46241495858.0787,2,0,64,112,,,,,,,,,"07-Aug-26 11:54:02","Lowering Pallet","Connection_2"
46241495870.2662,2,1,64,36,,,,,,,,,"07-Aug-26 11:54:03","Wagon to start position","Connection_2"
46241495870.2662,2,1,64,37,,,,,,,,,"07-Aug-26 11:54:03","Wagon waiting for Feeder","Connection_2"
46241495870.2662,2,1,64,132,,,,,,,,,"07-Aug-26 11:54:03","Feeder material to start position","Connection_2"
46241495893.4259,2,0,64,36,,,,,,,,,"07-Aug-26 11:54:05","Wagon to start position","Connection_2"
46241495893.4259,2,0,64,37,,,,,,,,,"07-Aug-26 11:54:05","Wagon waiting for Feeder","Connection_2"
46241495905,2,0,64,132,,,,,,,,,"07-Aug-26 11:54:06","Feeder material to start position","Connection_2"
46241495927.7431,2,1,64,74,"10","6","949","9",,,,,"07-Aug-26 11:54:08","Deployment in Progress - Pallet Nr: 10 Pallet Type: 6 Layer Nr: 949 Matt Nr: 9","Connection_2"
46241495950.9606,2,0,64,74,"10","6","949","9",,,,,"07-Aug-26 11:54:10","Deployment in Progress - Pallet Nr: 10 Pallet Type: 6 Layer Nr: 949 Matt Nr: 9","Connection_2"
46241496125.1505,2,1,64,149,,,,,,,,,"07-Aug-26 11:54:25","Cutting","Connection_2"
46241496159.9769,2,1,64,150,,,,,,,,,"07-Aug-26 11:54:28","Cutting completed","Connection_2"
46241496183.1944,2,0,64,149,,,,,,,,,"07-Aug-26 11:54:30","Cutting","Connection_2"
46241496183.1944,2,0,64,150,,,,,,,,,"07-Aug-26 11:54:30","Cutting completed","Connection_2"
46241496218.0208,2,1,64,37,,,,,,,,,"07-Aug-26 11:54:33","Wagon waiting for Feeder","Connection_2"
46241496218.0208,2,1,64,72,,,,,,,,,"07-Aug-26 11:54:33","Unwinder Material Tension","Connection_2"
46241496230.5093,2,1,64,36,,,,,,,,,"07-Aug-26 11:54:34","Wagon to start position","Connection_2"
46241496230.5093,2,1,64,132,,,,,,,,,"07-Aug-26 11:54:34","Feeder material to start position","Connection_2"
46241496253.6574,2,0,64,37,,,,,,,,,"07-Aug-26 11:54:36","Wagon waiting for Feeder","Connection_2"
46241496253.6574,2,0,64,72,,,,,,,,,"07-Aug-26 11:54:36","Unwinder Material Tension","Connection_2"
46241496276.713,2,0,64,132,,,,,,,,,"07-Aug-26 11:54:38","Feeder material to start position","Connection_2"
46241496299.7685,2,0,64,36,,,,,,,,,"07-Aug-26 11:54:40","Wagon to start position","Connection_2"
46241496334.1898,2,1,64,37,,,,,,,,,"07-Aug-26 11:54:43","Wagon waiting for Feeder","Connection_2"
46241496334.1898,2,1,64,74,"10","6","950","8",,,,,"07-Aug-26 11:54:43","Deployment in Progress - Pallet Nr: 10 Pallet Type: 6 Layer Nr: 950 Matt Nr: 8","Connection_2"
46241496357.3958,2,0,64,37,,,,,,,,,"07-Aug-26 11:54:45","Wagon waiting for Feeder","Connection_2"
46241496357.3958,2,0,64,74,"10","6","950","8",,,,,"07-Aug-26 11:54:45","Deployment in Progress - Pallet Nr: 10 Pallet Type: 6 Layer Nr: 950 Matt Nr: 8","Connection_2"
46241496531.5972,2,1,64,149,,,,,,,,,"07-Aug-26 11:55:00","Cutting","Connection_2"
46241496566.4236,2,1,64,150,,,,,,,,,"07-Aug-26 11:55:03","Cutting completed","Connection_2"
46241496589.6296,2,0,64,149,,,,,,,,,"07-Aug-26 11:55:05","Cutting","Connection_2"
46241496589.6296,2,0,64,150,,,,,,,,,"07-Aug-26 11:55:05","Cutting completed","Connection_2"
46241496624.4676,2,1,64,37,,,,,,,,,"07-Aug-26 11:55:08","Wagon waiting for Feeder","Connection_2"
46241496624.4676,2,1,64,72,,,,,,,,,"07-Aug-26 11:55:08","Unwinder Material Tension","Connection_2"
46241496648.5648,2,1,64,36,,,,,,,,,"07-Aug-26 11:55:10","Wagon to start position","Connection_2"
46241496648.5648,2,0,64,37,,,,,,,,,"07-Aug-26 11:55:10","Wagon waiting for Feeder","Connection_2"
46241496648.5648,2,0,64,72,,,,,,,,,"07-Aug-26 11:55:10","Unwinder Material Tension","Connection_2"
46241496648.5648,2,1,64,112,,,,,,,,,"07-Aug-26 11:55:10","Lowering Pallet","Connection_2"
46241496648.5648,2,1,64,132,,,,,,,,,"07-Aug-26 11:55:10","Feeder material to start position","Connection_2"
46241496694.5949,2,0,64,36,,,,,,,,,"07-Aug-26 11:55:14","Wagon to start position","Connection_2"
46241496694.5949,2,0,64,112,,,,,,,,,"07-Aug-26 11:55:14","Lowering Pallet","Connection_2"
46241496694.5949,2,0,64,132,,,,,,,,,"07-Aug-26 11:55:14","Feeder material to start position","Connection_2"
46241496740.5324,2,1,64,37,,,,,,,,,"07-Aug-26 11:55:18","Wagon waiting for Feeder","Connection_2"
46241496740.5324,2,1,64,74,"10","6","951","7",,,,,"07-Aug-26 11:55:18","Deployment in Progress - Pallet Nr: 10 Pallet Type: 6 Layer Nr: 951 Matt Nr: 7","Connection_2"
46241496763.7616,2,0,64,37,,,,,,,,,"07-Aug-26 11:55:20","Wagon waiting for Feeder","Connection_2"
46241496798.5648,2,0,64,74,"10","6","951","7",,,,,"07-Aug-26 11:55:23","Deployment in Progress - Pallet Nr: 10 Pallet Type: 6 Layer Nr: 951 Matt Nr: 7","Connection_2"
46241496949.5255,2,1,64,149,,,,,,,,,"07-Aug-26 11:55:36","Cutting","Connection_2"
46241496984.919,2,1,64,150,,,,,,,,,"07-Aug-26 11:55:39","Cutting completed","Connection_2"
46241497008.206,2,0,64,149,,,,,,,,,"07-Aug-26 11:55:42","Cutting","Connection_2"
46241497008.206,2,0,64,150,,,,,,,,,"07-Aug-26 11:55:42","Cutting completed","Connection_2"
46241497043.0671,2,1,64,37,,,,,,,,,"07-Aug-26 11:55:45","Wagon waiting for Feeder","Connection_2"
46241497043.0671,2,1,64,72,,,,,,,,,"07-Aug-26 11:55:45","Unwinder Material Tension","Connection_2"
46241497055.0116,2,1,64,36,,,,,,,,,"07-Aug-26 11:55:46","Wagon to start position","Connection_2"
46241497090.0116,2,0,64,37,,,,,,,,,"07-Aug-26 11:55:49","Wagon waiting for Feeder","Connection_2"
46241497090.0116,2,0,64,72,,,,,,,,,"07-Aug-26 11:55:49","Unwinder Material Tension","Connection_2"
46241497124.2708,2,0,64,36,,,,,,,,,"07-Aug-26 11:55:52","Wagon to start position","Connection_2"
46241497158.5417,2,1,64,37,,,,,,,,,"07-Aug-26 11:55:54","Wagon waiting for Feeder","Connection_2"
46241497158.5417,2,1,64,74,"10","6","952","6",,,,,"07-Aug-26 11:55:54","Deployment in Progress - Pallet Nr: 10 Pallet Type: 6 Layer Nr: 952 Matt Nr: 6","Connection_2"
46241497181.7824,2,0,64,37,,,,,,,,,"07-Aug-26 11:55:57","Wagon waiting for Feeder","Connection_2"
46241497181.7824,2,0,64,74,"10","6","952","6",,,,,"07-Aug-26 11:55:57","Deployment in Progress - Pallet Nr: 10 Pallet Type: 6 Layer Nr: 952 Matt Nr: 6","Connection_2"
46241497390.7407,2,1,64,149,,,,,,,,,"07-Aug-26 11:56:15","Cutting","Connection_2"
46241497425.5556,2,1,64,150,,,,,,,,,"07-Aug-26 11:56:18","Cutting completed","Connection_2"
46241497448.7731,2,0,64,149,,,,,,,,,"07-Aug-26 11:56:20","Cutting","Connection_2"
46241497448.7731,2,0,64,150,,,,,,,,,"07-Aug-26 11:56:20","Cutting completed","Connection_2"
46241497484.2014,2,1,64,37,,,,,,,,,"07-Aug-26 11:56:23","Wagon waiting for Feeder","Connection_2"
46241497484.2014,2,1,64,72,,,,,,,,,"07-Aug-26 11:56:23","Unwinder Material Tension","Connection_2"
46241497519.6412,2,1,64,36,,,,,,,,,"07-Aug-26 11:56:26","Wagon to start position","Connection_2"
46241497519.6412,2,0,64,37,,,,,,,,,"07-Aug-26 11:56:26","Wagon waiting for Feeder","Connection_2"
46241497519.6412,2,0,64,72,,,,,,,,,"07-Aug-26 11:56:26","Unwinder Material Tension","Connection_2"
46241497519.6412,2,1,64,112,,,,,,,,,"07-Aug-26 11:56:26","Lowering Pallet","Connection_2"
46241497519.6412,2,1,64,132,,,,,,,,,"07-Aug-26 11:56:26","Feeder material to start position","Connection_2"
46241497565.9375,2,0,64,36,,,,,,,,,"07-Aug-26 11:56:30","Wagon to start position","Connection_2"
46241497565.9375,2,0,64,112,,,,,,,,,"07-Aug-26 11:56:30","Lowering Pallet","Connection_2"
46241497565.9375,2,0,64,132,,,,,,,,,"07-Aug-26 11:56:30","Feeder material to start position","Connection_2"
46241497599.6643,2,1,64,37,,,,,,,,,"07-Aug-26 11:56:33","Wagon waiting for Feeder","Connection_2"
46241497611.2616,2,1,64,74,"10","6","953","5",,,,,"07-Aug-26 11:56:34","Deployment in Progress - Pallet Nr: 10 Pallet Type: 6 Layer Nr: 953 Matt Nr: 5","Connection_2"
46241497634.4792,2,0,64,37,,,,,,,,,"07-Aug-26 11:56:36","Wagon waiting for Feeder","Connection_2"
46241497634.4792,2,0,64,74,"10","6","953","5",,,,,"07-Aug-26 11:56:36","Deployment in Progress - Pallet Nr: 10 Pallet Type: 6 Layer Nr: 953 Matt Nr: 5","Connection_2"
46241500653.5069,2,1,64,149,,,,,,,,,"07-Aug-26 12:00:56","Cutting","Connection_2"
46241500688.3102,2,1,64,150,,,,,,,,,"07-Aug-26 12:00:59","Cutting completed","Connection_2"
46241500711.8634,2,0,64,149,,,,,,,,,"07-Aug-26 12:01:02","Cutting","Connection_2"
46241500711.8634,2,0,64,150,,,,,,,,,"07-Aug-26 12:01:02","Cutting completed","Connection_2"
46241500746.3657,2,1,64,37,,,,,,,,,"07-Aug-26 12:01:04","Wagon waiting for Feeder","Connection_2"
46241500746.3657,2,1,64,72,,,,,,,,,"07-Aug-26 12:01:04","Unwinder Material Tension","Connection_2"
46241500770.7523,2,1,64,36,,,,,,,,,"07-Aug-26 12:01:07","Wagon to start position","Connection_2"
46241500770.7523,2,1,64,132,,,,,,,,,"07-Aug-26 12:01:07","Feeder material to start position","Connection_2"
46241500793.9931,2,0,64,37,,,,,,,,,"07-Aug-26 12:01:09","Wagon waiting for Feeder","Connection_2"
46241500793.9931,2,0,64,72,,,,,,,,,"07-Aug-26 12:01:09","Unwinder Material Tension","Connection_2"
46241500816.5856,2,0,64,132,,,,,,,,,"07-Aug-26 12:01:11","Feeder material to start position","Connection_2"
46241500828.2523,2,0,64,36,,,,,,,,,"07-Aug-26 12:01:12","Wagon to start position","Connection_2"
46241500944.0972,2,1,64,37,,,,,,,,,"07-Aug-26 12:01:22","Wagon waiting for Feeder","Connection_2"
46241500955.382,2,1,64,74,"10","6","954","4",,,,,"07-Aug-26 12:01:23","Deployment in Progress - Pallet Nr: 10 Pallet Type: 6 Layer Nr: 954 Matt Nr: 4","Connection_2"
46241500978.6111,2,0,64,37,,,,,,,,,"07-Aug-26 12:01:25","Wagon waiting for Feeder","Connection_2"
46241501001.8519,2,0,64,74,"10","6","954","4",,,,,"07-Aug-26 12:01:27","Deployment in Progress - Pallet Nr: 10 Pallet Type: 6 Layer Nr: 954 Matt Nr: 4","Connection_2"
46241501241.7014,2,1,65,1154,,,,,,,,,"07-Aug-26 12:01:47","Unwinder 5 Run dry","Connection_1"
46241501257.3264,2,1,64,149,,,,,,,,,"07-Aug-26 12:01:49","Cutting","Connection_2"
46241501264.5949,2,1,65,1007,,,,,,,,,"07-Aug-26 12:01:49","Stop","Connection_1"
46241501823.1829,2,0,65,1006,,,,,,,,,"07-Aug-26 12:02:38","Start","Connection_1"
46241501872.6968,2,1,64,150,,,,,,,,,"07-Aug-26 12:02:42","Cutting completed","Connection_2"
46241501879.2361,2,0,65,1003,"954",,,,,,,,"07-Aug-26 12:02:42","Start Layer - Nr: 954","Connection_1"
46241501896.5046,2,0,64,149,,,,,,,,,"07-Aug-26 12:02:44","Cutting","Connection_2"
46241501896.5046,2,0,64,150,,,,,,,,,"07-Aug-26 12:02:44","Cutting completed","Connection_2"
46241501953.9699,2,1,64,37,,,,,,,,,"07-Aug-26 12:02:49","Wagon waiting for Feeder","Connection_2"
46241501953.9699,2,1,64,72,,,,,,,,,"07-Aug-26 12:02:49","Unwinder Material Tension","Connection_2"
46241501977.1875,2,0,64,37,,,,,,,,,"07-Aug-26 12:02:51","Wagon waiting for Feeder","Connection_2"
46241501977.1875,2,0,64,72,,,,,,,,,"07-Aug-26 12:02:51","Unwinder Material Tension","Connection_2"
46241501978.8195,2,0,65,1154,,,,,,,,,"07-Aug-26 12:02:51","Unwinder 5 Run dry","Connection_1"
46241502010.1505,2,1,65,1006,,,,,,,,,"07-Aug-26 12:02:54","Start","Connection_1"
46241502064.5023,2,1,65,1003,"955",,,,,,,,"07-Aug-26 12:02:58","Start Layer - Nr: 955","Connection_1"
46241502070.0347,2,1,64,112,,,,,,,,,"07-Aug-26 12:02:59","Lowering Pallet","Connection_2"
46241502093.2639,2,0,64,112,,,,,,,,,"07-Aug-26 12:03:01","Lowering Pallet","Connection_2"
46241502129.3403,2,1,64,36,,,,,,,,,"07-Aug-26 12:03:04","Wagon to start position","Connection_2"
46241502175.8218,2,0,64,36,,,,,,,,,"07-Aug-26 12:03:08","Wagon to start position","Connection_2"
46241502202.6505,2,1,65,1154,,,,,,,,,"07-Aug-26 12:03:10","Unwinder 5 Run dry","Connection_1"
46241502233.6111,2,0,65,1007,,,,,,,,,"07-Aug-26 12:03:13","Stop","Connection_1"
46241502989.9769,2,0,65,1006,,,,,,,,,"07-Aug-26 12:04:18","Start","Connection_1"
